batter,phase,runs,balls,fours,sixes,dot_balls,strike_rate,dot_ball_pct
A Ashish Reddy,Powerplay,5,6,1,0,4,83.33333333333334,66.66666666666666
A Ashish Reddy,Middle overs,61,41,2,5,16,148.78048780487805,39.02439024390244
A Ashish Reddy,Death overs,214,146,13,10,36,146.57534246575344,24.65753424657534
A Badoni,Powerplay,18,37,2,0,26,48.64864864864865,70.27027027027027
A Badoni,Middle overs,236,200,17,7,64,118.0,32.0
A Badoni,Death overs,380,235,27,17,54,161.70212765957444,22.97872340425532
A Chandila,Powerplay,0,0,0,0,0,0.0,0.0
A Chandila,Middle overs,0,0,0,0,0,0.0,0.0
A Chandila,Death overs,4,7,0,0,3,57.14285714285714,42.857142857142854
A Chopra,Powerplay,27,39,4,0,24,69.23076923076923,61.53846153846154
A Chopra,Middle overs,25,30,3,0,15,83.33333333333334,50.0
A Chopra,Death overs,1,2,0,0,1,50.0,50.0
A Choudhary,Powerplay,0,0,0,0,0,0.0,0.0
A Choudhary,Middle overs,0,0,0,0,0,0.0,0.0
A Choudhary,Death overs,25,20,1,1,4,125.0,20.0
A Dananjaya,Powerplay,0,0,0,0,0,0.0,0.0
A Dananjaya,Middle overs,0,0,0,0,0,0.0,0.0
A Dananjaya,Death overs,4,5,0,0,2,80.0,40.0
A Flintoff,Powerplay,14,13,1,1,7,107.6923076923077,53.84615384615385
A Flintoff,Middle overs,23,23,2,0,6,100.0,26.08695652173913
A Flintoff,Death overs,25,17,2,1,4,147.05882352941177,23.52941176470588
A Kamboj,Powerplay,0,0,0,0,0,0.0,0.0
A Kamboj,Middle overs,0,0,0,0,0,0.0,0.0
A Kamboj,Death overs,2,2,0,0,0,100.0,0.0
A Kumble,Powerplay,0,0,0,0,0,0.0,0.0
A Kumble,Middle overs,1,5,0,0,4,20.0,80.0
A Kumble,Death overs,34,42,3,0,16,80.95238095238095,38.095238095238095
A Manohar,Powerplay,12,18,2,0,12,66.66666666666666,66.66666666666666
A Manohar,Middle overs,114,93,12,3,32,122.58064516129032,34.40860215053764
A Manohar,Death overs,105,63,7,7,18,166.66666666666669,28.57142857142857
A Mishra,Powerplay,1,5,0,0,4,20.0,80.0
A Mishra,Middle overs,120,164,8,0,73,73.17073170731707,44.51219512195122
A Mishra,Death overs,260,248,23,5,91,104.83870967741935,36.693548387096776
A Mithun,Powerplay,0,0,0,0,0,0.0,0.0
A Mithun,Middle overs,15,12,2,0,2,125.0,16.666666666666664
A Mithun,Death overs,19,14,2,1,7,135.71428571428572,50.0
A Mukund,Powerplay,14,15,1,0,5,93.33333333333333,33.33333333333333
A Mukund,Middle overs,5,6,0,0,2,83.33333333333334,33.33333333333333
A Mukund,Death overs,0,1,0,0,1,0.0,100.0
A Nehra,Powerplay,0,0,0,0,0,0.0,0.0
A Nehra,Middle overs,0,0,0,0,0,0.0,0.0
A Nehra,Death overs,41,60,3,1,31,68.33333333333333,51.66666666666667
A Nortje,Powerplay,0,0,0,0,0,0.0,0.0
A Nortje,Middle overs,0,0,0,0,0,0.0,0.0
A Nortje,Death overs,49,49,6,0,22,100.0,44.89795918367347
A Raghuvanshi,Powerplay,78,49,9,4,19,159.18367346938774,38.775510204081634
A Raghuvanshi,Middle overs,85,55,7,4,11,154.54545454545453,20.0
A Raghuvanshi,Death overs,0,1,0,0,1,0.0,100.0
A Singh,Powerplay,0,0,0,0,0,0.0,0.0
A Singh,Middle overs,0,2,0,0,2,0.0,100.0
A Singh,Death overs,2,7,0,0,5,28.57142857142857,71.42857142857143
A Symonds,Powerplay,72,82,12,0,50,87.8048780487805,60.97560975609756
A Symonds,Middle overs,609,481,45,24,169,126.61122661122661,35.13513513513514
A Symonds,Death overs,293,182,17,17,43,160.989010989011,23.626373626373624
A Tomar,Powerplay,4,8,1,0,7,50.0,87.5
A Tomar,Middle overs,0,0,0,0,0,0.0,0.0
A Tomar,Death overs,0,0,0,0,0,0.0,0.0
A Uniyal,Powerplay,0,0,0,0,0,0.0,0.0
A Uniyal,Middle overs,0,0,0,0,0,0.0,0.0
A Uniyal,Death overs,4,7,0,0,3,57.14285714285714,42.857142857142854
A Zampa,Powerplay,0,0,0,0,0,0.0,0.0
A Zampa,Middle overs,9,14,1,0,8,64.28571428571429,57.14285714285714
A Zampa,Death overs,6,10,0,0,4,60.0,40.0
AA Bilakhia,Powerplay,23,31,2,0,18,74.19354838709677,58.06451612903226
AA Bilakhia,Middle overs,10,20,0,0,10,50.0,50.0
AA Bilakhia,Death overs,36,33,3,0,8,109.09090909090908,24.242424242424242
AA Chavan,Powerplay,0,0,0,0,0,0.0,0.0
AA Chavan,Middle overs,1,3,0,0,2,33.33333333333333,66.66666666666666
AA Chavan,Death overs,11,8,2,0,3,137.5,37.5
AA Jhunjhunwala,Powerplay,24,34,2,1,20,70.58823529411765,58.82352941176471
AA Jhunjhunwala,Middle overs,124,125,9,2,50,99.2,40.0
AA Jhunjhunwala,Death overs,69,50,8,2,16,138.0,32.0
AA Kulkarni,Powerplay,9,8,2,0,5,112.5,62.5
AA Kulkarni,Middle overs,0,0,0,0,0,0.0,0.0
AA Kulkarni,Death overs,0,0,0,0,0,0.0,0.0
AA Noffke,Powerplay,0,0,0,0,0,0.0,0.0
AA Noffke,Middle overs,9,10,1,0,4,90.0,40.0
AA Noffke,Death overs,0,0,0,0,0,0.0,0.0
AB Agarkar,Powerplay,20,13,1,2,7,153.84615384615387,53.84615384615385
AB Agarkar,Middle overs,34,47,3,0,23,72.3404255319149,48.93617021276596
AB Agarkar,Death overs,125,91,9,3,19,137.36263736263737,20.87912087912088
AB Barath,Powerplay,18,14,2,1,6,128.57142857142858,42.857142857142854
AB Barath,Middle overs,22,23,3,0,11,95.65217391304348,47.82608695652174
AB Barath,Death overs,2,5,0,0,3,40.0,60.0
AB Dinda,Powerplay,0,0,0,0,0,0.0,0.0
AB Dinda,Middle overs,6,8,1,0,5,75.0,62.5
AB Dinda,Death overs,20,40,1,0,22,50.0,55.00000000000001
AB McDonald,Powerplay,30,19,4,2,10,157.89473684210526,52.63157894736842
AB McDonald,Middle overs,13,16,0,0,4,81.25,25.0
AB McDonald,Death overs,80,65,5,2,17,123.07692307692308,26.153846153846157
AB de Villiers,Powerplay,741,614,100,20,296,120.6840390879479,48.20846905537459
AB de Villiers,Middle overs,2572,1957,179,93,536,131.4256515074093,27.388860500766484
AB de Villiers,Death overs,1868,829,135,140,151,225.33172496984318,18.21471652593486
AC Blizzard,Powerplay,99,76,20,0,38,130.26315789473685,50.0
AC Blizzard,Middle overs,21,14,1,2,7,150.0,50.0
AC Blizzard,Death overs,0,0,0,0,0,0.0,0.0
AC Gilchrist,Powerplay,1385,1026,191,49,481,134.99025341130604,46.88109161793372
AC Gilchrist,Middle overs,621,425,43,38,143,146.11764705882354,33.64705882352941
AC Gilchrist,Death overs,63,32,5,5,4,196.875,12.5
AC Thomas,Powerplay,0,0,0,0,0,0.0,0.0
AC Thomas,Middle overs,0,0,0,0,0,0.0,0.0
AC Thomas,Death overs,20,19,1,1,8,105.26315789473684,42.10526315789473
AC Voges,Powerplay,7,9,1,0,5,77.77777777777779,55.55555555555556
AC Voges,Middle overs,89,78,8,0,25,114.1025641025641,32.05128205128205
AC Voges,Death overs,85,56,6,3,8,151.78571428571428,14.285714285714285
AD Hales,Powerplay,114,80,11,6,34,142.5,42.5
AD Hales,Middle overs,34,37,2,0,12,91.8918918918919,32.432432432432435
AD Hales,Death overs,0,0,0,0,0,0.0,0.0
AD Mascarenhas,Powerplay,4,2,1,0,1,200.0,50.0
AD Mascarenhas,Middle overs,26,36,2,0,16,72.22222222222221,44.44444444444444
AD Mascarenhas,Death overs,49,40,2,1,10,122.50000000000001,25.0
AD Mathews,Powerplay,10,17,0,1,13,58.82352941176471,76.47058823529412
AD Mathews,Middle overs,289,282,14,9,94,102.4822695035461,33.33333333333333
AD Mathews,Death overs,425,274,30,19,69,155.1094890510949,25.18248175182482
AD Nath,Powerplay,11,11,0,1,5,100.0,45.45454545454545
AD Nath,Middle overs,57,62,4,1,26,91.93548387096774,41.935483870967744
AD Nath,Death overs,22,25,3,0,13,88.0,52.0
AD Russell,Powerplay,41,17,5,3,6,241.17647058823528,35.294117647058826
AD Russell,Middle overs,1123,715,77,88,292,157.06293706293707,40.83916083916084
AD Russell,Death overs,1324,675,89,118,233,196.14814814814815,34.51851851851852
AF Milne,Powerplay,0,0,0,0,0,0.0,0.0
AF Milne,Middle overs,6,9,0,0,4,66.66666666666666,44.44444444444444
AF Milne,Death overs,17,20,0,1,9,85.0,45.0
AG Murtaza,Powerplay,0,0,0,0,0,0.0,0.0
AG Murtaza,Middle overs,0,0,0,0,0,0.0,0.0
AG Murtaza,Death overs,10,14,1,0,7,71.42857142857143,50.0
AG Paunikar,Powerplay,49,55,9,0,35,89.0909090909091,63.63636363636363
AG Paunikar,Middle overs,0,0,0,0,0,0.0,0.0
AG Paunikar,Death overs,0,0,0,0,0,0.0,0.0
AJ Finch,Powerplay,911,790,120,25,373,115.31645569620252,47.21518987341772
AJ Finch,Middle overs,899,658,72,39,203,136.6261398176292,30.851063829787233
AJ Finch,Death overs,282,178,22,14,52,158.42696629213484,29.213483146067414
AJ Hosein,Powerplay,0,0,0,0,0,0.0,0.0
AJ Hosein,Middle overs,0,0,0,0,0,0.0,0.0
AJ Hosein,Death overs,16,10,1,1,3,160.0,30.0
AJ Turner,Powerplay,0,0,0,0,0,0.0,0.0
AJ Turner,Middle overs,17,10,0,2,2,170.0,20.0
AJ Turner,Death overs,7,18,0,0,11,38.88888888888889,61.111111111111114
AJ Tye,Powerplay,0,0,0,0,0,0.0,0.0
AJ Tye,Middle overs,21,16,1,2,9,131.25,56.25
AJ Tye,Death overs,70,59,5,3,21,118.64406779661016,35.59322033898305
AK Markram,Powerplay,100,111,13,1,60,90.09009009009009,54.054054054054056
AK Markram,Middle overs,671,531,43,21,135,126.36534839924671,25.423728813559322
AK Markram,Death overs,224,122,17,13,21,183.60655737704917,17.21311475409836
AL Menaria,Powerplay,8,8,0,1,5,100.0,62.5
AL Menaria,Middle overs,296,268,15,14,103,110.44776119402985,38.43283582089552
AL Menaria,Death overs,97,78,9,3,30,124.35897435897436,38.46153846153847
AM Nayar,Powerplay,65,71,8,1,40,91.54929577464789,56.33802816901409
AM Nayar,Middle overs,297,307,17,7,112,96.74267100977198,36.48208469055375
AM Nayar,Death overs,310,195,30,12,49,158.97435897435898,25.128205128205128
AM Rahane,Powerplay,2319,1956,302,49,864,118.55828220858895,44.171779141104295
AM Rahane,Middle overs,1814,1480,132,35,368,122.56756756756756,24.864864864864867
AM Rahane,Death overs,509,321,45,19,73,158.5669781931464,22.741433021806852
AN Ahmed,Powerplay,0,0,0,0,0,0.0,0.0
AN Ahmed,Middle overs,0,0,0,0,0,0.0,0.0
AN Ahmed,Death overs,36,26,4,1,9,138.46153846153845,34.61538461538461
AN Ghosh,Powerplay,7,7,1,0,4,100.0,57.14285714285714
AN Ghosh,Middle overs,0,1,0,0,1,0.0,100.0
AN Ghosh,Death overs,0,0,0,0,0,0.0,0.0
AP Dole,Powerplay,0,0,0,0,0,0.0,0.0
AP Dole,Middle overs,1,2,0,0,1,50.0,50.0
AP Dole,Death overs,33,20,3,1,5,165.0,25.0
AP Majumdar,Powerplay,21,15,4,0,6,140.0,40.0
AP Majumdar,Middle overs,64,58,3,2,18,110.34482758620689,31.03448275862069
AP Majumdar,Death overs,2,3,0,0,1,66.66666666666666,33.33333333333333
AP Tare,Powerplay,226,201,27,7,100,112.43781094527363,49.75124378109453
AP Tare,Middle overs,73,45,8,3,15,162.22222222222223,33.33333333333333
AP Tare,Death overs,40,26,5,1,9,153.84615384615387,34.61538461538461
AR Bawne,Powerplay,0,0,0,0,0,0.0,0.0
AR Bawne,Middle overs,0,0,0,0,0,0.0,0.0
AR Bawne,Death overs,12,12,1,0,4,100.0,33.33333333333333
AR Patel,Powerplay,32,36,4,0,18,88.88888888888889,50.0
AR Patel,Middle overs,721,631,51,30,237,114.26307448494453,37.5594294770206
AR Patel,Death overs,900,592,52,49,140,152.02702702702703,23.64864864864865
AS Joseph,Powerplay,0,0,0,0,0,0.0,0.0
AS Joseph,Middle overs,3,3,0,0,0,100.0,0.0
AS Joseph,Death overs,24,29,3,0,15,82.75862068965517,51.724137931034484
AS Rajpoot,Powerplay,0,0,0,0,0,0.0,0.0
AS Rajpoot,Middle overs,1,5,0,0,4,20.0,80.0
AS Rajpoot,Death overs,25,36,2,1,22,69.44444444444444,61.111111111111114
AS Raut,Powerplay,7,6,1,0,3,116.66666666666667,50.0
AS Raut,Middle overs,67,58,6,1,22,115.51724137931035,37.93103448275862
AS Raut,Death overs,120,103,6,6,37,116.50485436893203,35.92233009708738
AS Roy,Powerplay,4,5,1,0,4,80.0,80.0
AS Roy,Middle overs,0,3,0,0,3,0.0,100.0
AS Roy,Death overs,22,16,2,0,2,137.5,12.5
AS Yadav,Powerplay,0,0,0,0,0,0.0,0.0
AS Yadav,Middle overs,10,10,0,1,4,100.0,40.0
AS Yadav,Death overs,39,29,5,1,11,134.48275862068965,37.93103448275862
AT Carey,Powerplay,0,0,0,0,0,0.0,0.0
AT Carey,Middle overs,0,0,0,0,0,0.0,0.0
AT Carey,Death overs,32,29,0,1,6,110.34482758620689,20.689655172413794
AT Rayudu,Powerplay,777,728,93,24,369,106.73076923076923,50.68681318681318
AT Rayudu,Middle overs,2392,1971,177,83,613,121.35971588026382,31.100963977676304
AT Rayudu,Death overs,1179,692,89,66,160,170.3757225433526,23.121387283236995
AU Rashid,Powerplay,0,0,0,0,0,0.0,0.0
AU Rashid,Middle overs,18,12,1,1,5,150.0,41.66666666666667
AU Rashid,Death overs,4,3,1,0,2,133.33333333333331,66.66666666666666
AUK Pathan,Powerplay,14,5,2,1,2,280.0,40.0
AUK Pathan,Middle overs,11,8,0,1,4,137.5,50.0
AUK Pathan,Death overs,14,10,3,0,5,140.0,50.0
Abdul Basith,Powerplay,0,0,0,0,0,0.0,0.0
Abdul Basith,Middle overs,0,0,0,0,0,0.0,0.0
Abdul Basith,Death overs,1,1,0,0,0,100.0,0.0
Abdul Samad,Powerplay,2,2,0,0,1,100.0,50.0
Abdul Samad,Middle overs,185,159,13,8,58,116.35220125786164,36.477987421383645
Abdul Samad,Death overs,392,233,24,28,72,168.24034334763948,30.90128755364807
Abdur Razzak,Powerplay,0,0,0,0,0,0.0,0.0
Abdur Razzak,Middle overs,0,0,0,0,0,0.0,0.0
Abdur Razzak,Death overs,0,2,0,0,2,0.0,100.0
Abhishek Sharma,Powerplay,758,478,90,35,192,158.5774058577406,40.1673640167364
Abhishek Sharma,Middle overs,459,302,28,28,88,151.98675496688742,29.13907284768212
Abhishek Sharma,Death overs,160,103,10,10,25,155.3398058252427,24.271844660194176
Abishek Porel,Powerplay,141,90,17,7,40,156.66666666666666,44.44444444444444
Abishek Porel,Middle overs,168,115,14,6,32,146.08695652173913,27.82608695652174
Abishek Porel,Death overs,51,30,6,2,9,170.0,30.0
Akash Deep,Powerplay,0,0,0,0,0,0.0,0.0
Akash Deep,Middle overs,5,2,1,0,0,250.0,0.0
Akash Deep,Death overs,14,10,1,1,4,140.0,40.0
Akash Madhwal,Powerplay,0,0,0,0,0,0.0,0.0
Akash Madhwal,Middle overs,0,0,0,0,0,0.0,0.0
Akash Madhwal,Death overs,4,5,0,0,1,80.0,20.0
Aman Hakim Khan,Powerplay,4,5,1,0,4,80.0,80.0
Aman Hakim Khan,Middle overs,52,58,2,3,28,89.65517241379311,48.275862068965516
Aman Hakim Khan,Death overs,59,41,5,3,16,143.90243902439025,39.02439024390244
Anirudh Singh,Powerplay,18,20,3,0,12,90.0,60.0
Anirudh Singh,Middle overs,32,32,2,1,12,100.0,37.5
Anirudh Singh,Death overs,13,14,1,0,7,92.85714285714286,50.0
Ankit Sharma,Powerplay,27,23,4,1,14,117.3913043478261,60.86956521739131
Ankit Sharma,Middle overs,12,10,1,0,3,120.0,30.0
Ankit Sharma,Death overs,48,34,2,3,10,141.1764705882353,29.411764705882355
Ankit Soni,Powerplay,0,0,0,0,0,0.0,0.0
Ankit Soni,Middle overs,0,0,0,0,0,0.0,0.0
Ankit Soni,Death overs,7,9,0,1,5,77.77777777777779,55.55555555555556
Anmolpreet Singh,Powerplay,116,91,17,3,44,127.47252747252746,48.35164835164835
Anmolpreet Singh,Middle overs,23,24,2,0,9,95.83333333333334,37.5
Anmolpreet Singh,Death overs,0,0,0,0,0,0.0,0.0
Anuj Rawat,Powerplay,83,88,9,3,49,94.31818181818183,55.68181818181818
Anuj Rawat,Middle overs,93,98,6,2,37,94.89795918367348,37.755102040816325
Anuj Rawat,Death overs,142,81,11,9,19,175.30864197530863,23.456790123456788
Anureet Singh,Powerplay,0,0,0,0,0,0.0,0.0
Anureet Singh,Middle overs,4,9,0,0,5,44.44444444444444,55.55555555555556
Anureet Singh,Death overs,32,38,2,1,13,84.21052631578947,34.21052631578947
Arjun Tendulkar,Powerplay,0,0,0,0,0,0.0,0.0
Arjun Tendulkar,Middle overs,0,0,0,0,0,0.0,0.0
Arjun Tendulkar,Death overs,13,9,0,1,2,144.44444444444443,22.22222222222222
Arshad Khan,Powerplay,0,0,0,0,0,0.0,0.0
Arshad Khan,Middle overs,32,25,2,2,11,128.0,44.0
Arshad Khan,Death overs,64,40,3,4,9,160.0,22.5
Arshad Khan (2),Powerplay,0,0,0,0,0,0.0,0.0
Arshad Khan (2),Middle overs,0,0,0,0,0,0.0,0.0
Arshad Khan (2),Death overs,5,4,1,0,2,125.0,50.0
Arshdeep Singh,Powerplay,0,0,0,0,0,0.0,0.0
Arshdeep Singh,Middle overs,4,3,1,0,2,133.33333333333331,66.66666666666666
Arshdeep Singh,Death overs,25,37,3,0,24,67.56756756756756,64.86486486486487
Ashutosh Sharma,Powerplay,0,0,0,0,0,0.0,0.0
Ashutosh Sharma,Middle overs,61,43,2,6,18,141.86046511627907,41.86046511627907
Ashutosh Sharma,Death overs,128,67,8,9,13,191.04477611940297,19.402985074626866
Atharva Taide,Powerplay,144,94,17,6,36,153.19148936170214,38.297872340425535
Atharva Taide,Middle overs,103,74,10,2,18,139.1891891891892,24.324324324324326
Atharva Taide,Death overs,0,0,0,0,0,0.0,0.0
Avesh Khan,Powerplay,0,0,0,0,0,0.0,0.0
Avesh Khan,Middle overs,12,4,0,2,2,300.0,50.0
Avesh Khan,Death overs,29,21,3,1,7,138.0952380952381,33.33333333333333
Azhar Mahmood,Powerplay,22,24,3,1,14,91.66666666666666,58.333333333333336
Azhar Mahmood,Middle overs,243,188,23,7,54,129.25531914893617,28.723404255319153
Azhar Mahmood,Death overs,123,91,13,5,39,135.16483516483518,42.857142857142854
Azmatullah Omarzai,Powerplay,0,0,0,0,0,0.0,0.0
Azmatullah Omarzai,Middle overs,36,29,1,2,8,124.13793103448276,27.586206896551722
Azmatullah Omarzai,Death overs,6,4,1,0,2,150.0,50.0
B Akhil,Powerplay,0,0,0,0,0,0.0,0.0
B Akhil,Middle overs,27,21,2,1,9,128.57142857142858,42.857142857142854
B Akhil,Death overs,49,34,3,4,13,144.11764705882354,38.23529411764706
B Chipli,Powerplay,55,75,7,1,47,73.33333333333333,62.66666666666667
B Chipli,Middle overs,125,119,10,3,44,105.0420168067227,36.97478991596639
B Chipli,Death overs,100,56,11,3,10,178.57142857142858,17.857142857142858
B Indrajith,Powerplay,19,27,2,0,16,70.37037037037037,59.25925925925925
B Indrajith,Middle overs,2,3,0,0,1,66.66666666666666,33.33333333333333
B Indrajith,Death overs,0,0,0,0,0,0.0,0.0
B Kumar,Powerplay,0,0,0,0,0,0.0,0.0
B Kumar,Middle overs,26,35,3,0,19,74.28571428571429,54.285714285714285
B Kumar,Death overs,280,290,27,3,118,96.55172413793103,40.689655172413794
B Laughlin,Powerplay,0,0,0,0,0,0.0,0.0
B Laughlin,Middle overs,3,7,0,0,4,42.857142857142854,57.14285714285714
B Laughlin,Death overs,2,6,0,0,4,33.33333333333333,66.66666666666666
B Lee,Powerplay,0,0,0,0,0,0.0,0.0
B Lee,Middle overs,12,10,0,1,3,120.0,30.0
B Lee,Death overs,112,86,8,7,35,130.2325581395349,40.69767441860465
B Sai Sudharsan,Powerplay,272,231,32,5,97,117.74891774891776,41.99134199134199
B Sai Sudharsan,Middle overs,591,421,48,17,95,140.38004750593825,22.565320665083135
B Sai Sudharsan,Death overs,171,83,15,10,15,206.02409638554215,18.072289156626507
B Stanlake,Powerplay,0,0,0,0,0,0.0,0.0
B Stanlake,Middle overs,0,0,0,0,0,0.0,0.0
B Stanlake,Death overs,5,2,1,0,0,250.0,0.0
B Sumanth,Powerplay,0,0,0,0,0,0.0,0.0
B Sumanth,Middle overs,9,11,1,0,6,81.81818181818183,54.54545454545454
B Sumanth,Death overs,26,26,2,0,8,100.0,30.76923076923077
BA Bhatt,Powerplay,0,0,0,0,0,0.0,0.0
BA Bhatt,Middle overs,0,0,0,0,0,0.0,0.0
BA Bhatt,Death overs,6,7,0,1,6,85.71428571428571,85.71428571428571
BA Stokes,Powerplay,240,181,31,7,83,132.5966850828729,45.85635359116022
BA Stokes,Middle overs,488,389,34,15,110,125.44987146529563,28.277634961439592
BA Stokes,Death overs,207,125,16,10,29,165.6,23.200000000000003
BAW Mendis,Powerplay,0,0,0,0,0,0.0,0.0
BAW Mendis,Middle overs,0,0,0,0,0,0.0,0.0
BAW Mendis,Death overs,3,6,0,0,3,50.0,50.0
BB McCullum,Powerplay,1557,1217,184,70,590,127.93755135579295,48.47986852917009
BB McCullum,Middle overs,1144,864,95,50,279,132.40740740740742,32.29166666666667
BB McCullum,Death overs,181,95,14,10,17,190.52631578947367,17.894736842105264
BB Samantray,Powerplay,15,21,2,0,13,71.42857142857143,61.904761904761905
BB Samantray,Middle overs,68,62,5,2,22,109.6774193548387,35.483870967741936
BB Samantray,Death overs,42,30,6,0,7,140.0,23.333333333333332
BB Sran,Powerplay,0,0,0,0,0,0.0,0.0
BB Sran,Middle overs,0,0,0,0,0,0.0,0.0
BB Sran,Death overs,10,13,0,0,4,76.92307692307693,30.76923076923077
BCJ Cutting,Powerplay,0,0,0,0,0,0.0,0.0
BCJ Cutting,Middle overs,22,20,3,0,8,110.00000000000001,40.0
BCJ Cutting,Death overs,216,121,12,19,41,178.51239669421489,33.88429752066116
BE Hendricks,Powerplay,0,0,0,0,0,0.0,0.0
BE Hendricks,Middle overs,0,0,0,0,0,0.0,0.0
BE Hendricks,Death overs,1,3,0,0,2,33.33333333333333,66.66666666666666
BJ Haddin,Powerplay,18,11,2,1,5,163.63636363636365,45.45454545454545
BJ Haddin,Middle overs,0,0,0,0,0,0.0,0.0
BJ Haddin,Death overs,0,0,0,0,0,0.0,0.0
BJ Hodge,Powerplay,148,162,18,4,93,91.35802469135803,57.407407407407405
BJ Hodge,Middle overs,646,582,52,15,210,110.99656357388317,36.08247422680412
BJ Hodge,Death overs,606,368,52,24,83,164.67391304347828,22.554347826086957
BJ Rohrer,Powerplay,0,1,0,0,1,0.0,100.0
BJ Rohrer,Middle overs,114,105,14,0,42,108.57142857142857,40.0
BJ Rohrer,Death overs,79,35,7,5,5,225.71428571428572,14.285714285714285
BMAJ Mendis,Powerplay,1,2,0,0,1,50.0,50.0
BMAJ Mendis,Middle overs,22,25,0,0,7,88.0,28.000000000000004
BMAJ Mendis,Death overs,0,0,0,0,0,0.0,0.0
BR Dunk,Powerplay,40,35,7,0,17,114.28571428571428,48.57142857142857
BR Dunk,Middle overs,0,0,0,0,0,0.0,0.0
BR Dunk,Death overs,0,0,0,0,0,0.0,0.0
BR Sharath,Powerplay,0,0,0,0,0,0.0,0.0
BR Sharath,Middle overs,2,5,0,0,3,40.0,60.0
BR Sharath,Death overs,0,0,0,0,0,0.0,0.0
Basil Thampi,Powerplay,0,0,0,0,0,0.0,0.0
Basil Thampi,Middle overs,3,5,0,0,2,60.0,40.0
Basil Thampi,Death overs,29,30,1,1,10,96.66666666666667,33.33333333333333
Bipul Sharma,Powerplay,0,0,0,0,0,0.0,0.0
Bipul Sharma,Middle overs,15,14,1,0,4,107.14285714285714,28.57142857142857
Bipul Sharma,Death overs,172,109,10,9,27,157.7981651376147,24.770642201834864
C Green,Powerplay,196,119,28,6,42,164.70588235294116,35.294117647058826
C Green,Middle overs,307,236,16,16,72,130.08474576271186,30.508474576271187
C Green,Death overs,204,102,18,10,13,200.0,12.745098039215685
C Madan,Powerplay,15,18,3,0,12,83.33333333333334,66.66666666666666
C Madan,Middle overs,0,0,0,0,0,0.0,0.0
C Madan,Death overs,0,0,0,0,0,0.0,0.0
C Munro,Powerplay,131,91,16,6,39,143.95604395604394,42.857142857142854
C Munro,Middle overs,42,45,3,2,22,93.33333333333333,48.888888888888886
C Munro,Death overs,4,5,0,0,2,80.0,40.0
C Nanda,Powerplay,0,0,0,0,0,0.0,0.0
C Nanda,Middle overs,0,0,0,0,0,0.0,0.0
C Nanda,Death overs,0,1,0,0,1,0.0,100.0
C Sakariya,Powerplay,0,0,0,0,0,0.0,0.0
C Sakariya,Middle overs,1,4,0,0,3,25.0,75.0
C Sakariya,Death overs,19,26,3,0,16,73.07692307692307,61.53846153846154
C de Grandhomme,Powerplay,1,2,0,0,1,50.0,50.0
C de Grandhomme,Middle overs,142,110,12,7,41,129.0909090909091,37.27272727272727
C de Grandhomme,Death overs,160,112,6,11,35,142.85714285714286,31.25
CA Ingram,Powerplay,14,18,2,0,8,77.77777777777779,44.44444444444444
CA Ingram,Middle overs,128,119,13,3,51,107.56302521008404,42.857142857142854
CA Ingram,Death overs,63,42,7,2,13,150.0,30.952380952380953
CA Lynn,Powerplay,779,537,99,37,251,145.06517690875233,46.74115456238361
CA Lynn,Middle overs,514,370,30,29,114,138.91891891891893,30.810810810810814
CA Lynn,Death overs,36,34,3,0,11,105.88235294117648,32.35294117647059
CA Pujara,Powerplay,215,228,35,1,128,94.2982456140351,56.14035087719298
CA Pujara,Middle overs,128,121,12,1,34,105.78512396694215,28.09917355371901
CA Pujara,Death overs,47,41,3,2,16,114.6341463414634,39.02439024390244
CH Gayle,Powerplay,2405,1766,267,145,904,136.18346545866365,51.18912797281994
CH Gayle,Middle overs,2011,1285,102,164,414,156.49805447470817,32.217898832684824
CH Gayle,Death overs,581,280,39,50,69,207.50000000000003,24.642857142857146
CH Morris,Powerplay,17,7,2,1,1,242.85714285714283,14.285714285714285
CH Morris,Middle overs,102,93,8,5,41,109.6774193548387,44.086021505376344
CH Morris,Death overs,499,297,31,29,73,168.013468013468,24.579124579124578
CJ Anderson,Powerplay,52,61,7,2,39,85.24590163934425,63.934426229508205
CJ Anderson,Middle overs,311,256,25,14,107,121.484375,41.796875
CJ Anderson,Death overs,175,104,8,15,34,168.26923076923077,32.69230769230769
CJ Ferguson,Powerplay,17,24,2,0,14,70.83333333333334,58.333333333333336
CJ Ferguson,Middle overs,58,70,4,0,31,82.85714285714286,44.285714285714285
CJ Ferguson,Death overs,23,23,3,0,10,100.0,43.47826086956522
CJ Jordan,Powerplay,0,0,0,0,0,0.0,0.0
CJ Jordan,Middle overs,1,6,0,0,5,16.666666666666664,83.33333333333334
CJ Jordan,Death overs,80,71,3,3,26,112.67605633802818,36.61971830985916
CJ McKay,Powerplay,0,0,0,0,0,0.0,0.0
CJ McKay,Middle overs,8,15,0,0,8,53.333333333333336,53.333333333333336
CJ McKay,Death overs,0,0,0,0,0,0.0,0.0
CK Kapugedera,Powerplay,0,0,0,0,0,0.0,0.0
CK Kapugedera,Middle overs,1,3,0,0,2,33.33333333333333,66.66666666666666
CK Kapugedera,Death overs,15,19,0,0,5,78.94736842105263,26.31578947368421
CK Langeveldt,Powerplay,0,0,0,0,0,0.0,0.0
CK Langeveldt,Middle overs,1,4,0,0,3,25.0,75.0
CK Langeveldt,Death overs,7,5,0,1,3,140.0,60.0
CL White,Powerplay,107,116,12,2,59,92.24137931034483,50.86206896551724
CL White,Middle overs,501,449,44,11,162,111.58129175946547,36.080178173719375
CL White,Death overs,363,192,20,25,31,189.0625,16.145833333333336
CM Gautam,Powerplay,68,61,6,4,33,111.47540983606557,54.09836065573771
CM Gautam,Middle overs,46,44,2,2,18,104.54545454545455,40.909090909090914
CM Gautam,Death overs,55,44,9,0,15,125.0,34.090909090909086
CR Brathwaite,Powerplay,0,0,0,0,0,0.0,0.0
CR Brathwaite,Middle overs,24,32,2,1,19,75.0,59.375
CR Brathwaite,Death overs,157,78,8,15,22,201.28205128205127,28.205128205128204
CR Woakes,Powerplay,0,0,0,0,0,0.0,0.0
CR Woakes,Middle overs,15,21,2,0,12,71.42857142857143,57.14285714285714
CR Woakes,Death overs,63,56,5,2,21,112.5,37.5
CRD Fernando,Powerplay,0,0,0,0,0,0.0,0.0
CRD Fernando,Middle overs,0,0,0,0,0,0.0,0.0
CRD Fernando,Death overs,4,3,0,0,0,133.33333333333331,0.0
CV Varun,Powerplay,0,0,0,0,0,0.0,0.0
CV Varun,Middle overs,0,3,0,0,3,0.0,100.0
CV Varun,Death overs,25,43,2,0,24,58.139534883720934,55.81395348837209
D Brevis,Powerplay,81,66,11,3,35,122.72727272727273,53.03030303030303
D Brevis,Middle overs,149,105,6,13,43,141.9047619047619,40.95238095238095
D Brevis,Death overs,0,1,0,0,1,0.0,100.0
D Ferreira,Powerplay,0,0,0,0,0,0.0,0.0
D Ferreira,Middle overs,1,3,0,0,2,33.33333333333333,66.66666666666666
D Ferreira,Death overs,7,8,0,0,3,87.5,37.5
D Kalyankrishna,Powerplay,0,0,0,0,0,0.0,0.0
D Kalyankrishna,Middle overs,0,0,0,0,0,0.0,0.0
D Kalyankrishna,Death overs,3,8,0,0,4,37.5,50.0
D Padikkal,Powerplay,761,618,103,17,279,123.13915857605178,45.14563106796117
D Padikkal,Middle overs,684,562,50,24,178,121.70818505338079,31.672597864768683
D Padikkal,Death overs,114,82,17,1,26,139.02439024390242,31.70731707317073
D Pretorius,Powerplay,0,0,0,0,0,0.0,0.0
D Pretorius,Middle overs,0,0,0,0,0,0.0,0.0
D Pretorius,Death overs,44,28,3,3,10,157.14285714285714,35.714285714285715
D Salunkhe,Powerplay,0,0,0,0,0,0.0,0.0
D Salunkhe,Middle overs,8,7,1,0,2,114.28571428571428,28.57142857142857
D Salunkhe,Death overs,25,17,4,0,6,147.05882352941177,35.294117647058826
D Wiese,Powerplay,0,0,0,0,0,0.0,0.0
D Wiese,Middle overs,23,23,1,0,6,100.0,26.08695652173913
D Wiese,Death overs,125,77,11,7,22,162.33766233766232,28.57142857142857
D du Preez,Powerplay,0,0,0,0,0,0.0,0.0
D du Preez,Middle overs,3,4,0,0,2,75.0,50.0
D du Preez,Death overs,7,9,0,0,3,77.77777777777779,33.33333333333333
DA Miller,Powerplay,98,110,10,3,59,89.0909090909091,53.63636363636364
DA Miller,Middle overs,1528,1251,109,51,378,122.14228617106315,30.215827338129497
DA Miller,Death overs,1298,733,88,80,164,177.0804911323329,22.373806275579806
DA Warner,Powerplay,3318,2390,432,105,1031,138.82845188284517,43.13807531380753
DA Warner,Middle overs,2621,1940,176,100,516,135.10309278350516,26.5979381443299
DA Warner,Death overs,628,352,55,31,81,178.4090909090909,23.011363636363637
DAJ Bracewell,Powerplay,0,0,0,0,0,0.0,0.0
DAJ Bracewell,Middle overs,0,0,0,0,0,0.0,0.0
DAJ Bracewell,Death overs,12,9,1,0,1,133.33333333333331,11.11111111111111
DB Das,Powerplay,58,53,6,3,31,109.43396226415094,58.490566037735846
DB Das,Middle overs,129,111,5,11,49,116.21621621621621,44.14414414414414
DB Das,Death overs,117,96,12,2,27,121.875,28.125
DB Ravi Teja,Powerplay,53,58,7,0,28,91.37931034482759,48.275862068965516
DB Ravi Teja,Middle overs,153,137,13,3,45,111.67883211678833,32.846715328467155
DB Ravi Teja,Death overs,169,120,15,6,32,140.83333333333334,26.666666666666668
DE Bollinger,Powerplay,0,0,0,0,0,0.0,0.0
DE Bollinger,Middle overs,0,0,0,0,0,0.0,0.0
DE Bollinger,Death overs,21,22,1,1,9,95.45454545454545,40.909090909090914
DG Nalkande,Powerplay,0,0,0,0,0,0.0,0.0
DG Nalkande,Middle overs,12,11,0,1,4,109.09090909090908,36.36363636363637
DG Nalkande,Death overs,0,1,0,0,1,0.0,100.0
DH Yagnik,Powerplay,0,0,0,0,0,0.0,0.0
DH Yagnik,Middle overs,74,60,11,1,27,123.33333333333334,45.0
DH Yagnik,Death overs,96,73,12,1,21,131.50684931506848,28.767123287671232
DJ Bravo,Powerplay,123,110,15,5,59,111.81818181818181,53.63636363636364
DJ Bravo,Middle overs,528,570,42,11,247,92.63157894736842,43.333333333333336
DJ Bravo,Death overs,909,516,63,50,119,176.1627906976744,23.06201550387597
DJ Harris,Powerplay,57,64,8,1,34,89.0625,53.125
DJ Harris,Middle overs,54,37,3,4,14,145.94594594594594,37.83783783783784
DJ Harris,Death overs,0,0,0,0,0,0.0,0.0
DJ Hooda,Powerplay,160,155,19,3,75,103.2258064516129,48.38709677419355
DJ Hooda,Middle overs,858,674,50,35,198,127.29970326409497,29.376854599406528
DJ Hooda,Death overs,448,298,27,23,77,150.33557046979865,25.838926174496645
DJ Hussey,Powerplay,134,115,18,4,58,116.52173913043478,50.43478260869565
DJ Hussey,Middle overs,778,726,53,23,258,107.16253443526172,35.53719008264463
DJ Hussey,Death overs,410,229,19,33,61,179.03930131004367,26.637554585152838
DJ Jacobs,Powerplay,83,91,9,4,51,91.20879120879121,56.043956043956044
DJ Jacobs,Middle overs,9,7,1,0,2,128.57142857142858,28.57142857142857
DJ Jacobs,Death overs,0,0,0,0,0,0.0,0.0
DJ Malan,Powerplay,1,2,0,0,1,50.0,50.0
DJ Malan,Middle overs,25,24,1,1,8,104.16666666666667,33.33333333333333
DJ Malan,Death overs,0,0,0,0,0,0.0,0.0
DJ Mitchell,Powerplay,97,78,11,2,30,124.35897435897436,38.46153846153847
DJ Mitchell,Middle overs,208,151,14,8,36,137.74834437086093,23.841059602649008
DJ Mitchell,Death overs,46,38,3,0,7,121.05263157894737,18.421052631578945
DJ Muthuswami,Powerplay,0,0,0,0,0,0.0,0.0
DJ Muthuswami,Middle overs,0,0,0,0,0,0.0,0.0
DJ Muthuswami,Death overs,1,3,0,0,2,33.33333333333333,66.66666666666666
DJ Thornely,Powerplay,4,20,0,0,15,20.0,75.0
DJ Thornely,Middle overs,35,33,2,2,11,106.06060606060606,33.33333333333333
DJ Thornely,Death overs,0,0,0,0,0,0.0,0.0
DJ Willey,Powerplay,6,11,1,0,8,54.54545454545454,72.72727272727273
DJ Willey,Middle overs,23,29,3,0,16,79.3103448275862,55.172413793103445
DJ Willey,Death overs,24,22,3,0,8,109.09090909090908,36.36363636363637
DJG Sammy,Powerplay,8,5,2,0,3,160.0,60.0
DJG Sammy,Middle overs,151,140,6,8,53,107.85714285714285,37.857142857142854
DJG Sammy,Death overs,136,96,7,10,33,141.66666666666669,34.375
DJM Short,Powerplay,50,60,6,0,28,83.33333333333334,46.666666666666664
DJM Short,Middle overs,65,39,5,5,16,166.66666666666669,41.02564102564102
DJM Short,Death overs,0,0,0,0,0,0.0,0.0
DL Chahar,Powerplay,0,0,0,0,0,0.0,0.0
DL Chahar,Middle overs,55,34,1,5,10,161.76470588235296,29.411764705882355
DL Chahar,Death overs,25,25,1,1,10,100.0,40.0
DL Vettori,Powerplay,0,0,0,0,0,0.0,0.0
DL Vettori,Middle overs,47,53,4,1,22,88.67924528301887,41.509433962264154
DL Vettori,Death overs,74,59,7,1,9,125.42372881355932,15.254237288135593
DM Bravo,Powerplay,0,0,0,0,0,0.0,0.0
DM Bravo,Middle overs,0,0,0,0,0,0.0,0.0
DM Bravo,Death overs,6,5,1,0,2,120.0,40.0
DNT Zoysa,Powerplay,0,0,0,0,0,0.0,0.0
DNT Zoysa,Middle overs,1,1,0,0,0,100.0,0.0
DNT Zoysa,Death overs,10,8,1,0,1,125.0,12.5
DP Conway,Powerplay,392,305,49,11,123,128.52459016393442,40.32786885245901
DP Conway,Middle overs,446,291,40,17,67,153.2646048109966,23.02405498281787
DP Conway,Death overs,86,55,11,2,14,156.36363636363637,25.454545454545453
DP Nannes,Powerplay,0,0,0,0,0,0.0,0.0
DP Nannes,Middle overs,2,4,0,0,2,50.0,50.0
DP Nannes,Death overs,2,9,0,0,7,22.22222222222222,77.77777777777779
DP Vijaykumar,Powerplay,0,0,0,0,0,0.0,0.0
DP Vijaykumar,Middle overs,0,0,0,0,0,0.0,0.0
DP Vijaykumar,Death overs,1,1,0,0,0,100.0,0.0
DPMD Jayawardene,Powerplay,611,501,93,13,233,121.9560878243513,46.506986027944116
DPMD Jayawardene,Middle overs,823,727,67,17,241,113.20495185694635,33.14993122420908
DPMD Jayawardene,Death overs,374,234,40,10,54,159.82905982905984,23.076923076923077
DR Martyn,Powerplay,1,3,0,0,2,33.33333333333333,66.66666666666666
DR Martyn,Middle overs,13,18,0,0,5,72.22222222222221,27.77777777777778
DR Martyn,Death overs,5,3,1,0,1,166.66666666666669,33.33333333333333
DR Sams,Powerplay,1,6,0,0,5,16.666666666666664,83.33333333333334
DR Sams,Middle overs,16,14,0,1,5,114.28571428571428,35.714285714285715
DR Sams,Death overs,27,24,1,2,12,112.5,50.0
DR Shorey,Powerplay,0,0,0,0,0,0.0,0.0
DR Shorey,Middle overs,13,17,0,1,9,76.47058823529412,52.94117647058824
DR Shorey,Death overs,0,0,0,0,0,0.0,0.0
DR Smith,Powerplay,1213,970,155,47,474,125.05154639175258,48.865979381443296
DR Smith,Middle overs,1004,675,80,59,231,148.74074074074076,34.22222222222222
DR Smith,Death overs,168,110,10,11,33,152.72727272727275,30.0
DS Kulkarni,Powerplay,0,0,0,0,0,0.0,0.0
DS Kulkarni,Middle overs,5,10,0,0,5,50.0,50.0
DS Kulkarni,Death overs,99,98,7,2,38,101.0204081632653,38.775510204081634
DS Lehmann,Powerplay,4,3,1,0,1,133.33333333333331,33.33333333333333
DS Lehmann,Middle overs,14,15,2,0,7,93.33333333333333,46.666666666666664
DS Lehmann,Death overs,0,0,0,0,0,0.0,0.0
DT Christian,Powerplay,3,8,0,0,5,37.5,62.5
DT Christian,Middle overs,148,166,6,4,60,89.1566265060241,36.144578313253014
DT Christian,Death overs,309,220,17,15,63,140.45454545454547,28.636363636363637
DT Patil,Powerplay,0,0,0,0,0,0.0,0.0
DT Patil,Middle overs,9,12,0,0,5,75.0,41.66666666666667
DT Patil,Death overs,4,1,1,0,0,400.0,0.0
DW Steyn,Powerplay,0,0,0,0,0,0.0,0.0
DW Steyn,Middle overs,4,9,0,0,6,44.44444444444444,66.66666666666666
DW Steyn,Death overs,163,151,14,3,60,107.94701986754967,39.735099337748345
Dhruv Jurel,Powerplay,0,3,0,0,3,0.0,100.0
Dhruv Jurel,Middle overs,93,79,8,3,29,117.72151898734178,36.708860759493675
Dhruv Jurel,Death overs,254,147,21,13,33,172.7891156462585,22.448979591836736
E Lewis,Powerplay,420,286,49,21,131,146.85314685314685,45.8041958041958
E Lewis,Middle overs,202,170,10,13,66,118.82352941176471,38.82352941176471
E Lewis,Death overs,32,21,3,2,7,152.38095238095238,33.33333333333333
EJG Morgan,Powerplay,176,192,24,3,112,91.66666666666666,58.333333333333336
EJG Morgan,Middle overs,714,641,57,26,246,111.38845553822152,38.37753510140406
EJG Morgan,Death overs,516,314,31,35,86,164.33121019108282,27.388535031847134
ER Dwivedi,Powerplay,5,5,1,0,3,100.0,60.0
ER Dwivedi,Middle overs,0,0,0,0,0,0.0,0.0
ER Dwivedi,Death overs,19,9,1,2,2,211.11111111111111,22.22222222222222
F Behardien,Powerplay,0,0,0,0,0,0.0,0.0
F Behardien,Middle overs,0,1,0,0,1,0.0,100.0
F Behardien,Death overs,14,12,2,0,4,116.66666666666667,33.33333333333333
F du Plessis,Powerplay,2148,1561,268,76,654,137.6040999359385,41.896220371556694
F du Plessis,Middle overs,1855,1472,105,62,366,126.01902173913044,24.86413043478261
F du Plessis,Death overs,568,312,49,28,68,182.05128205128204,21.794871794871796
FA Allen,Powerplay,0,0,0,0,0,0.0,0.0
FA Allen,Middle overs,3,5,0,0,3,60.0,60.0
FA Allen,Death overs,11,13,1,0,6,84.61538461538461,46.15384615384615
FH Edwards,Powerplay,0,0,0,0,0,0.0,0.0
FH Edwards,Middle overs,0,0,0,0,0,0.0,0.0
FH Edwards,Death overs,4,5,0,0,3,80.0,60.0
FY Fazal,Powerplay,76,78,11,0,36,97.43589743589743,46.15384615384615
FY Fazal,Middle overs,69,62,6,1,17,111.29032258064515,27.419354838709676
FY Fazal,Death overs,38,32,5,0,9,118.75,28.125
Fazalhaq Farooqi,Powerplay,0,0,0,0,0,0.0,0.0
Fazalhaq Farooqi,Middle overs,0,0,0,0,0,0.0,0.0
Fazalhaq Farooqi,Death overs,3,13,0,0,10,23.076923076923077,76.92307692307693
G Coetzee,Powerplay,0,0,0,0,0,0.0,0.0
G Coetzee,Middle overs,3,4,0,0,1,75.0,25.0
G Coetzee,Death overs,11,18,0,1,10,61.111111111111114,55.55555555555556
G Gambhir,Powerplay,2277,1862,310,34,769,122.28786251342643,41.29967776584318
G Gambhir,Middle overs,1670,1347,154,19,348,123.97921306607276,25.83518930957684
G Gambhir,Death overs,270,185,28,6,53,145.94594594594594,28.64864864864865
GB Hogg,Powerplay,0,0,0,0,0,0.0,0.0
GB Hogg,Middle overs,0,0,0,0,0,0.0,0.0
GB Hogg,Death overs,22,22,1,0,5,100.0,22.727272727272727
GC Smith,Powerplay,374,386,59,0,203,96.89119170984456,52.59067357512953
GC Smith,Middle overs,299,239,26,8,71,125.10460251046025,29.707112970711297
GC Smith,Death overs,66,39,9,1,9,169.23076923076923,23.076923076923077
GC Viljoen,Powerplay,0,0,0,0,0,0.0,0.0
GC Viljoen,Middle overs,0,0,0,0,0,0.0,0.0
GC Viljoen,Death overs,3,7,0,0,3,42.857142857142854,42.857142857142854
GD McGrath,Powerplay,0,0,0,0,0,0.0,0.0
GD McGrath,Middle overs,0,0,0,0,0,0.0,0.0
GD McGrath,Death overs,4,5,1,0,4,80.0,80.0
GD Phillips,Powerplay,0,7,0,0,7,0.0,100.0
GD Phillips,Middle overs,20,25,0,2,16,80.0,64.0
GD Phillips,Death overs,45,22,3,4,8,204.54545454545453,36.36363636363637
GH Vihari,Powerplay,59,90,5,0,50,65.55555555555556,55.55555555555556
GH Vihari,Middle overs,145,161,10,1,61,90.06211180124224,37.88819875776397
GH Vihari,Death overs,80,68,8,0,22,117.64705882352942,32.35294117647059
GHS Garton,Powerplay,0,0,0,0,0,0.0,0.0
GHS Garton,Middle overs,0,0,0,0,0,0.0,0.0
GHS Garton,Death overs,2,4,0,0,2,50.0,50.0
GJ Bailey,Powerplay,131,127,24,0,67,103.14960629921259,52.75590551181102
GJ Bailey,Middle overs,205,229,12,2,86,89.51965065502183,37.55458515283843
GJ Bailey,Death overs,327,185,23,17,34,176.75675675675674,18.37837837837838
GJ Maxwell,Powerplay,433,309,59,16,139,140.1294498381877,44.983818770226534
GJ Maxwell,Middle overs,1740,1123,124,107,343,154.94211932324131,30.543187889581482
GJ Maxwell,Death overs,599,329,50,37,94,182.06686930091186,28.57142857142857
GR Napier,Powerplay,0,0,0,0,0,0.0,0.0
GR Napier,Middle overs,10,12,0,0,5,83.33333333333334,41.66666666666667
GR Napier,Death overs,5,4,1,0,2,125.0,50.0
Gulbadin Naib,Powerplay,0,0,0,0,0,0.0,0.0
Gulbadin Naib,Middle overs,4,5,0,0,1,80.0,20.0
Gulbadin Naib,Death overs,15,10,1,1,3,150.0,30.0
Gurkeerat Singh,Powerplay,35,37,6,0,22,94.5945945945946,59.45945945945946
Gurkeerat Singh,Middle overs,225,223,24,0,82,100.89686098654708,36.771300448430495
Gurkeerat Singh,Death overs,251,162,25,11,41,154.93827160493828,25.308641975308642
H Das,Powerplay,0,0,0,0,0,0.0,0.0
H Das,Middle overs,0,0,0,0,0,0.0,0.0
H Das,Death overs,2,5,0,0,3,40.0,60.0
H Klaasen,Powerplay,62,38,7,2,12,163.1578947368421,31.57894736842105
H Klaasen,Middle overs,528,338,24,34,84,156.2130177514793,24.85207100591716
H Klaasen,Death overs,403,208,25,28,43,193.75,20.673076923076923
HC Brook,Powerplay,96,84,14,2,44,114.28571428571428,52.38095238095239
HC Brook,Middle overs,58,44,5,2,17,131.8181818181818,38.63636363636363
HC Brook,Death overs,36,25,4,0,3,144.0,12.0
HE van der Dussen,Powerplay,0,0,0,0,0,0.0,0.0
HE van der Dussen,Middle overs,10,14,1,0,7,71.42857142857143,50.0
HE van der Dussen,Death overs,12,10,1,0,2,120.0,20.0
HF Gurney,Powerplay,0,0,0,0,0,0.0,0.0
HF Gurney,Middle overs,0,0,0,0,0,0.0,0.0
HF Gurney,Death overs,1,5,0,0,4,20.0,80.0
HH Gibbs,Powerplay,447,416,54,16,220,107.45192307692308,52.88461538461539
HH Gibbs,Middle overs,367,344,24,12,128,106.6860465116279,37.2093023255814
HH Gibbs,Death overs,72,45,5,3,6,160.0,13.333333333333334
HH Pandya,Powerplay,169,172,25,1,92,98.25581395348837,53.48837209302325
HH Pandya,Middle overs,1075,812,76,49,263,132.38916256157637,32.389162561576356
HH Pandya,Death overs,1290,746,88,87,201,172.92225201072387,26.943699731903486
HM Amla,Powerplay,261,199,33,8,81,131.15577889447238,40.7035175879397
HM Amla,Middle overs,194,156,14,5,38,124.35897435897436,24.358974358974358
HM Amla,Death overs,122,51,13,8,11,239.2156862745098,21.568627450980394
HR Shokeen,Powerplay,1,5,0,0,3,20.0,60.0
HR Shokeen,Middle overs,42,43,5,0,21,97.67441860465115,48.837209302325576
HR Shokeen,Death overs,23,17,4,0,5,135.29411764705884,29.411764705882355
HV Patel,Powerplay,0,0,0,0,0,0.0,0.0
HV Patel,Middle overs,66,75,3,4,41,88.0,54.666666666666664
HV Patel,Death overs,183,128,13,11,44,142.96875,34.375
Harbhajan Singh,Powerplay,62,51,8,1,24,121.56862745098039,47.05882352941176
Harbhajan Singh,Middle overs,147,139,14,6,68,105.75539568345324,48.92086330935252
Harbhajan Singh,Death overs,624,409,57,35,144,152.56723716381418,35.2078239608802
Harmeet Singh,Powerplay,0,0,0,0,0,0.0,0.0
Harmeet Singh,Middle overs,0,0,0,0,0,0.0,0.0
Harmeet Singh,Death overs,18,12,3,0,5,150.0,41.66666666666667
Harpreet Brar,Powerplay,0,0,0,0,0,0.0,0.0
Harpreet Brar,Middle overs,36,43,4,1,23,83.72093023255815,53.48837209302325
Harpreet Brar,Death overs,197,147,15,8,43,134.01360544217687,29.25170068027211
Harpreet Singh,Powerplay,30,29,4,1,16,103.44827586206897,55.172413793103445
Harpreet Singh,Middle overs,43,52,3,0,20,82.6923076923077,38.46153846153847
Harpreet Singh,Death overs,50,37,3,2,10,135.13513513513513,27.027027027027028
Harshit Rana,Powerplay,0,0,0,0,0,0.0,0.0
Harshit Rana,Middle overs,2,1,0,0,0,200.0,0.0
Harshit Rana,Death overs,0,2,0,0,2,0.0,100.0
I Malhotra,Powerplay,0,0,0,0,0,0.0,0.0
I Malhotra,Middle overs,0,0,0,0,0,0.0,0.0
I Malhotra,Death overs,7,4,1,0,0,175.0,0.0
I Sharma,Powerplay,0,0,0,0,0,0.0,0.0
I Sharma,Middle overs,12,14,2,0,7,85.71428571428571,50.0
I Sharma,Death overs,45,55,2,2,28,81.81818181818183,50.90909090909091
I Udana,Powerplay,0,0,0,0,0,0.0,0.0
I Udana,Middle overs,0,0,0,0,0,0.0,0.0
I Udana,Death overs,15,11,1,1,4,136.36363636363635,36.36363636363637
IC Pandey,Powerplay,0,0,0,0,0,0.0,0.0
IC Pandey,Middle overs,0,0,0,0,0,0.0,0.0
IC Pandey,Death overs,0,2,0,0,2,0.0,100.0
IK Pathan,Powerplay,92,69,12,2,29,133.33333333333331,42.028985507246375
IK Pathan,Middle overs,395,437,16,10,156,90.38901601830663,35.6979405034325
IK Pathan,Death overs,663,441,60,26,119,150.34013605442175,26.984126984126984
IR Jaggi,Powerplay,25,37,3,0,21,67.56756756756756,56.75675675675676
IR Jaggi,Middle overs,38,46,3,0,21,82.6086956521739,45.65217391304348
IR Jaggi,Death overs,13,14,0,0,4,92.85714285714286,28.57142857142857
IS Sodhi,Powerplay,0,0,0,0,0,0.0,0.0
IS Sodhi,Middle overs,2,7,0,0,5,28.57142857142857,71.42857142857143
IS Sodhi,Death overs,5,10,0,0,5,50.0,50.0
Imran Tahir,Powerplay,0,0,0,0,0,0.0,0.0
Imran Tahir,Middle overs,4,6,1,0,5,66.66666666666666,83.33333333333334
Imran Tahir,Death overs,29,31,4,0,15,93.54838709677419,48.38709677419355
Iqbal Abdulla,Powerplay,0,0,0,0,0,0.0,0.0
Iqbal Abdulla,Middle overs,18,24,1,0,11,75.0,45.83333333333333
Iqbal Abdulla,Death overs,70,58,8,1,17,120.6896551724138,29.310344827586203
Ishan Kishan,Powerplay,1251,927,157,50,422,134.95145631067962,45.523193096008626
Ishan Kishan,Middle overs,1138,871,75,54,272,130.654420206659,31.228473019517793
Ishan Kishan,Death overs,255,141,23,15,38,180.85106382978725,26.95035460992908
J Arunkumar,Powerplay,23,23,5,0,14,100.0,60.86956521739131
J Arunkumar,Middle overs,0,0,0,0,0,0.0,0.0
J Arunkumar,Death overs,0,0,0,0,0,0.0,0.0
J Botha,Powerplay,45,52,6,1,32,86.53846153846155,61.53846153846154
J Botha,Middle overs,205,183,18,1,60,112.02185792349727,32.78688524590164
J Botha,Death overs,159,123,15,3,34,129.26829268292684,27.64227642276423
J Fraser-McGurk,Powerplay,266,104,31,21,35,255.76923076923075,33.65384615384615
J Fraser-McGurk,Middle overs,64,35,1,7,13,182.85714285714286,37.142857142857146
J Fraser-McGurk,Death overs,0,0,0,0,0,0.0,0.0
J Suchith,Powerplay,0,0,0,0,0,0.0,0.0
J Suchith,Middle overs,14,30,1,0,18,46.666666666666664,60.0
J Suchith,Death overs,56,31,5,3,7,180.64516129032256,22.58064516129032
J Syed Mohammad,Powerplay,0,0,0,0,0,0.0,0.0
J Syed Mohammad,Middle overs,9,11,1,0,6,81.81818181818183,54.54545454545454
J Syed Mohammad,Death overs,20,15,3,0,4,133.33333333333331,26.666666666666668
J Theron,Powerplay,0,0,0,0,0,0.0,0.0
J Theron,Middle overs,0,0,0,0,0,0.0,0.0
J Theron,Death overs,10,12,1,0,5,83.33333333333334,41.66666666666667
J Yadav,Powerplay,0,0,0,0,0,0.0,0.0
J Yadav,Middle overs,9,9,1,0,3,100.0,33.33333333333333
J Yadav,Death overs,31,27,1,1,9,114.81481481481481,33.33333333333333
JA Morkel,Powerplay,18,13,3,0,3,138.46153846153845,23.076923076923077
JA Morkel,Middle overs,320,266,20,16,103,120.30075187969925,38.721804511278194
JA Morkel,Death overs,637,404,38,39,105,157.67326732673268,25.99009900990099
JA Richardson,Powerplay,0,0,0,0,0,0.0,0.0
JA Richardson,Middle overs,15,22,2,0,13,68.18181818181817,59.09090909090909
JA Richardson,Death overs,2,4,0,0,3,50.0,75.0
JC Archer,Powerplay,0,4,0,0,4,0.0,100.0
JC Archer,Middle overs,13,11,1,1,5,118.18181818181819,45.45454545454545
JC Archer,Death overs,186,109,10,13,32,170.6422018348624,29.357798165137616
JC Buttler,Powerplay,1613,1142,207,65,509,141.2434325744308,44.57092819614711
JC Buttler,Middle overs,1374,980,109,53,280,140.20408163265304,28.57142857142857
JC Buttler,Death overs,596,297,40,43,75,200.6734006734007,25.252525252525253
JD Ryder,Powerplay,440,323,58,13,144,136.22291021671828,44.58204334365325
JD Ryder,Middle overs,119,104,9,3,28,114.42307692307692,26.923076923076923
JD Ryder,Death overs,45,28,2,3,8,160.71428571428572,28.57142857142857
JD Unadkat,Powerplay,0,0,0,0,0,0.0,0.0
JD Unadkat,Middle overs,23,28,2,1,16,82.14285714285714,57.14285714285714
JD Unadkat,Death overs,174,138,14,6,45,126.08695652173914,32.608695652173914
JDP Oram,Powerplay,0,0,0,0,0,0.0,0.0
JDP Oram,Middle overs,44,58,2,1,27,75.86206896551724,46.55172413793103
JDP Oram,Death overs,62,49,4,4,19,126.53061224489797,38.775510204081634
JDS Neesham,Powerplay,0,0,0,0,0,0.0,0.0
JDS Neesham,Middle overs,50,46,4,0,16,108.69565217391303,34.78260869565217
JDS Neesham,Death overs,42,47,2,2,23,89.36170212765957,48.93617021276596
JE Root,Powerplay,10,15,1,0,8,66.66666666666666,53.333333333333336
JE Root,Middle overs,0,0,0,0,0,0.0,0.0
JE Root,Death overs,0,0,0,0,0,0.0,0.0
JE Taylor,Powerplay,0,0,0,0,0,0.0,0.0
JE Taylor,Middle overs,0,0,0,0,0,0.0,0.0
JE Taylor,Death overs,3,3,0,0,1,100.0,33.33333333333333
JEC Franklin,Powerplay,79,92,10,1,51,85.86956521739131,55.434782608695656
JEC Franklin,Middle overs,151,140,4,7,45,107.85714285714285,32.142857142857146
JEC Franklin,Death overs,97,68,11,1,13,142.64705882352942,19.11764705882353
JH Kallis,Powerplay,1036,975,150,15,500,106.25641025641026,51.28205128205128
JH Kallis,Middle overs,997,1010,66,12,320,98.7128712871287,31.683168316831683
JH Kallis,Death overs,394,228,39,17,58,172.80701754385964,25.438596491228072
JJ Bumrah,Powerplay,0,0,0,0,0,0.0,0.0
JJ Bumrah,Middle overs,5,5,1,0,3,100.0,60.0
JJ Bumrah,Death overs,63,72,4,1,30,87.5,41.66666666666667
JJ Roy,Powerplay,380,288,56,10,132,131.94444444444443,45.83333333333333
JJ Roy,Middle overs,193,130,16,8,32,148.46153846153845,24.615384615384617
JJ Roy,Death overs,41,23,3,3,6,178.26086956521738,26.08695652173913
JJ van der Wath,Powerplay,0,0,0,0,0,0.0,0.0
JJ van der Wath,Middle overs,4,5,0,0,2,80.0,40.0
JJ van der Wath,Death overs,14,11,1,1,5,127.27272727272727,45.45454545454545
JL Denly,Powerplay,0,1,0,0,1,0.0,100.0
JL Denly,Middle overs,0,0,0,0,0,0.0,0.0
JL Denly,Death overs,0,0,0,0,0,0.0,0.0
JL Pattinson,Powerplay,0,0,0,0,0,0.0,0.0
JL Pattinson,Middle overs,0,0,0,0,0,0.0,0.0
JL Pattinson,Death overs,15,13,2,0,4,115.38461538461537,30.76923076923077
JM Bairstow,Powerplay,864,585,113,34,249,147.6923076923077,42.56410256410256
JM Bairstow,Middle overs,650,456,51,30,142,142.54385964912282,31.140350877192986
JM Bairstow,Death overs,75,55,2,5,20,136.36363636363635,36.36363636363637
JM Kemp,Powerplay,2,3,0,0,1,66.66666666666666,33.33333333333333
JM Kemp,Middle overs,20,13,1,1,5,153.84615384615387,38.46153846153847
JM Kemp,Death overs,4,8,0,0,4,50.0,50.0
JM Sharma,Powerplay,11,16,2,0,11,68.75,68.75
JM Sharma,Middle overs,455,326,35,24,118,139.57055214723925,36.19631901840491
JM Sharma,Death overs,264,139,16,21,40,189.92805755395682,28.776978417266186
JO Holder,Powerplay,12,18,3,0,15,66.66666666666666,83.33333333333334
JO Holder,Middle overs,73,58,1,6,20,125.86206896551724,34.48275862068966
JO Holder,Death overs,174,133,9,12,52,130.82706766917295,39.097744360902254
JP Behrendorff,Powerplay,0,0,0,0,0,0.0,0.0
JP Behrendorff,Middle overs,0,0,0,0,0,0.0,0.0
JP Behrendorff,Death overs,6,9,0,0,3,66.66666666666666,33.33333333333333
JP Duminy,Powerplay,235,239,30,6,129,98.32635983263597,53.97489539748954
JP Duminy,Middle overs,912,876,40,25,261,104.10958904109589,29.794520547945208
JP Duminy,Death overs,882,516,56,48,90,170.93023255813952,17.441860465116278
JP Faulkner,Powerplay,14,20,2,0,12,70.0,60.0
JP Faulkner,Middle overs,74,86,4,2,40,86.04651162790698,46.51162790697674
JP Faulkner,Death overs,439,279,30,21,69,157.34767025089607,24.731182795698924
JPR Scantlebury-Searles,Powerplay,0,0,0,0,0,0.0,0.0
JPR Scantlebury-Searles,Middle overs,0,0,0,0,0,0.0,0.0
JPR Scantlebury-Searles,Death overs,8,6,0,1,3,133.33333333333331,50.0
JR Hazlewood,Powerplay,0,0,0,0,0,0.0,0.0
JR Hazlewood,Middle overs,2,10,0,0,8,20.0,80.0
JR Hazlewood,Death overs,17,18,1,0,5,94.44444444444444,27.77777777777778
JR Hopes,Powerplay,167,133,21,6,63,125.5639097744361,47.368421052631575
JR Hopes,Middle overs,187,127,23,4,38,147.24409448818898,29.92125984251969
JR Hopes,Death overs,63,45,5,1,9,140.0,20.0
JR Philippe,Powerplay,51,55,6,1,28,92.72727272727272,50.90909090909091
JR Philippe,Middle overs,26,20,3,0,5,130.0,25.0
JR Philippe,Death overs,1,2,0,0,1,50.0,50.0
Jaskaran Singh,Powerplay,0,0,0,0,0,0.0,0.0
Jaskaran Singh,Middle overs,1,2,0,0,1,50.0,50.0
Jaskaran Singh,Death overs,7,9,0,0,4,77.77777777777779,44.44444444444444
Joginder Sharma,Powerplay,0,0,0,0,0,0.0,0.0
Joginder Sharma,Middle overs,0,2,0,0,2,0.0,100.0
Joginder Sharma,Death overs,36,28,1,2,8,128.57142857142858,28.57142857142857
K Goel,Powerplay,160,161,13,7,81,99.37888198757764,50.31055900621118
K Goel,Middle overs,28,42,1,1,22,66.66666666666666,52.38095238095239
K Goel,Death overs,30,28,3,1,11,107.14285714285714,39.285714285714285
K Gowtham,Powerplay,8,5,0,1,2,160.0,40.0
K Gowtham,Middle overs,75,55,5,4,18,136.36363636363635,32.72727272727273
K Gowtham,Death overs,164,88,10,12,28,186.36363636363635,31.818181818181817
K Kartikeya,Powerplay,0,0,0,0,0,0.0,0.0
K Kartikeya,Middle overs,0,0,0,0,0,0.0,0.0
K Kartikeya,Death overs,9,12,1,0,5,75.0,41.66666666666667
K Rabada,Powerplay,1,3,0,0,2,33.33333333333333,66.66666666666666
K Rabada,Middle overs,53,62,5,1,31,85.48387096774194,50.0
K Rabada,Death overs,152,127,11,7,49,119.68503937007875,38.582677165354326
K Upadhyay,Powerplay,0,0,0,0,0,0.0,0.0
K Upadhyay,Middle overs,0,0,0,0,0,0.0,0.0
K Upadhyay,Death overs,12,9,0,1,3,133.33333333333331,33.33333333333333
K Yadav,Powerplay,0,0,0,0,0,0.0,0.0
K Yadav,Middle overs,0,0,0,0,0,0.0,0.0
K Yadav,Death overs,0,4,0,0,4,0.0,100.0
KA Jamieson,Powerplay,0,0,0,0,0,0.0,0.0
KA Jamieson,Middle overs,12,19,1,0,10,63.1578947368421,52.63157894736842
KA Jamieson,Death overs,53,36,4,3,11,147.22222222222223,30.555555555555557
KA Maharaj,Powerplay,0,0,0,0,0,0.0,0.0
KA Maharaj,Middle overs,0,0,0,0,0,0.0,0.0
KA Maharaj,Death overs,1,2,0,0,1,50.0,50.0
KA Pollard,Powerplay,53,49,4,2,23,108.16326530612245,46.93877551020408
KA Pollard,Middle overs,1352,1086,88,78,415,124.49355432780847,38.21362799263352
KA Pollard,Death overs,2032,1180,129,144,349,172.20338983050846,29.576271186440678
KAJ Roach,Powerplay,0,0,0,0,0,0.0,0.0
KAJ Roach,Middle overs,5,2,1,0,0,250.0,0.0
KAJ Roach,Death overs,5,7,0,0,3,71.42857142857143,42.857142857142854
KB Arun Karthik,Powerplay,0,0,0,0,0,0.0,0.0
KB Arun Karthik,Middle overs,26,22,2,1,8,118.18181818181819,36.36363636363637
KB Arun Karthik,Death overs,25,29,2,0,9,86.20689655172413,31.03448275862069
KC Cariappa,Powerplay,0,0,0,0,0,0.0,0.0
KC Cariappa,Middle overs,12,8,0,1,1,150.0,12.5
KC Cariappa,Death overs,12,13,0,1,7,92.3076923076923,53.84615384615385
KC Sangakkara,Powerplay,522,447,81,6,215,116.7785234899329,48.09843400447427
KC Sangakkara,Middle overs,963,810,90,16,238,118.88888888888889,29.38271604938272
KC Sangakkara,Death overs,202,128,24,5,31,157.8125,24.21875
KD Karthik,Powerplay,397,405,55,6,211,98.0246913580247,52.09876543209877
KD Karthik,Middle overs,2542,2074,240,56,661,122.56509161041467,31.870781099324972
KD Karthik,Death overs,1904,1091,171,99,279,174.51879010082493,25.572868927589365
KH Pandya,Powerplay,74,61,11,1,31,121.31147540983606,50.81967213114754
KH Pandya,Middle overs,904,761,74,29,283,118.7910643889619,37.18791064388962
KH Pandya,Death overs,669,417,59,31,110,160.431654676259,26.378896882494008
KJ Abbott,Powerplay,0,0,0,0,0,0.0,0.0
KJ Abbott,Middle overs,0,1,0,0,1,0.0,100.0
KJ Abbott,Death overs,13,7,0,1,2,185.71428571428572,28.57142857142857
KK Ahmed,Powerplay,0,0,0,0,0,0.0,0.0
KK Ahmed,Middle overs,0,0,0,0,0,0.0,0.0
KK Ahmed,Death overs,1,7,0,0,6,14.285714285714285,85.71428571428571
KK Cooper,Powerplay,7,2,0,1,0,350.0,0.0
KK Cooper,Middle overs,30,22,2,2,9,136.36363636363635,40.909090909090914
KK Cooper,Death overs,79,43,7,5,17,183.72093023255815,39.53488372093023
KK Nair,Powerplay,504,410,73,10,196,122.92682926829268,47.80487804878049
KK Nair,Middle overs,717,604,64,15,194,118.70860927152319,32.11920529801324
KK Nair,Death overs,275,155,24,14,38,177.41935483870967,24.516129032258064
KL Nagarkoti,Powerplay,0,0,0,0,0,0.0,0.0
KL Nagarkoti,Middle overs,6,13,0,0,8,46.15384615384615,61.53846153846154
KL Nagarkoti,Death overs,16,20,1,0,8,80.0,40.0
KL Rahul,Powerplay,2010,1599,216,77,689,125.70356472795497,43.08943089430895
KL Rahul,Middle overs,1927,1451,124,72,360,132.80496209510682,24.810475534114403
KL Rahul,Death overs,752,424,60,38,83,177.35849056603774,19.57547169811321
KM Asif,Powerplay,0,0,0,0,0,0.0,0.0
KM Asif,Middle overs,0,2,0,0,2,0.0,100.0
KM Asif,Death overs,0,0,0,0,0,0.0,0.0
KM Jadhav,Powerplay,67,80,12,1,55,83.75,68.75
KM Jadhav,Middle overs,576,488,48,13,153,118.0327868852459,31.352459016393443
KM Jadhav,Death overs,565,401,42,26,117,140.89775561097258,29.177057356608476
KMA Paul,Powerplay,0,0,0,0,0,0.0,0.0
KMA Paul,Middle overs,0,0,0,0,0,0.0,0.0
KMA Paul,Death overs,18,24,1,1,13,75.0,54.166666666666664
KMDN Kulasekara,Powerplay,0,0,0,0,0,0.0,0.0
KMDN Kulasekara,Middle overs,0,0,0,0,0,0.0,0.0
KMDN Kulasekara,Death overs,5,3,1,0,0,166.66666666666669,0.0
KP Appanna,Powerplay,0,0,0,0,0,0.0,0.0
KP Appanna,Middle overs,0,0,0,0,0,0.0,0.0
KP Appanna,Death overs,2,4,0,0,1,50.0,25.0
KP Pietersen,Powerplay,392,293,47,12,118,133.78839590443684,40.27303754266212
KP Pietersen,Middle overs,486,380,34,21,124,127.89473684210526,32.631578947368425
KP Pietersen,Death overs,123,69,10,7,15,178.26086956521738,21.73913043478261
KR Mayers,Powerplay,282,200,34,13,101,141.0,50.5
KR Mayers,Middle overs,97,58,4,9,18,167.24137931034483,31.03448275862069
KR Mayers,Death overs,0,0,0,0,0,0.0,0.0
KR Sen,Powerplay,0,0,0,0,0,0.0,0.0
KR Sen,Middle overs,0,0,0,0,0,0.0,0.0
KR Sen,Death overs,0,3,0,0,3,0.0,100.0
KS Bharat,Powerplay,65,57,7,2,24,114.03508771929825,42.10526315789473
KS Bharat,Middle overs,102,85,5,4,26,120.0,30.58823529411765
KS Bharat,Death overs,32,19,0,2,3,168.42105263157893,15.789473684210526
KS Sharma,Powerplay,10,15,1,0,8,66.66666666666666,53.333333333333336
KS Sharma,Middle overs,6,10,0,0,4,60.0,40.0
KS Sharma,Death overs,0,0,0,0,0,0.0,0.0
KS Williamson,Powerplay,483,480,63,7,241,100.62500000000001,50.208333333333336
KS Williamson,Middle overs,1189,937,78,44,272,126.89434364994663,29.02881536819637
KS Williamson,Death overs,460,275,46,13,45,167.27272727272725,16.363636363636363
KV Sharma,Powerplay,7,9,1,0,6,77.77777777777779,66.66666666666666
KV Sharma,Middle overs,97,105,6,2,42,92.38095238095238,40.0
KV Sharma,Death overs,247,180,13,15,53,137.22222222222223,29.444444444444446
KW Richardson,Powerplay,0,0,0,0,0,0.0,0.0
KW Richardson,Middle overs,19,18,2,1,10,105.55555555555556,55.55555555555556
KW Richardson,Death overs,17,21,0,0,7,80.95238095238095,33.33333333333333
Kamran Akmal,Powerplay,51,40,8,2,22,127.49999999999999,55.00000000000001
Kamran Akmal,Middle overs,51,20,3,5,4,254.99999999999997,20.0
Kamran Akmal,Death overs,26,17,2,1,5,152.94117647058823,29.411764705882355
Kamran Khan,Powerplay,0,0,0,0,0,0.0,0.0
Kamran Khan,Middle overs,3,4,0,0,2,75.0,50.0
Kamran Khan,Death overs,0,1,0,0,1,0.0,100.0
Karanveer Singh,Powerplay,0,0,0,0,0,0.0,0.0
Karanveer Singh,Middle overs,4,7,0,0,4,57.14285714285714,57.14285714285714
Karanveer Singh,Death overs,8,10,1,0,5,80.0,50.0
Kartik Tyagi,Powerplay,0,0,0,0,0,0.0,0.0
Kartik Tyagi,Middle overs,0,0,0,0,0,0.0,0.0
Kartik Tyagi,Death overs,13,16,1,0,6,81.25,37.5
Kuldeep Yadav,Powerplay,0,0,0,0,0,0.0,0.0
Kuldeep Yadav,Middle overs,20,36,2,0,21,55.55555555555556,58.333333333333336
Kuldeep Yadav,Death overs,163,180,14,3,83,90.55555555555556,46.111111111111114
Kumar Kushagra,Powerplay,2,3,0,0,2,66.66666666666666,66.66666666666666
Kumar Kushagra,Middle overs,1,3,0,0,2,33.33333333333333,66.66666666666666
Kumar Kushagra,Death overs,0,1,0,0,1,0.0,100.0
L Ablish,Powerplay,0,0,0,0,0,0.0,0.0
L Ablish,Middle overs,0,0,0,0,0,0.0,0.0
L Ablish,Death overs,0,2,0,0,2,0.0,100.0
L Balaji,Powerplay,0,0,0,0,0,0.0,0.0
L Balaji,Middle overs,1,4,0,0,3,25.0,75.0
L Balaji,Death overs,35,45,2,1,22,77.77777777777779,48.888888888888886
L Ronchi,Powerplay,34,34,6,1,23,100.0,67.64705882352942
L Ronchi,Middle overs,0,0,0,0,0,0.0,0.0
L Ronchi,Death overs,0,0,0,0,0,0.0,0.0
L Wood,Powerplay,0,0,0,0,0,0.0,0.0
L Wood,Middle overs,0,0,0,0,0,0.0,0.0
L Wood,Death overs,9,3,0,1,0,300.0,0.0
LA Carseldine,Powerplay,38,34,7,0,21,111.76470588235294,61.76470588235294
LA Carseldine,Middle overs,23,20,2,0,5,114.99999999999999,25.0
LA Carseldine,Death overs,20,12,2,0,0,166.66666666666669,0.0
LA Pomersbach,Powerplay,104,77,11,4,35,135.06493506493507,45.45454545454545
LA Pomersbach,Middle overs,131,117,9,6,44,111.96581196581197,37.60683760683761
LA Pomersbach,Death overs,67,49,5,3,13,136.73469387755102,26.53061224489796
LB Williams,Powerplay,0,0,0,0,0,0.0,0.0
LB Williams,Middle overs,0,0,0,0,0,0.0,0.0
LB Williams,Death overs,1,2,0,0,1,50.0,50.0
LE Plunkett,Powerplay,0,0,0,0,0,0.0,0.0
LE Plunkett,Middle overs,0,0,0,0,0,0.0,0.0
LE Plunkett,Death overs,1,3,0,0,2,33.33333333333333,66.66666666666666
LH Ferguson,Powerplay,0,0,0,0,0,0.0,0.0
LH Ferguson,Middle overs,0,0,0,0,0,0.0,0.0
LH Ferguson,Death overs,68,45,6,2,11,151.11111111111111,24.444444444444443
LJ Wright,Powerplay,8,8,0,1,5,100.0,62.5
LJ Wright,Middle overs,14,15,2,0,7,93.33333333333333,46.666666666666664
LJ Wright,Death overs,84,36,14,2,7,233.33333333333334,19.444444444444446
LMP Simmons,Powerplay,542,456,67,19,224,118.85964912280701,49.122807017543856
LMP Simmons,Middle overs,481,356,38,22,127,135.1123595505618,35.674157303370784
LMP Simmons,Death overs,56,36,4,3,8,155.55555555555557,22.22222222222222
LPC Silva,Powerplay,9,7,2,0,4,128.57142857142858,57.14285714285714
LPC Silva,Middle overs,8,9,1,0,3,88.88888888888889,33.33333333333333
LPC Silva,Death overs,23,10,2,1,0,229.99999999999997,0.0
LR Shukla,Powerplay,2,5,0,0,3,40.0,60.0
LR Shukla,Middle overs,184,181,14,7,78,101.65745856353593,43.0939226519337
LR Shukla,Death overs,219,164,19,9,49,133.53658536585365,29.878048780487802
LRPL Taylor,Powerplay,155,121,18,7,55,128.099173553719,45.45454545454545
LRPL Taylor,Middle overs,550,501,28,20,178,109.78043912175647,35.528942115768466
LRPL Taylor,Death overs,312,196,20,19,50,159.18367346938774,25.510204081632654
LS Livingstone,Powerplay,163,108,17,10,49,150.92592592592592,45.370370370370374
LS Livingstone,Middle overs,492,335,32,30,100,146.86567164179104,29.850746268656714
LS Livingstone,Death overs,284,128,17,26,31,221.875,24.21875
Lalit Yadav,Powerplay,25,31,3,0,17,80.64516129032258,54.83870967741935
Lalit Yadav,Middle overs,186,177,14,5,66,105.08474576271188,37.28813559322034
Lalit Yadav,Death overs,94,77,10,2,25,122.07792207792207,32.467532467532465
Liton Das,Powerplay,4,4,1,0,3,100.0,75.0
Liton Das,Middle overs,0,0,0,0,0,0.0,0.0
Liton Das,Death overs,0,0,0,0,0,0.0,0.0
M Ashwin,Powerplay,0,0,0,0,0,0.0,0.0
M Ashwin,Middle overs,5,13,0,0,8,38.46153846153847,61.53846153846154
M Ashwin,Death overs,30,37,2,1,19,81.08108108108108,51.35135135135135
M Jansen,Powerplay,0,0,0,0,0,0.0,0.0
M Jansen,Middle overs,23,21,1,1,7,109.52380952380953,33.33333333333333
M Jansen,Death overs,43,45,4,1,18,95.55555555555556,40.0
M Kaif,Powerplay,22,37,4,0,25,59.45945945945946,67.56756756756756
M Kaif,Middle overs,183,167,14,5,63,109.5808383233533,37.72455089820359
M Kaif,Death overs,54,45,4,1,18,120.0,40.0
M Kartik,Powerplay,0,0,0,0,0,0.0,0.0
M Kartik,Middle overs,35,31,4,0,12,112.90322580645163,38.70967741935484
M Kartik,Death overs,78,76,3,1,17,102.63157894736842,22.36842105263158
M Klinger,Powerplay,50,48,7,0,21,104.16666666666667,43.75
M Klinger,Middle overs,23,27,2,0,12,85.18518518518519,44.44444444444444
M Klinger,Death overs,0,0,0,0,0,0.0,0.0
M Manhas,Powerplay,46,53,6,1,33,86.79245283018868,62.264150943396224
M Manhas,Middle overs,224,232,19,2,92,96.55172413793103,39.6551724137931
M Manhas,Death overs,244,185,18,7,49,131.8918918918919,26.486486486486488
M Markande,Powerplay,0,0,0,0,0,0.0,0.0
M Markande,Middle overs,0,1,0,0,1,0.0,100.0
M Markande,Death overs,48,41,5,1,13,117.07317073170731,31.70731707317073
M Morkel,Powerplay,0,0,0,0,0,0.0,0.0
M Morkel,Middle overs,10,9,1,0,3,111.11111111111111,33.33333333333333
M Morkel,Death overs,116,80,10,5,29,145.0,36.25
M Muralitharan,Powerplay,0,0,0,0,0,0.0,0.0
M Muralitharan,Middle overs,0,0,0,0,0,0.0,0.0
M Muralitharan,Death overs,20,29,1,0,15,68.96551724137932,51.724137931034484
M Ntini,Powerplay,0,0,0,0,0,0.0,0.0
M Ntini,Middle overs,0,0,0,0,0,0.0,0.0
M Ntini,Death overs,11,18,2,0,14,61.111111111111114,77.77777777777779
M Prasidh Krishna,Powerplay,0,0,0,0,0,0.0,0.0
M Prasidh Krishna,Middle overs,0,0,0,0,0,0.0,0.0
M Prasidh Krishna,Death overs,9,24,0,0,15,37.5,62.5
M Rawat,Powerplay,0,2,0,0,2,0.0,100.0
M Rawat,Middle overs,15,22,0,1,11,68.18181818181817,50.0
M Rawat,Death overs,40,45,4,0,17,88.88888888888889,37.77777777777778
M Shahrukh Khan,Powerplay,23,17,2,1,6,135.29411764705884,35.294117647058826
M Shahrukh Khan,Middle overs,227,187,11,17,80,121.3903743315508,42.780748663101605
M Shahrukh Khan,Death overs,303,187,22,19,56,162.03208556149733,29.946524064171122
M Theekshana,Powerplay,0,0,0,0,0,0.0,0.0
M Theekshana,Middle overs,0,3,0,0,3,0.0,100.0
M Theekshana,Death overs,7,4,0,1,1,175.0,25.0
M Vijay,Powerplay,1574,1375,176,46,657,114.47272727272728,47.78181818181818
M Vijay,Middle overs,920,702,62,38,217,131.05413105413106,30.91168091168091
M Vijay,Death overs,125,71,9,7,19,176.05633802816902,26.76056338028169
M Vohra,Powerplay,691,540,73,27,247,127.96296296296296,45.74074074074074
M Vohra,Middle overs,330,261,24,12,91,126.4367816091954,34.86590038314176
M Vohra,Death overs,62,27,7,4,7,229.62962962962962,25.925925925925924
M de Lange,Powerplay,0,0,0,0,0,0.0,0.0
M de Lange,Middle overs,0,0,0,0,0,0.0,0.0
M de Lange,Death overs,1,2,0,0,1,50.0,50.0
MA Agarwal,Powerplay,1389,1128,167,41,503,123.13829787234043,44.59219858156028
MA Agarwal,Middle overs,1033,745,78,41,196,138.65771812080536,26.308724832214764
MA Agarwal,Death overs,247,117,20,16,21,211.11111111111111,17.94871794871795
MA Khote,Powerplay,0,0,0,0,0,0.0,0.0
MA Khote,Middle overs,6,7,0,0,2,85.71428571428571,28.57142857142857
MA Khote,Death overs,18,15,2,1,5,120.0,33.33333333333333
MA Starc,Powerplay,0,0,0,0,0,0.0,0.0
MA Starc,Middle overs,37,35,4,0,14,105.71428571428572,40.0
MA Starc,Death overs,68,74,7,0,27,91.8918918918919,36.486486486486484
MA Wood,Powerplay,0,0,0,0,0,0.0,0.0
MA Wood,Middle overs,0,0,0,0,0,0.0,0.0
MA Wood,Death overs,12,8,1,1,4,150.0,50.0
MC Henriques,Powerplay,161,139,17,3,52,115.8273381294964,37.410071942446045
MC Henriques,Middle overs,504,444,42,11,157,113.51351351351352,35.36036036036036
MC Henriques,Death overs,335,202,28,14,47,165.84158415841583,23.26732673267327
MC Juneja,Powerplay,20,18,3,0,7,111.11111111111111,38.88888888888889
MC Juneja,Middle overs,88,94,7,0,31,93.61702127659575,32.97872340425532
MC Juneja,Death overs,17,16,1,1,7,106.25,43.75
MD Mishra,Powerplay,129,123,17,3,66,104.8780487804878,53.65853658536586
MD Mishra,Middle overs,81,64,6,3,22,126.5625,34.375
MD Mishra,Death overs,27,19,1,2,5,142.10526315789474,26.31578947368421
MD Shanaka,Powerplay,0,1,0,0,1,0.0,100.0
MD Shanaka,Middle overs,17,16,1,1,8,106.25,50.0
MD Shanaka,Death overs,9,9,1,0,3,100.0,33.33333333333333
MDKJ Perera,Powerplay,14,13,3,0,7,107.6923076923077,53.84615384615385
MDKJ Perera,Middle overs,0,0,0,0,0,0.0,0.0
MDKJ Perera,Death overs,0,0,0,0,0,0.0,0.0
MEK Hussey,Powerplay,828,766,105,16,365,108.0939947780679,47.65013054830287
MEK Hussey,Middle overs,888,708,69,23,184,125.42372881355932,25.98870056497175
MEK Hussey,Death overs,261,136,24,13,23,191.91176470588235,16.911764705882355
MF Maharoof,Powerplay,0,0,0,0,0,0.0,0.0
MF Maharoof,Middle overs,42,34,3,2,12,123.52941176470588,35.294117647058826
MF Maharoof,Death overs,135,89,9,7,28,151.68539325842696,31.46067415730337
MG Bracewell,Powerplay,2,2,0,0,0,100.0,0.0
MG Bracewell,Middle overs,43,32,6,1,10,134.375,31.25
MG Bracewell,Death overs,13,13,0,0,2,100.0,15.384615384615385
MG Johnson,Powerplay,0,0,0,0,0,0.0,0.0
MG Johnson,Middle overs,10,20,1,0,14,50.0,70.0
MG Johnson,Death overs,157,143,9,7,55,109.79020979020979,38.46153846153847
MJ Clarke,Powerplay,76,64,11,0,26,118.75,40.625
MJ Clarke,Middle overs,22,30,1,0,12,73.33333333333333,40.0
MJ Clarke,Death overs,0,0,0,0,0,0.0,0.0
MJ Guptill,Powerplay,219,156,22,11,72,140.3846153846154,46.15384615384615
MJ Guptill,Middle overs,52,40,2,4,15,130.0,37.5
MJ Guptill,Death overs,0,0,0,0,0,0.0,0.0
MJ Lumb,Powerplay,225,151,37,5,65,149.0066225165563,43.04635761589404
MJ Lumb,Middle overs,53,40,8,1,18,132.5,45.0
MJ Lumb,Death overs,0,0,0,0,0,0.0,0.0
MJ McClenaghan,Powerplay,0,1,0,0,1,0.0,100.0
MJ McClenaghan,Middle overs,29,19,1,3,8,152.63157894736844,42.10526315789473
MJ McClenaghan,Death overs,56,49,4,4,25,114.28571428571428,51.02040816326531
MJ Santner,Powerplay,20,24,3,0,14,83.33333333333334,58.333333333333336
MJ Santner,Middle overs,18,23,1,0,9,78.26086956521739,39.130434782608695
MJ Santner,Death overs,32,23,0,3,7,139.1304347826087,30.434782608695656
MJ Suthar,Powerplay,0,0,0,0,0,0.0,0.0
MJ Suthar,Middle overs,0,0,0,0,0,0.0,0.0
MJ Suthar,Death overs,1,2,0,0,1,50.0,50.0
MK Lomror,Powerplay,31,38,3,1,22,81.57894736842105,57.89473684210527
MK Lomror,Middle overs,266,192,10,18,52,138.54166666666669,27.083333333333332
MK Lomror,Death overs,230,142,20,11,32,161.9718309859155,22.535211267605636
MK Pandey,Powerplay,1133,990,148,23,483,114.44444444444444,48.78787878787879
MK Pandey,Middle overs,2053,1736,139,61,522,118.26036866359446,30.069124423963135
MK Pandey,Death overs,673,448,48,27,106,150.22321428571428,23.660714285714285
MK Tiwary,Powerplay,224,229,25,5,118,97.81659388646288,51.52838427947598
MK Tiwary,Middle overs,874,806,75,18,288,108.43672456575682,35.73200992555831
MK Tiwary,Death overs,597,409,56,17,100,145.96577017114913,24.449877750611247
ML Hayden,Powerplay,599,457,81,20,219,131.07221006564552,47.921225382932164
ML Hayden,Middle overs,412,293,31,19,81,140.61433447098977,27.64505119453925
ML Hayden,Death overs,96,49,9,5,8,195.91836734693877,16.3265306122449
MM Ali,Powerplay,229,180,28,12,96,127.22222222222221,53.333333333333336
MM Ali,Middle overs,654,483,45,36,158,135.40372670807452,32.71221532091098
MM Ali,Death overs,279,155,22,19,46,180.0,29.677419354838708
MM Patel,Powerplay,0,0,0,0,0,0.0,0.0
MM Patel,Middle overs,0,3,0,0,3,0.0,100.0
MM Patel,Death overs,39,38,5,0,14,102.63157894736842,36.84210526315789
MM Sharma,Powerplay,0,0,0,0,0,0.0,0.0
MM Sharma,Middle overs,36,47,3,1,23,76.59574468085107,48.93617021276596
MM Sharma,Death overs,88,86,6,3,38,102.32558139534885,44.18604651162791
MN Samuels,Powerplay,9,25,1,0,18,36.0,72.0
MN Samuels,Middle overs,127,130,7,6,54,97.6923076923077,41.53846153846154
MN Samuels,Death overs,25,17,1,1,3,147.05882352941177,17.647058823529413
MN van Wyk,Powerplay,28,25,5,0,14,112.00000000000001,56.00000000000001
MN van Wyk,Middle overs,73,63,7,0,16,115.87301587301589,25.396825396825395
MN van Wyk,Death overs,66,43,7,1,7,153.48837209302326,16.27906976744186
MP Stoinis,Powerplay,281,221,40,7,108,127.14932126696831,48.86877828054298
MP Stoinis,Middle overs,835,643,48,44,203,129.86003110419907,31.57076205287714
MP Stoinis,Death overs,750,444,62,40,117,168.91891891891893,26.351351351351347
MR Marsh,Powerplay,223,159,23,13,73,140.25157232704402,45.911949685534594
MR Marsh,Middle overs,274,245,14,14,92,111.83673469387756,37.55102040816327
MR Marsh,Death overs,168,117,11,11,41,143.5897435897436,35.04273504273504
MS Bisla,Powerplay,474,433,70,11,223,109.46882217090071,51.50115473441108
MS Bisla,Middle overs,272,234,16,10,79,116.23931623931625,33.76068376068376
MS Bisla,Death overs,52,33,7,2,13,157.57575757575756,39.39393939393939
MS Dhoni,Powerplay,59,72,10,0,44,81.94444444444444,61.111111111111114
MS Dhoni,Middle overs,1892,1869,112,56,706,101.23060460139112,37.77421080791867
MS Dhoni,Death overs,3292,1849,241,196,453,178.0421849648459,24.49972958355868
MS Gony,Powerplay,0,0,0,0,0,0.0,0.0
MS Gony,Middle overs,11,17,0,1,11,64.70588235294117,64.70588235294117
MS Gony,Death overs,88,53,6,7,21,166.03773584905662,39.62264150943396
MS Wade,Powerplay,113,98,19,2,52,115.3061224489796,53.06122448979592
MS Wade,Middle overs,70,79,4,0,28,88.60759493670885,35.44303797468354
MS Wade,Death overs,0,0,0,0,0,0.0,0.0
MV Boucher,Powerplay,22,24,3,0,13,91.66666666666666,54.166666666666664
MV Boucher,Middle overs,137,138,11,2,50,99.27536231884058,36.231884057971016
MV Boucher,Death overs,235,145,18,11,36,162.06896551724137,24.82758620689655
MW Short,Powerplay,107,78,15,4,38,137.17948717948718,48.717948717948715
MW Short,Middle overs,10,14,0,0,5,71.42857142857143,35.714285714285715
MW Short,Death overs,0,0,0,0,0,0.0,0.0
Mandeep Singh,Powerplay,633,552,94,8,265,114.67391304347827,48.007246376811594
Mandeep Singh,Middle overs,663,559,50,16,171,118.6046511627907,30.590339892665476
Mandeep Singh,Death overs,410,274,32,14,61,149.63503649635038,22.26277372262774
Mashrafe Mortaza,Powerplay,0,0,0,0,0,0.0,0.0
Mashrafe Mortaza,Middle overs,0,0,0,0,0,0.0,0.0
Mashrafe Mortaza,Death overs,2,2,0,0,1,100.0,50.0
Mayank Dagar,Powerplay,0,0,0,0,0,0.0,0.0
Mayank Dagar,Middle overs,0,0,0,0,0,0.0,0.0
Mayank Dagar,Death overs,0,1,0,0,1,0.0,100.0
Misbah-ul-Haq,Powerplay,27,19,4,1,7,142.10526315789474,36.84210526315789
Misbah-ul-Haq,Middle overs,48,42,4,1,15,114.28571428571428,35.714285714285715
Misbah-ul-Haq,Death overs,42,20,2,4,6,210.0,30.0
Mohammad Ashraful,Powerplay,2,10,0,0,7,20.0,70.0
Mohammad Ashraful,Middle overs,0,0,0,0,0,0.0,0.0
Mohammad Ashraful,Death overs,0,0,0,0,0,0.0,0.0
Mohammad Asif,Powerplay,0,0,0,0,0,0.0,0.0
Mohammad Asif,Middle overs,2,3,0,0,1,66.66666666666666,33.33333333333333
Mohammad Asif,Death overs,1,3,0,0,2,33.33333333333333,66.66666666666666
Mohammad Hafeez,Powerplay,28,36,4,1,23,77.77777777777779,63.888888888888886
Mohammad Hafeez,Middle overs,26,38,1,1,18,68.42105263157895,47.368421052631575
Mohammad Hafeez,Death overs,10,9,2,0,5,111.11111111111111,55.55555555555556
Mohammad Nabi,Powerplay,26,15,2,2,5,173.33333333333334,33.33333333333333
Mohammad Nabi,Middle overs,66,50,3,3,13,132.0,26.0
Mohammad Nabi,Death overs,129,86,13,7,31,150.0,36.04651162790697
Mohammed Shami,Powerplay,0,0,0,0,0,0.0,0.0
Mohammed Shami,Middle overs,15,14,1,1,7,107.14285714285714,50.0
Mohammed Shami,Death overs,59,65,5,1,29,90.76923076923077,44.61538461538462
Mohammed Siraj,Powerplay,0,0,0,0,0,0.0,0.0
Mohammed Siraj,Middle overs,0,0,0,0,0,0.0,0.0
Mohammed Siraj,Death overs,109,117,10,4,60,93.16239316239316,51.28205128205128
Mohit Rathee,Powerplay,0,0,0,0,0,0.0,0.0
Mohit Rathee,Middle overs,0,0,0,0,0,0.0,0.0
Mohit Rathee,Death overs,1,2,0,0,1,50.0,50.0
Mohsin Khan,Powerplay,0,0,0,0,0,0.0,0.0
Mohsin Khan,Middle overs,1,3,0,0,2,33.33333333333333,66.66666666666666
Mohsin Khan,Death overs,24,21,2,1,10,114.28571428571428,47.61904761904761
Mujeeb Ur Rahman,Powerplay,0,0,0,0,0,0.0,0.0
Mujeeb Ur Rahman,Middle overs,1,3,0,0,2,33.33333333333333,66.66666666666666
Mujeeb Ur Rahman,Death overs,11,12,2,0,5,91.66666666666666,41.66666666666667
Mukesh Choudhary,Powerplay,0,0,0,0,0,0.0,0.0
Mukesh Choudhary,Middle overs,4,4,1,0,3,100.0,75.0
Mukesh Choudhary,Death overs,2,2,0,0,0,100.0,0.0
Mukesh Kumar,Powerplay,0,0,0,0,0,0.0,0.0
Mukesh Kumar,Middle overs,0,0,0,0,0,0.0,0.0
Mukesh Kumar,Death overs,10,18,0,0,8,55.55555555555556,44.44444444444444
Mustafizur Rahman,Powerplay,0,0,0,0,0,0.0,0.0
Mustafizur Rahman,Middle overs,0,0,0,0,0,0.0,0.0
Mustafizur Rahman,Death overs,13,23,0,1,15,56.52173913043478,65.21739130434783
N Jagadeesan,Powerplay,64,61,10,1,33,104.91803278688525,54.09836065573771
N Jagadeesan,Middle overs,87,73,11,1,28,119.17808219178083,38.35616438356164
N Jagadeesan,Death overs,11,13,0,0,3,84.61538461538461,23.076923076923077
N Pooran,Powerplay,73,50,6,6,29,146.0,57.99999999999999
N Pooran,Middle overs,982,621,61,71,196,158.13204508856683,31.561996779388085
N Pooran,Death overs,714,419,46,50,127,170.4057279236277,30.310262529832936
N Rana,Powerplay,649,547,83,25,279,118.64716636197441,51.005484460694696
N Rana,Middle overs,1581,1174,115,81,391,134.66780238500854,33.30494037478705
N Rana,Death overs,406,225,36,26,68,180.44444444444446,30.22222222222222
N Saini,Powerplay,80,83,10,0,41,96.3855421686747,49.39759036144578
N Saini,Middle overs,53,49,5,0,17,108.16326530612245,34.69387755102041
N Saini,Death overs,7,8,1,0,5,87.5,62.5
N Wadhera,Powerplay,21,21,2,1,12,100.0,57.14285714285714
N Wadhera,Middle overs,230,174,22,10,63,132.183908045977,36.206896551724135
N Wadhera,Death overs,99,55,8,7,17,180.0,30.909090909090907
ND Doshi,Powerplay,0,0,0,0,0,0.0,0.0
ND Doshi,Middle overs,0,0,0,0,0,0.0,0.0
ND Doshi,Death overs,0,13,0,0,13,0.0,100.0
NJ Maddinson,Powerplay,20,21,4,0,15,95.23809523809523,71.42857142857143
NJ Maddinson,Middle overs,0,0,0,0,0,0.0,0.0
NJ Maddinson,Death overs,0,0,0,0,0,0.0,0.0
NJ Rimmington,Powerplay,0,0,0,0,0,0.0,0.0
NJ Rimmington,Middle overs,0,0,0,0,0,0.0,0.0
NJ Rimmington,Death overs,1,1,0,0,0,100.0,0.0
NK Patel,Powerplay,45,55,8,0,34,81.81818181818183,61.81818181818181
NK Patel,Middle overs,39,42,3,0,16,92.85714285714286,38.095238095238095
NK Patel,Death overs,37,22,3,1,4,168.1818181818182,18.181818181818183
NL McCullum,Powerplay,0,0,0,0,0,0.0,0.0
NL McCullum,Middle overs,6,5,0,0,2,120.0,40.0
NL McCullum,Death overs,20,17,0,1,4,117.64705882352942,23.52941176470588
NLTC Perera,Powerplay,20,15,4,0,8,133.33333333333331,53.333333333333336
NLTC Perera,Middle overs,137,117,6,8,44,117.0940170940171,37.60683760683761
NLTC Perera,Death overs,267,174,13,18,52,153.44827586206898,29.88505747126437
NM Coulter-Nile,Powerplay,0,0,0,0,0,0.0,0.0
NM Coulter-Nile,Middle overs,9,16,2,0,13,56.25,81.25
NM Coulter-Nile,Death overs,73,56,5,4,22,130.35714285714286,39.285714285714285
NS Naik,Powerplay,7,16,1,0,12,43.75,75.0
NS Naik,Middle overs,11,12,1,0,5,91.66666666666666,41.66666666666667
NS Naik,Death overs,13,22,0,0,10,59.09090909090909,45.45454545454545
NT Ellis,Powerplay,0,0,0,0,0,0.0,0.0
NT Ellis,Middle overs,0,7,0,0,7,0.0,100.0
NT Ellis,Death overs,19,18,0,1,6,105.55555555555556,33.33333333333333
NV Ojha,Powerplay,494,481,58,21,278,102.7027027027027,57.7962577962578
NV Ojha,Middle overs,649,535,38,32,196,121.30841121495325,36.63551401869159
NV Ojha,Death overs,411,292,25,26,107,140.75342465753425,36.64383561643836
Naman Dhir,Powerplay,38,35,6,1,19,108.57142857142857,54.285714285714285
Naman Dhir,Middle overs,45,19,3,4,4,236.84210526315786,21.052631578947366
Naman Dhir,Death overs,57,24,3,5,4,237.5,16.666666666666664
Navdeep Saini,Powerplay,0,1,0,0,0,0.0,0.0
Navdeep Saini,Middle overs,5,9,0,0,4,55.55555555555556,44.44444444444444
Navdeep Saini,Death overs,28,27,3,0,11,103.7037037037037,40.74074074074074
Naveen-ul-Haq,Powerplay,0,0,0,0,0,0.0,0.0
Naveen-ul-Haq,Middle overs,1,5,0,0,4,20.0,80.0
Naveen-ul-Haq,Death overs,17,19,2,0,7,89.47368421052632,36.84210526315789
Nithish Kumar Reddy,Powerplay,37,40,1,2,20,92.5,50.0
Nithish Kumar Reddy,Middle overs,213,142,12,14,42,150.0,29.577464788732392
Nithish Kumar Reddy,Death overs,53,30,2,5,10,176.66666666666666,33.33333333333333
Noor Ahmad,Powerplay,0,0,0,0,0,0.0,0.0
Noor Ahmad,Middle overs,1,3,0,0,2,33.33333333333333,66.66666666666666
Noor Ahmad,Death overs,12,15,2,0,9,80.0,60.0
OA Shah,Powerplay,23,18,1,2,9,127.77777777777777,50.0
OA Shah,Middle overs,214,199,13,8,73,107.53768844221105,36.68341708542713
OA Shah,Death overs,269,171,20,13,39,157.30994152046785,22.807017543859647
OC McCoy,Powerplay,0,0,0,0,0,0.0,0.0
OC McCoy,Middle overs,0,0,0,0,0,0.0,0.0
OC McCoy,Death overs,8,5,0,1,2,160.0,40.0
OF Smith,Powerplay,0,0,0,0,0,0.0,0.0
OF Smith,Middle overs,3,9,0,0,6,33.33333333333333,66.66666666666666
OF Smith,Death overs,48,35,1,5,17,137.14285714285714,48.57142857142857
P Awana,Powerplay,0,0,0,0,0,0.0,0.0
P Awana,Middle overs,0,0,0,0,0,0.0,0.0
P Awana,Death overs,5,14,0,0,9,35.714285714285715,64.28571428571429
P Chopra,Powerplay,0,0,0,0,0,0.0,0.0
P Chopra,Middle overs,8,6,2,0,4,133.33333333333331,66.66666666666666
P Chopra,Death overs,0,0,0,0,0,0.0,0.0
P Dogra,Powerplay,0,0,0,0,0,0.0,0.0
P Dogra,Middle overs,54,76,1,2,39,71.05263157894737,51.31578947368421
P Dogra,Death overs,73,62,3,3,20,117.74193548387098,32.25806451612903
P Dubey,Powerplay,0,0,0,0,0,0.0,0.0
P Dubey,Middle overs,13,16,2,0,9,81.25,56.25
P Dubey,Death overs,10,17,0,0,7,58.82352941176471,41.17647058823529
P Kumar,Powerplay,6,8,1,0,6,75.0,75.0
P Kumar,Middle overs,40,45,3,3,27,88.88888888888889,60.0
P Kumar,Death overs,294,259,18,14,108,113.51351351351352,41.6988416988417
P Negi,Powerplay,4,6,1,0,4,66.66666666666666,66.66666666666666
P Negi,Middle overs,104,101,7,5,46,102.97029702970298,45.54455445544555
P Negi,Death overs,257,181,19,11,54,141.9889502762431,29.83425414364641
P Parameswaran,Powerplay,0,0,0,0,0,0.0,0.0
P Parameswaran,Middle overs,0,0,0,0,0,0.0,0.0
P Parameswaran,Death overs,1,2,0,0,1,50.0,50.0
P Ray Barman,Powerplay,0,0,0,0,0,0.0,0.0
P Ray Barman,Middle overs,19,23,2,0,10,82.6086956521739,43.47826086956522
P Ray Barman,Death overs,0,1,0,0,1,0.0,100.0
P Sahu,Powerplay,0,0,0,0,0,0.0,0.0
P Sahu,Middle overs,0,0,0,0,0,0.0,0.0
P Sahu,Death overs,19,13,1,1,4,146.15384615384613,30.76923076923077
P Simran Singh,Powerplay,499,343,63,23,164,145.48104956268222,47.8134110787172
P Simran Singh,Middle overs,204,139,9,16,45,146.76258992805757,32.37410071942446
P Simran Singh,Death overs,53,34,6,2,13,155.88235294117646,38.23529411764706
PA Patel,Powerplay,1904,1561,283,31,706,121.97309417040358,45.22741832158872
PA Patel,Middle overs,849,718,73,16,205,118.2451253481894,28.551532033426184
PA Patel,Death overs,95,71,9,2,17,133.80281690140845,23.943661971830984
PA Reddy,Powerplay,103,104,10,1,48,99.03846153846155,46.15384615384615
PA Reddy,Middle overs,46,51,3,0,16,90.19607843137256,31.372549019607842
PA Reddy,Death overs,15,5,2,1,1,300.0,20.0
PBB Rajapaksa,Powerplay,77,48,8,5,20,160.41666666666669,41.66666666666667
PBB Rajapaksa,Middle overs,194,134,14,10,41,144.77611940298507,30.597014925373134
PBB Rajapaksa,Death overs,6,8,0,0,3,75.0,37.5
PC Valthaty,Powerplay,312,274,45,10,158,113.86861313868613,57.66423357664233
PC Valthaty,Middle overs,147,118,9,9,46,124.57627118644068,38.983050847457626
PC Valthaty,Death overs,46,22,7,1,5,209.0909090909091,22.727272727272727
PD Collingwood,Powerplay,26,19,3,1,8,136.8421052631579,42.10526315789473
PD Collingwood,Middle overs,96,92,4,4,34,104.34782608695652,36.95652173913043
PD Collingwood,Death overs,81,45,2,8,12,180.0,26.666666666666668
PD Salt,Powerplay,404,229,48,22,85,176.41921397379912,37.117903930131
PD Salt,Middle overs,214,120,22,10,29,178.33333333333334,24.166666666666668
PD Salt,Death overs,35,19,4,2,6,184.21052631578948,31.57894736842105
PJ Cummins,Powerplay,0,1,0,0,1,0.0,100.0
PJ Cummins,Middle overs,145,109,13,8,50,133.0275229357798,45.87155963302752
PJ Cummins,Death overs,370,232,20,26,75,159.48275862068965,32.327586206896555
PJ Sangwan,Powerplay,0,0,0,0,0,0.0,0.0
PJ Sangwan,Middle overs,4,9,0,0,5,44.44444444444444,55.55555555555556
PJ Sangwan,Death overs,22,35,1,0,18,62.857142857142854,51.42857142857142
PK Garg,Powerplay,51,50,2,3,25,102.0,50.0
PK Garg,Middle overs,157,150,7,4,47,104.66666666666666,31.333333333333336
PK Garg,Death overs,65,38,7,2,11,171.05263157894737,28.947368421052634
PM Sarvesh Kumar,Powerplay,0,0,0,0,0,0.0,0.0
PM Sarvesh Kumar,Middle overs,0,0,0,0,0,0.0,0.0
PM Sarvesh Kumar,Death overs,1,2,0,0,1,50.0,50.0
PN Mankad,Powerplay,45,37,8,0,19,121.62162162162163,51.35135135135135
PN Mankad,Middle overs,34,24,3,1,5,141.66666666666669,20.833333333333336
PN Mankad,Death overs,18,11,2,1,4,163.63636363636365,36.36363636363637
PP Chawla,Powerplay,15,13,3,0,7,115.38461538461537,53.84615384615385
PP Chawla,Middle overs,156,177,10,5,84,88.13559322033898,47.45762711864407
PP Chawla,Death overs,453,371,43,15,135,122.10242587601078,36.38814016172507
PP Ojha,Powerplay,0,0,0,0,0,0.0,0.0
PP Ojha,Middle overs,0,2,0,0,2,0.0,100.0
PP Ojha,Death overs,16,42,0,0,23,38.095238095238095,54.761904761904766
PP Shaw,Powerplay,1347,917,193,37,380,146.89203925845146,41.43947655398037
PP Shaw,Middle overs,515,342,40,24,82,150.58479532163742,23.976608187134502
PP Shaw,Death overs,30,21,5,0,8,142.85714285714286,38.095238095238095
PR Shah,Powerplay,30,31,1,2,16,96.7741935483871,51.61290322580645
PR Shah,Middle overs,35,39,5,0,17,89.74358974358975,43.58974358974359
PR Shah,Death overs,27,20,3,0,6,135.0,30.0
PSP Handscomb,Powerplay,0,0,0,0,0,0.0,0.0
PSP Handscomb,Middle overs,6,12,0,0,6,50.0,50.0
PSP Handscomb,Death overs,0,0,0,0,0,0.0,0.0
PV Tambe,Powerplay,0,0,0,0,0,0.0,0.0
PV Tambe,Middle overs,6,8,1,0,5,75.0,62.5
PV Tambe,Death overs,12,30,0,0,17,40.0,56.666666666666664
PVD Chameera,Powerplay,0,0,0,0,0,0.0,0.0
PVD Chameera,Middle overs,0,0,0,0,0,0.0,0.0
PVD Chameera,Death overs,43,28,3,3,11,153.57142857142858,39.285714285714285
PWH de Silva,Powerplay,0,0,0,0,0,0.0,0.0
PWH de Silva,Middle overs,17,24,2,0,13,70.83333333333334,54.166666666666664
PWH de Silva,Death overs,55,49,5,1,20,112.24489795918366,40.816326530612244
Pankaj Singh,Powerplay,0,0,0,0,0,0.0,0.0
Pankaj Singh,Middle overs,0,0,0,0,0,0.0,0.0
Pankaj Singh,Death overs,7,12,0,0,6,58.333333333333336,50.0
Parvez Rasool,Powerplay,0,0,0,0,0,0.0,0.0
Parvez Rasool,Middle overs,0,0,0,0,0,0.0,0.0
Parvez Rasool,Death overs,17,20,1,0,6,85.0,30.0
Q de Kock,Powerplay,1843,1400,206,75,612,131.64285714285714,43.714285714285715
Q de Kock,Middle overs,1131,857,89,40,241,131.97199533255542,28.121353558926486
Q de Kock,Death overs,186,92,21,8,15,202.17391304347828,16.304347826086957
R Ashwin,Powerplay,58,60,9,2,38,96.66666666666667,63.33333333333333
R Ashwin,Middle overs,266,260,15,8,92,102.30769230769229,35.38461538461539
R Ashwin,Death overs,476,354,37,18,100,134.4632768361582,28.24858757062147
R Bhatia,Powerplay,0,0,0,0,0,0.0,0.0
R Bhatia,Middle overs,91,112,4,2,46,81.25,41.07142857142857
R Bhatia,Death overs,251,172,20,11,51,145.93023255813952,29.651162790697676
R Bishnoi,Powerplay,18,14,1,2,9,128.57142857142858,64.28571428571429
R Bishnoi,Middle overs,0,1,0,0,1,0.0,100.0
R Bishnoi,Death overs,1,2,0,0,1,50.0,50.0
R Dhawan,Powerplay,0,0,0,0,0,0.0,0.0
R Dhawan,Middle overs,42,55,6,0,33,76.36363636363637,60.0
R Dhawan,Death overs,168,132,12,7,48,127.27272727272727,36.36363636363637
R Dravid,Powerplay,905,829,148,7,425,109.16767189384802,51.26658624849216
R Dravid,Middle overs,1069,930,100,12,282,114.94623655913978,30.32258064516129
R Dravid,Death overs,200,119,21,9,39,168.0672268907563,32.773109243697476
R McLaren,Powerplay,12,18,1,0,9,66.66666666666666,50.0
R McLaren,Middle overs,78,95,6,0,39,82.10526315789474,41.05263157894737
R McLaren,Death overs,69,58,7,1,17,118.96551724137932,29.310344827586203
R Ninan,Powerplay,0,0,0,0,0,0.0,0.0
R Ninan,Middle overs,0,0,0,0,0,0.0,0.0
R Ninan,Death overs,3,5,0,0,2,60.0,40.0
R Parag,Powerplay,50,50,7,2,31,100.0,62.0
R Parag,Middle overs,640,514,44,27,164,124.5136186770428,31.906614785992215
R Parag,Death overs,483,301,33,31,95,160.46511627906978,31.561461794019934
R Powell,Powerplay,0,0,0,0,0,0.0,0.0
R Powell,Middle overs,131,128,6,8,60,102.34375,46.875
R Powell,Death overs,229,116,15,20,38,197.41379310344826,32.758620689655174
R Rampaul,Powerplay,0,0,0,0,0,0.0,0.0
R Rampaul,Middle overs,15,16,0,1,7,93.75,43.75
R Rampaul,Death overs,36,33,3,1,15,109.09090909090908,45.45454545454545
R Ravindra,Powerplay,169,110,21,7,43,153.63636363636363,39.09090909090909
R Ravindra,Middle overs,53,27,1,5,4,196.2962962962963,14.814814814814813
R Ravindra,Death overs,0,0,0,0,0,0.0,0.0
R Sai Kishore,Powerplay,0,0,0,0,0,0.0,0.0
R Sai Kishore,Middle overs,0,0,0,0,0,0.0,0.0
R Sai Kishore,Death overs,13,6,0,2,2,216.66666666666666,33.33333333333333
R Sanjay Yadav,Powerplay,0,0,0,0,0,0.0,0.0
R Sanjay Yadav,Middle overs,0,0,0,0,0,0.0,0.0
R Sanjay Yadav,Death overs,0,2,0,0,2,0.0,100.0
R Sathish,Powerplay,0,7,0,0,7,0.0,100.0
R Sathish,Middle overs,106,105,7,2,42,100.95238095238095,40.0
R Sathish,Death overs,164,118,15,4,30,138.98305084745763,25.423728813559322
R Sharma,Powerplay,0,0,0,0,0,0.0,0.0
R Sharma,Middle overs,1,2,0,0,1,50.0,50.0
R Sharma,Death overs,65,73,5,3,42,89.04109589041096,57.534246575342465
R Shepherd,Powerplay,0,0,0,0,0,0.0,0.0
R Shepherd,Middle overs,24,19,0,2,8,126.3157894736842,42.10526315789473
R Shepherd,Death overs,91,43,7,8,13,211.6279069767442,30.23255813953488
R Shukla,Powerplay,0,0,0,0,0,0.0,0.0
R Shukla,Middle overs,1,1,0,0,0,100.0,0.0
R Shukla,Death overs,18,22,2,0,10,81.81818181818183,45.45454545454545
R Tewatia,Powerplay,6,7,1,0,4,85.71428571428571,57.14285714285714
R Tewatia,Middle overs,298,320,22,6,130,93.125,40.625
R Tewatia,Death overs,709,421,61,41,117,168.4085510688836,27.790973871733964
R Vinay Kumar,Powerplay,0,0,0,0,0,0.0,0.0
R Vinay Kumar,Middle overs,48,48,4,0,16,100.0,33.33333333333333
R Vinay Kumar,Death overs,262,226,17,9,80,115.929203539823,35.39823008849557
RA Bawa,Powerplay,0,1,0,0,1,0.0,100.0
RA Bawa,Middle overs,11,13,1,0,6,84.61538461538461,46.15384615384615
RA Bawa,Death overs,0,0,0,0,0,0.0,0.0
RA Jadeja,Powerplay,60,57,9,1,30,105.26315789473684,52.63157894736842
RA Jadeja,Middle overs,1219,1102,84,31,379,110.61705989110709,34.39201451905626
RA Jadeja,Death overs,1680,1108,122,75,266,151.6245487364621,24.0072202166065
RA Tripathi,Powerplay,977,688,123,36,285,142.00581395348837,41.424418604651166
RA Tripathi,Middle overs,1040,761,84,36,212,136.6622864651774,27.8580814717477
RA Tripathi,Death overs,219,149,16,12,52,146.9798657718121,34.899328859060404
RD Chahar,Powerplay,0,0,0,0,0,0.0,0.0
RD Chahar,Middle overs,4,16,0,0,13,25.0,81.25
RD Chahar,Death overs,125,108,13,5,54,115.74074074074075,50.0
RD Gaikwad,Powerplay,1128,885,130,35,374,127.45762711864406,42.259887005649716
RD Gaikwad,Middle overs,995,697,65,43,169,142.75466284074605,24.2467718794835
RD Gaikwad,Death overs,257,148,22,13,35,173.64864864864865,23.64864864864865
RE Levi,Powerplay,62,57,9,2,29,108.77192982456141,50.877192982456144
RE Levi,Middle overs,21,16,1,2,7,131.25,43.75
RE Levi,Death overs,0,0,0,0,0,0.0,0.0
RE van der Merwe,Powerplay,36,37,3,2,22,97.2972972972973,59.45945945945946
RE van der Merwe,Middle overs,70,58,5,3,22,120.6896551724138,37.93103448275862
RE van der Merwe,Death overs,53,46,3,3,17,115.21739130434783,36.95652173913043
RG More,Powerplay,0,0,0,0,0,0.0,0.0
RG More,Middle overs,0,0,0,0,0,0.0,0.0
RG More,Death overs,2,2,0,0,0,100.0,0.0
RG Sharma,Powerplay,2137,1742,240,94,856,122.67508610792193,49.13892078071183
RG Sharma,Middle overs,2980,2467,232,96,779,120.79448723145521,31.576813944061616
RG Sharma,Death overs,1513,830,127,91,217,182.289156626506,26.144578313253014
RJ Gleeson,Powerplay,0,0,0,0,0,0.0,0.0
RJ Gleeson,Middle overs,0,0,0,0,0,0.0,0.0
RJ Gleeson,Death overs,2,2,0,0,0,100.0,0.0
RJ Harris,Powerplay,0,0,0,0,0,0.0,0.0
RJ Harris,Middle overs,20,25,1,0,10,80.0,40.0
RJ Harris,Death overs,97,86,5,3,35,112.79069767441861,40.69767441860465
RJ Peterson,Powerplay,0,0,0,0,0,0.0,0.0
RJ Peterson,Middle overs,13,14,1,0,4,92.85714285714286,28.57142857142857
RJ Peterson,Death overs,19,16,2,1,7,118.75,43.75
RJ Quiney,Powerplay,65,71,9,1,38,91.54929577464789,53.52112676056338
RJ Quiney,Middle overs,37,28,3,2,9,132.14285714285714,32.142857142857146
RJ Quiney,Death overs,1,3,0,0,2,33.33333333333333,66.66666666666666
RJW Topley,Powerplay,0,0,0,0,0,0.0,0.0
RJW Topley,Middle overs,0,0,0,0,0,0.0,0.0
RJW Topley,Death overs,3,6,0,0,3,50.0,50.0
RK Bhui,Powerplay,0,7,0,0,7,0.0,100.0
RK Bhui,Middle overs,10,18,0,0,10,55.55555555555556,55.55555555555556
RK Bhui,Death overs,0,1,0,0,1,0.0,100.0
RK Singh,Powerplay,36,25,4,2,11,144.0,44.0
RK Singh,Middle overs,358,323,24,10,109,110.83591331269349,33.746130030959755
RK Singh,Death overs,499,269,39,34,79,185.5018587360595,29.36802973977695
RM Patidar,Powerplay,170,138,26,3,61,123.18840579710144,44.20289855072464
RM Patidar,Middle overs,557,334,21,43,76,166.76646706586826,22.75449101796407
RM Patidar,Death overs,72,30,4,8,10,240.0,33.33333333333333
RN ten Doeschate,Powerplay,6,7,1,0,4,85.71428571428571,57.14285714285714
RN ten Doeschate,Middle overs,108,88,8,4,29,122.72727272727273,32.95454545454545
RN ten Doeschate,Death overs,212,140,17,11,38,151.42857142857142,27.142857142857142
RP Meredith,Powerplay,0,0,0,0,0,0.0,0.0
RP Meredith,Middle overs,0,0,0,0,0,0.0,0.0
RP Meredith,Death overs,0,3,0,0,3,0.0,100.0
RP Singh,Powerplay,0,0,0,0,0,0.0,0.0
RP Singh,Middle overs,2,6,0,0,4,33.33333333333333,66.66666666666666
RP Singh,Death overs,50,70,2,1,30,71.42857142857143,42.857142857142854
RR Bhatkal,Powerplay,0,0,0,0,0,0.0,0.0
RR Bhatkal,Middle overs,0,0,0,0,0,0.0,0.0
RR Bhatkal,Death overs,0,2,0,0,2,0.0,100.0
RR Pant,Powerplay,390,307,52,10,137,127.0358306188925,44.62540716612378
RR Pant,Middle overs,1984,1448,169,77,437,137.01657458563537,30.17955801104972
RR Pant,Death overs,923,451,77,67,125,204.6563192904656,27.716186252771617
RR Powar,Powerplay,0,0,0,0,0,0.0,0.0
RR Powar,Middle overs,0,4,0,0,4,0.0,100.0
RR Powar,Death overs,67,60,6,1,22,111.66666666666667,36.666666666666664
RR Raje,Powerplay,0,0,0,0,0,0.0,0.0
RR Raje,Middle overs,0,0,0,0,0,0.0,0.0
RR Raje,Death overs,20,18,1,1,6,111.11111111111111,33.33333333333333
RR Rossouw,Powerplay,139,99,24,3,49,140.4040404040404,49.494949494949495
RR Rossouw,Middle overs,252,168,16,16,58,150.0,34.523809523809526
RR Rossouw,Death overs,82,39,5,6,6,210.25641025641028,15.384615384615385
RR Sarwan,Powerplay,45,40,6,1,18,112.5,45.0
RR Sarwan,Middle overs,28,35,0,0,12,80.0,34.285714285714285
RR Sarwan,Death overs,0,0,0,0,0,0.0,0.0
RS Bopara,Powerplay,130,144,11,3,68,90.27777777777779,47.22222222222222
RS Bopara,Middle overs,222,205,17,3,63,108.29268292682927,30.73170731707317
RS Bopara,Death overs,179,104,11,10,22,172.1153846153846,21.153846153846153
RS Gavaskar,Powerplay,0,0,0,0,0,0.0,0.0
RS Gavaskar,Middle overs,2,8,0,0,6,25.0,75.0
RS Gavaskar,Death overs,0,0,0,0,0,0.0,0.0
RS Sodhi,Powerplay,0,0,0,0,0,0.0,0.0
RS Sodhi,Middle overs,0,0,0,0,0,0.0,0.0
RS Sodhi,Death overs,4,2,1,0,1,200.0,50.0
RT Ponting,Powerplay,45,75,2,1,43,60.0,57.333333333333336
RT Ponting,Middle overs,46,53,3,1,20,86.79245283018868,37.735849056603776
RT Ponting,Death overs,0,0,0,0,0,0.0,0.0
RV Gomez,Powerplay,0,1,0,0,1,0.0,100.0
RV Gomez,Middle overs,0,6,0,0,6,0.0,100.0
RV Gomez,Death overs,50,44,5,1,15,113.63636363636364,34.090909090909086
RV Patel,Powerplay,0,0,0,0,0,0.0,0.0
RV Patel,Middle overs,28,31,2,1,16,90.32258064516128,51.61290322580645
RV Patel,Death overs,52,42,4,1,9,123.80952380952381,21.428571428571427
RV Uthappa,Powerplay,2037,1632,261,50,715,124.81617647058823,43.81127450980392
RV Uthappa,Middle overs,2350,1829,180,97,596,128.48551120831056,32.58611262985237
RV Uthappa,Death overs,567,323,40,35,77,175.54179566563468,23.8390092879257
Rahmanullah Gurbaz,Powerplay,189,147,18,12,76,128.57142857142858,51.70068027210885
Rahmanullah Gurbaz,Middle overs,100,67,6,7,23,149.2537313432836,34.32835820895522
Rahmanullah Gurbaz,Death overs,0,1,0,0,1,0.0,100.0
Ramandeep Singh,Powerplay,2,3,0,0,1,66.66666666666666,33.33333333333333
Ramandeep Singh,Middle overs,73,58,2,5,20,125.86206896551724,34.48275862068966
Ramandeep Singh,Death overs,95,39,6,8,8,243.58974358974356,20.51282051282051
Rashid Khan,Powerplay,0,0,0,0,0,0.0,0.0
Rashid Khan,Middle overs,70,55,3,4,21,127.27272727272727,38.18181818181819
Rashid Khan,Death overs,475,276,36,34,99,172.10144927536234,35.869565217391305
Rasikh Salam,Powerplay,0,0,0,0,0,0.0,0.0
Rasikh Salam,Middle overs,11,15,1,0,7,73.33333333333333,46.666666666666664
Rasikh Salam,Death overs,29,25,4,0,11,115.99999999999999,44.0
Ravi Bishnoi,Powerplay,0,0,0,0,0,0.0,0.0
Ravi Bishnoi,Middle overs,9,18,0,0,8,50.0,44.44444444444444
Ravi Bishnoi,Death overs,23,32,2,0,19,71.875,59.375
S Anirudha,Powerplay,26,28,5,0,16,92.85714285714286,57.14285714285714
S Anirudha,Middle overs,34,33,1,2,11,103.03030303030303,33.33333333333333
S Anirudha,Death overs,76,51,3,5,14,149.01960784313727,27.450980392156865
S Aravind,Powerplay,0,0,0,0,0,0.0,0.0
S Aravind,Middle overs,10,12,1,0,6,83.33333333333334,50.0
S Aravind,Death overs,49,45,6,0,15,108.88888888888889,33.33333333333333
S Badree,Powerplay,0,0,0,0,0,0.0,0.0
S Badree,Middle overs,5,9,0,0,5,55.55555555555556,55.55555555555556
S Badree,Death overs,8,14,0,0,7,57.14285714285714,50.0
S Badrinath,Powerplay,182,236,27,1,145,77.11864406779661,61.440677966101696
S Badrinath,Middle overs,837,697,85,15,227,120.08608321377332,32.568149210903876
S Badrinath,Death overs,422,275,42,12,59,153.45454545454544,21.454545454545453
S Chanderpaul,Powerplay,25,31,4,0,18,80.64516129032258,58.06451612903226
S Chanderpaul,Middle overs,0,0,0,0,0,0.0,0.0
S Chanderpaul,Death overs,0,0,0,0,0,0.0,0.0
S Dhawan,Powerplay,3415,2771,455,76,1195,123.24070732587514,43.12522555034284
S Dhawan,Middle overs,2686,2115,244,55,579,126.99763593380615,27.375886524822697
S Dhawan,Death overs,668,418,69,22,105,159.80861244019138,25.11961722488038
S Dube,Powerplay,30,40,2,1,24,75.0,60.0
S Dube,Middle overs,951,685,57,58,226,138.83211678832117,32.992700729927
S Dube,Death overs,521,297,27,42,85,175.4208754208754,28.619528619528616
S Gopal,Powerplay,0,4,0,0,4,0.0,100.0
S Gopal,Middle overs,45,61,4,0,30,73.77049180327869,49.18032786885246
S Gopal,Death overs,135,104,15,2,31,129.80769230769232,29.807692307692307
S Kaul,Powerplay,0,0,0,0,0,0.0,0.0
S Kaul,Middle overs,0,0,0,0,0,0.0,0.0
S Kaul,Death overs,20,36,1,0,23,55.55555555555556,63.888888888888886
S Kaushik,Powerplay,0,0,0,0,0,0.0,0.0
S Kaushik,Middle overs,0,0,0,0,0,0.0,0.0
S Kaushik,Death overs,0,1,0,0,1,0.0,100.0
S Ladda,Powerplay,0,0,0,0,0,0.0,0.0
S Ladda,Middle overs,0,6,0,0,6,0.0,100.0
S Ladda,Death overs,0,3,0,0,3,0.0,100.0
S Lamichhane,Powerplay,0,0,0,0,0,0.0,0.0
S Lamichhane,Middle overs,0,0,0,0,0,0.0,0.0
S Lamichhane,Death overs,0,1,0,0,1,0.0,100.0
S Nadeem,Powerplay,0,0,0,0,0,0.0,0.0
S Nadeem,Middle overs,9,21,0,0,12,42.857142857142854,57.14285714285714
S Nadeem,Death overs,30,66,2,0,43,45.45454545454545,65.15151515151516
S Narwal,Powerplay,0,0,0,0,0,0.0,0.0
S Narwal,Middle overs,12,9,2,0,4,133.33333333333331,44.44444444444444
S Narwal,Death overs,25,18,4,0,6,138.88888888888889,33.33333333333333
S Rana,Powerplay,20,22,2,1,14,90.9090909090909,63.63636363636363
S Rana,Middle overs,3,9,0,0,6,33.33333333333333,66.66666666666666
S Rana,Death overs,68,48,7,0,10,141.66666666666669,20.833333333333336
S Randiv,Powerplay,0,0,0,0,0,0.0,0.0
S Randiv,Middle overs,0,0,0,0,0,0.0,0.0
S Randiv,Death overs,2,4,0,0,3,50.0,75.0
S Sohal,Powerplay,279,217,26,15,105,128.57142857142858,48.38709677419355
S Sohal,Middle overs,85,63,8,3,19,134.92063492063494,30.158730158730158
S Sohal,Death overs,4,9,0,0,6,44.44444444444444,66.66666666666666
S Sreesanth,Powerplay,0,0,0,0,0,0.0,0.0
S Sreesanth,Middle overs,0,0,0,0,0,0.0,0.0
S Sreesanth,Death overs,34,55,6,0,36,61.81818181818181,65.45454545454545
S Sriram,Powerplay,13,11,2,0,4,118.18181818181819,36.36363636363637
S Sriram,Middle overs,18,25,1,0,11,72.0,44.0
S Sriram,Death overs,0,0,0,0,0,0.0,0.0
S Tyagi,Powerplay,0,0,0,0,0,0.0,0.0
S Tyagi,Middle overs,0,0,0,0,0,0.0,0.0
S Tyagi,Death overs,3,4,0,0,1,75.0,25.0
S Vidyut,Powerplay,103,76,16,2,34,135.5263157894737,44.73684210526316
S Vidyut,Middle overs,42,30,5,1,11,140.0,36.666666666666664
S Vidyut,Death overs,0,3,0,0,3,0.0,100.0
SA Abbott,Powerplay,0,0,0,0,0,0.0,0.0
SA Abbott,Middle overs,0,3,0,0,3,0.0,100.0
SA Abbott,Death overs,22,15,1,2,6,146.66666666666666,40.0
SA Asnodkar,Powerplay,278,208,38,9,94,133.65384615384613,45.19230769230769
SA Asnodkar,Middle overs,145,129,18,1,45,112.40310077519379,34.883720930232556
SA Asnodkar,Death overs,0,0,0,0,0,0.0,0.0
SA Yadav,Powerplay,859,610,120,27,270,140.81967213114754,44.26229508196721
SA Yadav,Middle overs,2041,1463,192,67,425,139.50786056049213,29.049897470950103
SA Yadav,Death overs,694,389,73,36,117,178.40616966580978,30.077120822622106
SB Bangar,Powerplay,0,0,0,0,0,0.0,0.0
SB Bangar,Middle overs,17,35,0,0,17,48.57142857142857,48.57142857142857
SB Bangar,Death overs,32,23,1,3,8,139.1304347826087,34.78260869565217
SB Dubey,Powerplay,0,0,0,0,0,0.0,0.0
SB Dubey,Middle overs,22,13,2,1,2,169.23076923076923,15.384615384615385
SB Dubey,Death overs,11,6,1,1,3,183.33333333333331,50.0
SB Jakati,Powerplay,0,0,0,0,0,0.0,0.0
SB Jakati,Middle overs,0,0,0,0,0,0.0,0.0
SB Jakati,Death overs,28,29,3,0,11,96.55172413793103,37.93103448275862
SB Joshi,Powerplay,0,0,0,0,0,0.0,0.0
SB Joshi,Middle overs,6,13,0,0,7,46.15384615384615,53.84615384615385
SB Joshi,Death overs,0,1,0,0,1,0.0,100.0
SB Styris,Powerplay,8,12,0,0,4,66.66666666666666,33.33333333333333
SB Styris,Middle overs,83,93,7,1,37,89.24731182795699,39.784946236559136
SB Styris,Death overs,40,27,3,2,7,148.14814814814815,25.925925925925924
SB Wagh,Powerplay,0,0,0,0,0,0.0,0.0
SB Wagh,Middle overs,0,0,0,0,0,0.0,0.0
SB Wagh,Death overs,2,3,0,0,2,66.66666666666666,66.66666666666666
SC Ganguly,Powerplay,529,517,76,9,270,102.32108317214701,52.22437137330754
SC Ganguly,Middle overs,630,638,52,17,269,98.7460815047022,42.16300940438871
SC Ganguly,Death overs,190,102,9,16,28,186.27450980392157,27.450980392156865
SD Chitnis,Powerplay,1,6,0,0,5,16.666666666666664,83.33333333333334
SD Chitnis,Middle overs,55,46,7,1,18,119.56521739130434,39.130434782608695
SD Chitnis,Death overs,43,36,3,1,11,119.44444444444444,30.555555555555557
SD Hope,Powerplay,78,60,9,4,31,130.0,51.66666666666667
SD Hope,Middle overs,94,52,2,8,10,180.76923076923077,19.230769230769234
SD Hope,Death overs,11,10,1,0,4,110.00000000000001,40.0
SD Lad,Powerplay,15,13,1,1,8,115.38461538461537,61.53846153846154
SD Lad,Middle overs,0,0,0,0,0,0.0,0.0
SD Lad,Death overs,0,0,0,0,0,0.0,0.0
SE Bond,Powerplay,0,0,0,0,0,0.0,0.0
SE Bond,Middle overs,1,2,0,0,1,50.0,50.0
SE Bond,Death overs,0,0,0,0,0,0.0,0.0
SE Marsh,Powerplay,779,733,118,8,360,106.27557980900409,49.113233287858115
SE Marsh,Middle overs,1448,971,134,56,249,149.12461380020596,25.64366632337796
SE Marsh,Death overs,262,162,17,14,38,161.7283950617284,23.456790123456788
SE Rutherford,Powerplay,4,12,0,0,8,33.33333333333333,66.66666666666666
SE Rutherford,Middle overs,36,50,1,1,22,72.0,44.0
SE Rutherford,Death overs,66,42,2,7,17,157.14285714285714,40.476190476190474
SH Johnson,Powerplay,0,0,0,0,0,0.0,0.0
SH Johnson,Middle overs,0,0,0,0,0,0.0,0.0
SH Johnson,Death overs,6,7,1,0,3,85.71428571428571,42.857142857142854
SJ Srivastava,Powerplay,0,0,0,0,0,0.0,0.0
SJ Srivastava,Middle overs,0,0,0,0,0,0.0,0.0
SJ Srivastava,Death overs,5,5,0,0,1,100.0,20.0
SK Raina,Powerplay,1560,1165,198,55,536,133.90557939914163,46.00858369098712
SK Raina,Middle overs,3077,2339,240,106,636,131.55194527575887,27.191107310816587
SK Raina,Death overs,899,521,68,43,104,172.55278310940497,19.961612284069098
SK Trivedi,Powerplay,0,0,0,0,0,0.0,0.0
SK Trivedi,Middle overs,0,1,0,0,1,0.0,100.0
SK Trivedi,Death overs,42,57,3,1,33,73.68421052631578,57.89473684210527
SK Warne,Powerplay,0,0,0,0,0,0.0,0.0
SK Warne,Middle overs,61,82,4,2,43,74.39024390243902,52.4390243902439
SK Warne,Death overs,137,131,10,4,52,104.58015267175573,39.69465648854962
SL Malinga,Powerplay,0,0,0,0,0,0.0,0.0
SL Malinga,Middle overs,2,3,0,0,1,66.66666666666666,33.33333333333333
SL Malinga,Death overs,86,96,6,5,51,89.58333333333334,53.125
SM Curran,Powerplay,123,104,13,5,49,118.26923076923077,47.11538461538461
SM Curran,Middle overs,336,305,22,9,106,110.16393442622952,34.75409836065574
SM Curran,Death overs,424,234,39,23,63,181.1965811965812,26.923076923076923
SM Harwood,Powerplay,0,0,0,0,0,0.0,0.0
SM Harwood,Middle overs,0,0,0,0,0,0.0,0.0
SM Harwood,Death overs,9,13,0,0,4,69.23076923076923,30.76923076923077
SM Katich,Powerplay,145,108,19,5,49,134.25925925925927,45.370370370370374
SM Katich,Middle overs,76,61,7,2,23,124.59016393442623,37.704918032786885
SM Katich,Death overs,20,16,0,1,1,125.0,6.25
SM Pollock,Powerplay,1,6,0,0,5,16.666666666666664,83.33333333333334
SM Pollock,Middle overs,66,63,4,3,23,104.76190476190477,36.507936507936506
SM Pollock,Death overs,80,42,8,5,12,190.47619047619045,28.57142857142857
SMSM Senanayake,Powerplay,0,0,0,0,0,0.0,0.0
SMSM Senanayake,Middle overs,0,0,0,0,0,0.0,0.0
SMSM Senanayake,Death overs,10,16,0,0,7,62.5,43.75
SN Khan,Powerplay,89,68,10,4,31,130.88235294117646,45.588235294117645
SN Khan,Middle overs,216,208,20,3,76,103.84615384615385,36.53846153846153
SN Khan,Death overs,280,168,33,7,39,166.66666666666669,23.214285714285715
SN Thakur,Powerplay,0,4,0,0,4,0.0,100.0
SN Thakur,Middle overs,105,77,9,4,23,136.36363636363635,29.87012987012987
SN Thakur,Death overs,202,139,18,9,48,145.32374100719426,34.53237410071942
SO Hetmyer,Powerplay,60,56,6,3,29,107.14285714285714,51.78571428571429
SO Hetmyer,Middle overs,392,317,22,21,115,123.65930599369086,36.27760252365931
SO Hetmyer,Death overs,791,434,48,58,110,182.25806451612902,25.34562211981567
SP Fleming,Powerplay,120,108,17,2,57,111.11111111111111,52.77777777777778
SP Fleming,Middle overs,76,54,10,1,17,140.74074074074073,31.48148148148148
SP Fleming,Death overs,0,0,0,0,0,0.0,0.0
SP Goswami,Powerplay,163,165,21,1,82,98.7878787878788,49.696969696969695
SP Goswami,Middle overs,104,106,10,1,41,98.11320754716981,38.67924528301887
SP Goswami,Death overs,26,22,1,1,6,118.18181818181819,27.27272727272727
SP Jackson,Powerplay,10,9,2,0,5,111.11111111111111,55.55555555555556
SP Jackson,Middle overs,17,18,1,1,9,94.44444444444444,50.0
SP Jackson,Death overs,34,30,2,0,6,113.33333333333333,20.0
SP Narine,Powerplay,946,551,119,55,237,171.68784029038113,43.01270417422868
SP Narine,Middle overs,432,252,34,32,90,171.42857142857142,35.714285714285715
SP Narine,Death overs,156,121,11,10,47,128.92561983471074,38.84297520661157
SPD Smith,Powerplay,510,414,67,10,175,123.18840579710144,42.270531400966185
SPD Smith,Middle overs,1279,1091,96,21,306,117.23189734188817,28.047662694775433
SPD Smith,Death overs,706,426,63,29,96,165.72769953051642,22.535211267605636
SR Tendulkar,Powerplay,1143,977,175,10,448,116.99078812691914,45.8546571136131
SR Tendulkar,Middle overs,967,828,93,13,241,116.78743961352657,29.106280193236717
SR Tendulkar,Death overs,224,136,28,6,36,164.70588235294116,26.47058823529412
SR Watson,Powerplay,1421,1257,172,54,654,113.0469371519491,52.02863961813843
SR Watson,Middle overs,2006,1302,167,110,418,154.07066052227344,32.104454685099846
SR Watson,Death overs,453,242,38,26,57,187.19008264462812,23.553719008264462
SS Cottrell,Powerplay,0,0,0,0,0,0.0,0.0
SS Cottrell,Middle overs,0,0,0,0,0,0.0,0.0
SS Cottrell,Death overs,0,2,0,0,2,0.0,100.0
SS Iyer,Powerplay,880,798,111,20,389,110.27568922305764,48.7468671679198
SS Iyer,Middle overs,1762,1359,125,66,382,129.65415746872702,28.108903605592346
SS Iyer,Death overs,489,292,36,27,67,167.46575342465752,22.945205479452056
SS Prabhudessai,Powerplay,8,12,1,0,7,66.66666666666666,58.333333333333336
SS Prabhudessai,Middle overs,94,73,9,2,27,128.76712328767124,36.986301369863014
SS Prabhudessai,Death overs,24,20,1,2,11,120.0,55.00000000000001
SS Shaikh,Powerplay,0,0,0,0,0,0.0,0.0
SS Shaikh,Middle overs,6,7,1,0,4,85.71428571428571,57.14285714285714
SS Shaikh,Death overs,0,0,0,0,0,0.0,0.0
SS Tiwary,Powerplay,169,159,23,2,77,106.28930817610063,48.42767295597484
SS Tiwary,Middle overs,871,764,54,31,262,114.00523560209423,34.29319371727749
SS Tiwary,Death overs,454,312,34,17,74,145.5128205128205,23.717948717948715
ST Jayasuriya,Powerplay,514,364,61,27,184,141.2087912087912,50.54945054945055
ST Jayasuriya,Middle overs,254,165,23,12,52,153.93939393939394,31.515151515151512
ST Jayasuriya,Death overs,0,0,0,0,0,0.0,0.0
STR Binny,Powerplay,18,25,3,0,17,72.0,68.0
STR Binny,Middle overs,465,395,37,16,154,117.72151898734178,38.9873417721519
STR Binny,Death overs,397,262,26,19,68,151.5267175572519,25.954198473282442
SV Samson,Powerplay,1220,1001,154,37,474,121.87812187812187,47.35264735264735
SV Samson,Middle overs,2419,1759,142,116,484,137.5213189312109,27.515633882888004
SV Samson,Death overs,780,407,56,53,91,191.64619164619165,22.358722358722357
SW Billings,Powerplay,125,97,20,0,38,128.8659793814433,39.175257731958766
SW Billings,Middle overs,260,218,14,12,72,119.26605504587155,33.02752293577982
SW Billings,Death overs,118,70,6,8,19,168.57142857142858,27.142857142857142
SW Tait,Powerplay,0,0,0,0,0,0.0,0.0
SW Tait,Middle overs,10,9,0,1,4,111.11111111111111,44.44444444444444
SW Tait,Death overs,13,17,1,0,7,76.47058823529412,41.17647058823529
SZ Mulani,Powerplay,0,0,0,0,0,0.0,0.0
SZ Mulani,Middle overs,0,0,0,0,0,0.0,0.0
SZ Mulani,Death overs,1,1,0,0,0,100.0,0.0
Sachin Baby,Powerplay,0,3,0,0,3,0.0,100.0
Sachin Baby,Middle overs,49,54,2,1,22,90.74074074074075,40.74074074074074
Sachin Baby,Death overs,95,58,9,4,18,163.79310344827587,31.03448275862069
Salman Butt,Powerplay,104,97,18,1,53,107.21649484536083,54.63917525773196
Salman Butt,Middle overs,73,57,8,1,15,128.0701754385965,26.31578947368421
Salman Butt,Death overs,16,6,4,0,2,266.66666666666663,33.33333333333333
Sameer Rizvi,Powerplay,0,0,0,0,0,0.0,0.0
Sameer Rizvi,Middle overs,18,27,0,0,13,66.66666666666666,48.148148148148145
Sameer Rizvi,Death overs,33,16,4,2,6,206.25,37.5
Sandeep Sharma,Powerplay,0,0,0,0,0,0.0,0.0
Sandeep Sharma,Middle overs,12,15,1,0,6,80.0,40.0
Sandeep Sharma,Death overs,42,54,3,0,22,77.77777777777779,40.74074074074074
Sanvir Singh,Powerplay,7,5,0,1,3,140.0,60.0
Sanvir Singh,Middle overs,0,2,0,0,2,0.0,100.0
Sanvir Singh,Death overs,18,14,2,0,2,128.57142857142858,14.285714285714285
Saurav Chauhan,Powerplay,0,0,0,0,0,0.0,0.0
Saurav Chauhan,Middle overs,1,2,0,0,1,50.0,50.0
Saurav Chauhan,Death overs,17,13,1,1,5,130.76923076923077,38.46153846153847
Shahbaz Ahmed,Powerplay,21,26,0,1,12,80.76923076923077,46.15384615384615
Shahbaz Ahmed,Middle overs,258,237,14,8,76,108.86075949367088,32.06751054852321
Shahbaz Ahmed,Death overs,257,175,14,16,55,146.85714285714286,31.428571428571427
Shahid Afridi,Powerplay,43,18,4,3,5,238.88888888888889,27.77777777777778
Shahid Afridi,Middle overs,16,18,1,1,10,88.88888888888889,55.55555555555556
Shahid Afridi,Death overs,22,10,2,2,4,220.00000000000003,40.0
Shakib Al Hasan,Powerplay,37,37,5,1,19,100.0,51.35135135135135
Shakib Al Hasan,Middle overs,429,366,39,10,124,117.21311475409837,33.87978142076503
Shakib Al Hasan,Death overs,329,232,29,10,58,141.81034482758622,25.0
Shashank Singh,Powerplay,34,25,6,0,10,136.0,40.0
Shashank Singh,Middle overs,207,144,15,11,41,143.75,28.47222222222222
Shashank Singh,Death overs,182,93,12,14,21,195.69892473118279,22.58064516129032
Shivam Mavi,Powerplay,0,0,0,0,0,0.0,0.0
Shivam Mavi,Middle overs,3,5,0,0,2,60.0,40.0
Shivam Mavi,Death overs,48,51,4,2,27,94.11764705882352,52.94117647058824
Shivam Sharma,Powerplay,0,0,0,0,0,0.0,0.0
Shivam Sharma,Middle overs,0,0,0,0,0,0.0,0.0
Shivam Sharma,Death overs,5,3,1,0,1,166.66666666666669,33.33333333333333
Shivam Singh,Powerplay,0,0,0,0,0,0.0,0.0
Shivam Singh,Middle overs,0,0,0,0,0,0.0,0.0
Shivam Singh,Death overs,2,3,0,0,1,66.66666666666666,33.33333333333333
Shoaib Ahmed,Powerplay,0,0,0,0,0,0.0,0.0
Shoaib Ahmed,Middle overs,1,2,0,0,1,50.0,50.0
Shoaib Ahmed,Death overs,0,4,0,0,4,0.0,100.0
Shoaib Akhtar,Powerplay,0,0,0,0,0,0.0,0.0
Shoaib Akhtar,Middle overs,2,5,0,0,3,40.0,60.0
Shoaib Akhtar,Death overs,0,2,0,0,2,0.0,100.0
Shoaib Malik,Powerplay,17,13,3,0,4,130.76923076923077,30.76923076923077
Shoaib Malik,Middle overs,27,26,1,0,7,103.84615384615385,26.923076923076923
Shoaib Malik,Death overs,8,7,1,0,2,114.28571428571428,28.57142857142857
Shubman Gill,Powerplay,1432,1107,188,30,446,129.35862691960253,40.28906955736224
Shubman Gill,Middle overs,1413,1009,96,49,240,140.0396432111001,23.785926660059463
Shubman Gill,Death overs,371,244,26,16,54,152.04918032786884,22.131147540983605
Sikandar Raza,Powerplay,8,9,0,0,4,88.88888888888889,44.44444444444444
Sikandar Raza,Middle overs,127,93,9,6,34,136.55913978494624,36.55913978494624
Sikandar Raza,Death overs,47,34,3,2,12,138.23529411764704,35.294117647058826
Simarjeet Singh,Powerplay,0,0,0,0,0,0.0,0.0
Simarjeet Singh,Middle overs,2,3,0,0,2,66.66666666666666,66.66666666666666
Simarjeet Singh,Death overs,5,5,0,0,1,100.0,20.0
Sohail Tanvir,Powerplay,13,8,1,1,3,162.5,37.5
Sohail Tanvir,Middle overs,11,10,2,0,5,110.00000000000001,50.0
Sohail Tanvir,Death overs,12,10,0,0,1,120.0,10.0
Sumit Kumar,Powerplay,0,2,0,0,2,0.0,100.0
Sumit Kumar,Middle overs,16,12,2,1,5,133.33333333333331,41.66666666666667
Sumit Kumar,Death overs,2,10,0,0,7,20.0,70.0
Sunny Gupta,Powerplay,0,0,0,0,0,0.0,0.0
Sunny Gupta,Middle overs,0,0,0,0,0,0.0,0.0
Sunny Gupta,Death overs,0,1,0,0,1,0.0,100.0
Sunny Singh,Powerplay,15,8,3,0,3,187.5,37.5
Sunny Singh,Middle overs,21,14,2,1,4,150.0,28.57142857142857
Sunny Singh,Death overs,7,9,1,0,4,77.77777777777779,44.44444444444444
Swapnil Singh,Powerplay,0,0,0,0,0,0.0,0.0
Swapnil Singh,Middle overs,25,26,2,1,12,96.15384615384616,46.15384615384615
Swapnil Singh,Death overs,26,19,1,2,7,136.8421052631579,36.84210526315789
T Banton,Powerplay,18,20,1,1,11,90.0,55.00000000000001
T Banton,Middle overs,0,0,0,0,0,0.0,0.0
T Banton,Death overs,0,0,0,0,0,0.0,0.0
T Henderson,Powerplay,2,9,0,0,8,22.22222222222222,88.88888888888889
T Henderson,Middle overs,9,6,0,1,2,150.0,33.33333333333333
T Henderson,Death overs,0,0,0,0,0,0.0,0.0
T Kohler-Cadmore,Powerplay,47,51,7,1,30,92.15686274509804,58.82352941176471
T Kohler-Cadmore,Middle overs,1,3,0,0,2,33.33333333333333,66.66666666666666
T Kohler-Cadmore,Death overs,0,0,0,0,0,0.0,0.0
T Kohli,Powerplay,7,12,0,1,10,58.333333333333336,83.33333333333334
T Kohli,Middle overs,0,0,0,0,0,0.0,0.0
T Kohli,Death overs,4,7,0,0,3,57.14285714285714,42.857142857142854
T Natarajan,Powerplay,0,0,0,0,0,0.0,0.0
T Natarajan,Middle overs,0,0,0,0,0,0.0,0.0
T Natarajan,Death overs,3,5,0,0,2,60.0,40.0
T Shamsi,Powerplay,0,0,0,0,0,0.0,0.0
T Shamsi,Middle overs,0,0,0,0,0,0.0,0.0
T Shamsi,Death overs,2,4,0,0,2,50.0,50.0
T Stubbs,Powerplay,10,9,2,0,5,111.11111111111111,55.55555555555556
T Stubbs,Middle overs,125,111,4,6,34,112.61261261261262,30.630630630630627
T Stubbs,Death overs,270,112,20,20,15,241.07142857142856,13.392857142857142
T Taibu,Powerplay,0,0,0,0,0,0.0,0.0
T Taibu,Middle overs,19,18,2,0,7,105.55555555555556,38.88888888888889
T Taibu,Death overs,12,8,1,0,2,150.0,25.0
T Thushara,Powerplay,0,0,0,0,0,0.0,0.0
T Thushara,Middle overs,0,0,0,0,0,0.0,0.0
T Thushara,Death overs,12,18,0,0,9,66.66666666666666,50.0
TA Boult,Powerplay,0,0,0,0,0,0.0,0.0
TA Boult,Middle overs,7,7,1,0,3,100.0,42.857142857142854
TA Boult,Death overs,76,71,4,3,31,107.04225352112675,43.66197183098591
TD Paine,Powerplay,10,26,0,0,14,38.46153846153847,53.84615384615385
TD Paine,Middle overs,0,0,0,0,0,0.0,0.0
TD Paine,Death overs,0,0,0,0,0,0.0,0.0
TG Southee,Powerplay,0,0,0,0,0,0.0,0.0
TG Southee,Middle overs,14,27,1,0,17,51.85185185185185,62.96296296296296
TG Southee,Death overs,106,79,7,4,28,134.17721518987344,35.44303797468354
TH David,Powerplay,0,0,0,0,0,0.0,0.0
TH David,Middle overs,119,105,5,6,34,113.33333333333333,32.38095238095238
TH David,Death overs,540,280,33,40,70,192.85714285714286,25.0
TK Curran,Powerplay,0,0,0,0,0,0.0,0.0
TK Curran,Middle overs,58,57,5,0,20,101.75438596491229,35.08771929824561
TK Curran,Death overs,69,50,5,3,14,138.0,28.000000000000004
TL Seifert,Powerplay,24,19,4,0,10,126.3157894736842,52.63157894736842
TL Seifert,Middle overs,0,0,0,0,0,0.0,0.0
TL Seifert,Death overs,2,4,0,0,1,50.0,25.0
TL Suman,Powerplay,185,181,22,6,100,102.20994475138122,55.24861878453039
TL Suman,Middle overs,347,286,23,14,101,121.32867132867133,35.31468531468531
TL Suman,Death overs,144,106,10,6,29,135.8490566037736,27.358490566037734
TM Dilshan,Powerplay,488,439,77,8,228,111.1617312072893,51.93621867881549
TM Dilshan,Middle overs,466,448,45,7,170,104.01785714285714,37.94642857142857
TM Dilshan,Death overs,199,114,18,9,23,174.56140350877195,20.175438596491226
TM Head,Powerplay,412,208,53,22,71,198.0769230769231,34.13461538461539
TM Head,Middle overs,260,178,17,13,45,146.06741573033707,25.280898876404496
TM Head,Death overs,100,55,6,5,10,181.8181818181818,18.181818181818183
TM Srivastava,Powerplay,0,0,0,0,0,0.0,0.0
TM Srivastava,Middle overs,2,4,0,0,2,50.0,50.0
TM Srivastava,Death overs,6,7,0,0,3,85.71428571428571,42.857142857142854
TR Birt,Powerplay,0,0,0,0,0,0.0,0.0
TR Birt,Middle overs,15,21,0,0,10,71.42857142857143,47.61904761904761
TR Birt,Death overs,60,36,9,2,14,166.66666666666669,38.88888888888889
TS Mills,Powerplay,0,0,0,0,0,0.0,0.0
TS Mills,Middle overs,2,5,0,0,3,40.0,60.0
TS Mills,Death overs,6,9,0,1,7,66.66666666666666,77.77777777777779
TU Deshpande,Powerplay,0,0,0,0,0,0.0,0.0
TU Deshpande,Middle overs,0,0,0,0,0,0.0,0.0
TU Deshpande,Death overs,21,14,2,1,4,150.0,28.57142857142857
Tanush Kotian,Powerplay,18,20,3,0,11,90.0,55.00000000000001
Tanush Kotian,Middle overs,6,11,0,0,6,54.54545454545454,54.54545454545454
Tanush Kotian,Death overs,0,0,0,0,0,0.0,0.0
Tilak Varma,Powerplay,109,88,10,5,37,123.86363636363636,42.04545454545455
Tilak Varma,Middle overs,750,536,58,33,154,139.92537313432837,28.73134328358209
Tilak Varma,Death overs,297,163,22,20,44,182.2085889570552,26.993865030674847
U Kaul,Powerplay,0,0,0,0,0,0.0,0.0
U Kaul,Middle overs,0,0,0,0,0,0.0,0.0
U Kaul,Death overs,0,1,0,0,1,0.0,100.0
UA Birla,Powerplay,6,9,1,0,6,66.66666666666666,66.66666666666666
UA Birla,Middle overs,1,5,0,0,4,20.0,80.0
UA Birla,Death overs,0,0,0,0,0,0.0,0.0
UBT Chand,Powerplay,120,142,13,6,92,84.50704225352112,64.7887323943662
UBT Chand,Middle overs,150,139,14,3,52,107.91366906474819,37.410071942446045
UBT Chand,Death overs,30,18,5,0,4,166.66666666666669,22.22222222222222
UT Khawaja,Powerplay,107,74,13,3,26,144.5945945945946,35.13513513513514
UT Khawaja,Middle overs,20,25,1,0,10,80.0,40.0
UT Khawaja,Death overs,0,0,0,0,0,0.0,0.0
UT Yadav,Powerplay,0,0,0,0,0,0.0,0.0
UT Yadav,Middle overs,3,13,0,0,10,23.076923076923077,76.92307692307693
UT Yadav,Death overs,205,188,16,9,83,109.04255319148936,44.148936170212764
Umar Gul,Powerplay,0,0,0,0,0,0.0,0.0
Umar Gul,Middle overs,0,0,0,0,0,0.0,0.0
Umar Gul,Death overs,39,19,1,5,6,205.26315789473685,31.57894736842105
Umran Malik,Powerplay,0,0,0,0,0,0.0,0.0
Umran Malik,Middle overs,0,0,0,0,0,0.0,0.0
Umran Malik,Death overs,23,15,1,2,7,153.33333333333334,46.666666666666664
V Kohli,Powerplay,2809,2274,348,68,959,123.5268249780123,42.17238346525946
V Kohli,Middle overs,3736,2998,252,117,833,124.61641094062708,27.785190126751168
V Kohli,Death overs,1469,779,108,88,175,188.57509627727856,22.464698331193837
V Pratap Singh,Powerplay,0,0,0,0,0,0.0,0.0
V Pratap Singh,Middle overs,0,0,0,0,0,0.0,0.0
V Pratap Singh,Death overs,0,1,0,0,1,0.0,100.0
V Sehwag,Powerplay,1593,1096,230,46,452,145.34671532846716,41.24087591240876
V Sehwag,Middle overs,1062,611,96,55,140,173.81342062193127,22.913256955810148
V Sehwag,Death overs,73,33,8,5,9,221.2121212121212,27.27272727272727
V Shankar,Powerplay,104,111,13,2,58,93.69369369369369,52.25225225225225
V Shankar,Middle overs,521,455,37,14,141,114.5054945054945,30.98901098901099
V Shankar,Death overs,490,291,30,29,66,168.3848797250859,22.68041237113402
V Viyaskanth,Powerplay,0,0,0,0,0,0.0,0.0
V Viyaskanth,Middle overs,0,0,0,0,0,0.0,0.0
V Viyaskanth,Death overs,7,5,0,0,0,140.0,0.0
VG Arora,Powerplay,0,0,0,0,0,0.0,0.0
VG Arora,Middle overs,0,0,0,0,0,0.0,0.0
VG Arora,Death overs,9,16,0,0,8,56.25,50.0
VH Zol,Powerplay,22,21,2,1,12,104.76190476190477,57.14285714285714
VH Zol,Middle overs,7,5,1,0,1,140.0,20.0
VH Zol,Death overs,0,0,0,0,0,0.0,0.0
VR Aaron,Powerplay,0,0,0,0,0,0.0,0.0
VR Aaron,Middle overs,0,1,0,0,1,0.0,100.0
VR Aaron,Death overs,50,70,2,2,41,71.42857142857143,58.57142857142858
VR Iyer,Powerplay,592,446,70,25,205,132.7354260089686,45.964125560538115
VR Iyer,Middle overs,643,451,44,31,123,142.5720620842572,27.27272727272727
VR Iyer,Death overs,91,69,7,5,27,131.8840579710145,39.130434782608695
VRV Singh,Powerplay,0,0,0,0,0,0.0,0.0
VRV Singh,Middle overs,0,0,0,0,0,0.0,0.0
VRV Singh,Death overs,4,3,1,0,1,133.33333333333331,33.33333333333333
VS Malik,Powerplay,0,0,0,0,0,0.0,0.0
VS Malik,Middle overs,0,0,0,0,0,0.0,0.0
VS Malik,Death overs,7,7,1,0,2,100.0,28.57142857142857
VS Yeligati,Powerplay,0,0,0,0,0,0.0,0.0
VS Yeligati,Middle overs,0,0,0,0,0,0.0,0.0
VS Yeligati,Death overs,2,2,0,0,1,100.0,50.0
VVS Laxman,Powerplay,187,187,24,4,94,100.0,50.26737967914438
VVS Laxman,Middle overs,92,73,9,1,17,126.02739726027397,23.28767123287671
VVS Laxman,Death overs,3,6,0,0,2,50.0,33.33333333333333
VY Mahesh,Powerplay,0,0,0,0,0,0.0,0.0
VY Mahesh,Middle overs,3,8,0,0,5,37.5,62.5
VY Mahesh,Death overs,12,19,0,0,8,63.1578947368421,42.10526315789473
Vijaykumar Vyshak,Powerplay,0,0,0,0,0,0.0,0.0
Vijaykumar Vyshak,Middle overs,0,0,0,0,0,0.0,0.0
Vijaykumar Vyshak,Death overs,14,12,0,1,4,116.66666666666667,33.33333333333333
Virat Singh,Powerplay,0,2,0,0,2,0.0,100.0
Virat Singh,Middle overs,15,24,1,0,11,62.5,45.83333333333333
Virat Singh,Death overs,0,0,0,0,0,0.0,0.0
Vishnu Vinod,Powerplay,10,21,1,0,14,47.61904761904761,66.66666666666666
Vishnu Vinod,Middle overs,34,25,2,2,8,136.0,32.0
Vishnu Vinod,Death overs,12,10,0,1,3,120.0,30.0
Vivrant Sharma,Powerplay,27,24,5,0,10,112.5,41.66666666666667
Vivrant Sharma,Middle overs,42,23,4,2,4,182.6086956521739,17.391304347826086
Vivrant Sharma,Death overs,0,0,0,0,0,0.0,0.0
W Jaffer,Powerplay,77,89,9,1,49,86.51685393258427,55.0561797752809
W Jaffer,Middle overs,53,32,5,2,6,165.625,18.75
W Jaffer,Death overs,0,0,0,0,0,0.0,0.0
WA Mota,Powerplay,0,0,0,0,0,0.0,0.0
WA Mota,Middle overs,33,48,1,0,19,68.75,39.58333333333333
WA Mota,Death overs,23,27,1,0,8,85.18518518518519,29.629629629629626
WD Parnell,Powerplay,11,14,2,0,7,78.57142857142857,50.0
WD Parnell,Middle overs,5,8,0,0,4,62.5,50.0
WD Parnell,Death overs,49,58,2,1,23,84.48275862068965,39.6551724137931
WG Jacks,Powerplay,73,49,6,5,21,148.9795918367347,42.857142857142854
WG Jacks,Middle overs,129,76,9,9,22,169.73684210526315,28.947368421052634
WG Jacks,Death overs,28,5,1,4,0,560.0,0.0
WP Saha,Powerplay,1389,1045,191,41,460,132.91866028708134,44.01913875598086
WP Saha,Middle overs,988,898,65,22,274,110.02227171492206,30.51224944320713
WP Saha,Death overs,557,353,40,24,78,157.79036827195466,22.096317280453256
WPUJC Vaas,Powerplay,0,0,0,0,0,0.0,0.0
WPUJC Vaas,Middle overs,22,20,0,1,6,110.00000000000001,30.0
WPUJC Vaas,Death overs,59,52,2,2,16,113.46153846153845,30.76923076923077
Washington Sundar,Powerplay,17,24,1,0,13,70.83333333333334,54.166666666666664
Washington Sundar,Middle overs,108,124,7,1,48,87.09677419354838,38.70967741935484
Washington Sundar,Death overs,253,176,24,8,51,143.75,28.97727272727273
X Thalaivan Sargunam,Powerplay,0,0,0,0,0,0.0,0.0
X Thalaivan Sargunam,Middle overs,8,14,0,0,7,57.14285714285714,50.0
X Thalaivan Sargunam,Death overs,2,3,0,0,2,66.66666666666666,66.66666666666666
Y Gnaneswara Rao,Powerplay,15,13,2,0,5,115.38461538461537,38.46153846153847
Y Gnaneswara Rao,Middle overs,4,4,1,0,3,100.0,75.0
Y Gnaneswara Rao,Death overs,0,0,0,0,0,0.0,0.0
Y Nagar,Powerplay,2,3,0,0,1,66.66666666666666,33.33333333333333
Y Nagar,Middle overs,104,129,5,1,49,80.62015503875969,37.98449612403101
Y Nagar,Death overs,179,127,15,8,41,140.94488188976376,32.28346456692913
Y Prithvi Raj,Powerplay,0,0,0,0,0,0.0,0.0
Y Prithvi Raj,Middle overs,0,0,0,0,0,0.0,0.0
Y Prithvi Raj,Death overs,0,1,0,0,1,0.0,100.0
Y Venugopal Rao,Powerplay,76,96,9,0,54,79.16666666666666,56.25
Y Venugopal Rao,Middle overs,522,487,36,20,188,107.18685831622177,38.60369609856263
Y Venugopal Rao,Death overs,387,249,32,17,62,155.42168674698794,24.899598393574294
YA Abdulla,Powerplay,0,0,0,0,0,0.0,0.0
YA Abdulla,Middle overs,0,0,0,0,0,0.0,0.0
YA Abdulla,Death overs,0,1,0,0,0,0.0,0.0
YBK Jaiswal,Powerplay,1009,656,149,36,302,153.8109756097561,46.03658536585366
YBK Jaiswal,Middle overs,534,376,44,23,101,142.0212765957447,26.861702127659576
YBK Jaiswal,Death overs,64,30,6,5,10,213.33333333333334,33.33333333333333
YK Pathan,Powerplay,361,243,47,16,107,148.559670781893,44.03292181069959
YK Pathan,Middle overs,1735,1294,123,89,453,134.08037094281298,35.007727975270484
YK Pathan,Death overs,1126,696,93,56,184,161.7816091954023,26.436781609195403
YS Chahal,Powerplay,0,0,0,0,0,0.0,0.0
YS Chahal,Middle overs,4,23,0,0,21,17.391304347826086,91.30434782608695
YS Chahal,Death overs,33,63,0,0,31,52.38095238095239,49.2063492063492
YV Dhull,Powerplay,2,9,0,0,7,22.22222222222222,77.77777777777779
YV Dhull,Middle overs,14,14,1,0,3,100.0,21.428571428571427
YV Dhull,Death overs,0,0,0,0,0,0.0,0.0
YV Takawale,Powerplay,121,132,19,1,81,91.66666666666666,61.36363636363637
YV Takawale,Middle overs,42,33,3,1,7,127.27272727272727,21.21212121212121
YV Takawale,Death overs,29,12,4,1,1,241.66666666666666,8.333333333333332
Yash Dayal,Powerplay,0,0,0,0,0,0.0,0.0
Yash Dayal,Middle overs,0,0,0,0,0,0.0,0.0
Yash Dayal,Death overs,0,1,0,0,1,0.0,100.0
Yashpal Singh,Powerplay,17,35,2,0,26,48.57142857142857,74.28571428571429
Yashpal Singh,Middle overs,13,17,0,0,6,76.47058823529412,35.294117647058826
Yashpal Singh,Death overs,17,13,3,0,5,130.76923076923077,38.46153846153847
Younis Khan,Powerplay,3,7,0,0,4,42.857142857142854,57.14285714285714
Younis Khan,Middle overs,0,0,0,0,0,0.0,0.0
Younis Khan,Death overs,0,0,0,0,0,0.0,0.0
Yudhvir Singh,Powerplay,0,0,0,0,0,0.0,0.0
Yudhvir Singh,Middle overs,2,4,0,0,2,50.0,50.0
Yudhvir Singh,Death overs,20,12,1,2,6,166.66666666666669,50.0
Yuvraj Singh,Powerplay,193,186,26,5,102,103.76344086021506,54.83870967741935
Yuvraj Singh,Middle overs,1655,1435,130,76,611,115.33101045296168,42.57839721254356
Yuvraj Singh,Death overs,906,494,62,68,151,183.4008097165992,30.5668016194332
Z Khan,Powerplay,0,3,0,0,3,0.0,100.0
Z Khan,Middle overs,9,29,0,0,20,31.03448275862069,68.96551724137932
Z Khan,Death overs,108,108,11,2,48,100.0,44.44444444444444
