bowler,phase,runs,balls,wickets,dot_balls,overs,economy,dot_ball_pct
A Ashish Reddy,Powerplay,20,6,0,2,1.0,20.0,33.33333333333333
A Ashish Reddy,Middle overs,209,155,7,50,25.833333333333332,8.09032258064516,32.25806451612903
A Ashish Reddy,Death overs,167,101,11,27,16.833333333333332,9.92079207920792,26.732673267326735
A Badoni,Powerplay,0,1,0,1,0.16666666666666666,0.0,100.0
A Badoni,Middle overs,44,24,2,3,4.0,11.0,12.5
A Badoni,Death overs,19,16,2,4,2.6666666666666665,7.125,25.0
A Chandila,Powerplay,137,144,10,70,24.0,5.708333333333333,48.61111111111111
A Chandila,Middle overs,99,84,1,32,14.0,7.071428571428571,38.095238095238095
A Chandila,Death overs,6,6,0,1,1.0,6.0,16.666666666666664
A Choudhary,Powerplay,46,36,3,18,6.0,7.666666666666667,50.0
A Choudhary,Middle overs,58,41,1,17,6.833333333333333,8.487804878048781,41.46341463414634
A Choudhary,Death overs,40,24,1,7,4.0,10.0,29.166666666666668
A Dananjaya,Powerplay,12,6,0,2,1.0,12.0,33.33333333333333
A Dananjaya,Middle overs,35,18,0,4,3.0,11.666666666666666,22.22222222222222
A Dananjaya,Death overs,0,0,0,0,0.0,0.0,0.0
A Flintoff,Powerplay,21,12,0,3,2.0,10.5,25.0
A Flintoff,Middle overs,26,30,1,14,5.0,5.2,46.666666666666664
A Flintoff,Death overs,58,24,1,3,4.0,14.5,12.5
A Kamboj,Powerplay,448,282,13,117,47.0,9.53191489361702,41.48936170212766
A Kamboj,Middle overs,130,78,4,25,13.0,10.0,32.05128205128205
A Kamboj,Death overs,238,131,14,44,21.833333333333332,10.900763358778626,33.587786259541986
A Kumble,Powerplay,88,108,3,64,18.0,4.888888888888889,59.25925925925925
A Kumble,Middle overs,758,690,25,252,115.0,6.591304347826087,36.52173913043478
A Kumble,Death overs,212,167,17,58,27.833333333333332,7.616766467065869,34.73053892215569
A Mishra,Powerplay,172,138,6,66,23.0,7.478260869565218,47.82608695652174
A Mishra,Middle overs,3150,2712,126,952,452.0,6.969026548672566,35.10324483775811
A Mishra,Death overs,823,521,42,167,86.83333333333333,9.477927063339731,32.05374280230326
A Mithun,Powerplay,103,66,1,26,11.0,9.363636363636363,39.39393939393939
A Mithun,Middle overs,215,144,2,41,24.0,8.958333333333334,28.47222222222222
A Mithun,Death overs,154,78,4,23,13.0,11.846153846153847,29.48717948717949
A Nehra,Powerplay,1366,1093,40,537,182.16666666666666,7.498627630375115,49.13083257090577
A Nehra,Middle overs,351,288,12,101,48.0,7.3125,35.06944444444444
A Nehra,Death overs,778,527,54,160,87.83333333333333,8.857685009487666,30.36053130929791
A Nel,Powerplay,12,6,1,2,1.0,12.0,33.33333333333333
A Nel,Middle overs,11,6,0,1,1.0,11.0,16.666666666666664
A Nel,Death overs,8,6,0,4,1.0,8.0,66.66666666666666
A Nortje,Powerplay,610,444,22,204,74.0,8.243243243243244,45.94594594594595
A Nortje,Middle overs,342,236,12,83,39.333333333333336,8.694915254237287,35.16949152542373
A Nortje,Death overs,744,440,27,135,73.33333333333333,10.145454545454546,30.681818181818183
A Singh,Powerplay,295,264,11,125,44.0,6.704545454545454,47.34848484848485
A Singh,Middle overs,57,48,1,18,8.0,7.125,37.5
A Singh,Death overs,268,161,16,46,26.833333333333332,9.987577639751553,28.57142857142857
A Symonds,Powerplay,106,114,4,62,19.0,5.578947368421052,54.385964912280706
A Symonds,Middle overs,423,330,11,106,55.0,7.6909090909090905,32.121212121212125
A Symonds,Death overs,145,83,5,22,13.833333333333334,10.481927710843372,26.506024096385545
A Uniyal,Powerplay,22,12,1,4,2.0,11.0,33.33333333333333
A Uniyal,Middle overs,18,6,0,1,1.0,18.0,16.666666666666664
A Uniyal,Death overs,26,18,1,3,3.0,8.666666666666666,16.666666666666664
A Zampa,Powerplay,47,42,2,17,7.0,6.714285714285714,40.476190476190474
A Zampa,Middle overs,439,336,16,95,56.0,7.839285714285714,28.273809523809522
A Zampa,Death overs,166,89,13,27,14.833333333333334,11.191011235955056,30.337078651685395
AA Chavan,Powerplay,155,144,3,72,24.0,6.458333333333333,50.0
AA Chavan,Middle overs,139,90,2,24,15.0,9.266666666666667,26.666666666666668
AA Chavan,Death overs,32,14,3,4,2.3333333333333335,13.714285714285714,28.57142857142857
AA Jhunjhunwala,Powerplay,47,30,0,11,5.0,9.4,36.666666666666664
AA Jhunjhunwala,Middle overs,80,54,1,16,9.0,8.88888888888889,29.629629629629626
AA Jhunjhunwala,Death overs,2,1,0,0,0.16666666666666666,12.0,0.0
AA Kazi,Powerplay,0,0,0,0,0.0,0.0,0.0
AA Kazi,Middle overs,21,12,0,2,2.0,10.5,16.666666666666664
AA Kazi,Death overs,0,0,0,0,0.0,0.0,0.0
AA Noffke,Powerplay,22,6,0,1,1.0,22.0,16.666666666666664
AA Noffke,Middle overs,7,6,0,0,1.0,7.0,0.0
AA Noffke,Death overs,11,12,1,5,2.0,5.5,41.66666666666667
AB Agarkar,Powerplay,285,180,6,77,30.0,9.5,42.77777777777778
AB Agarkar,Middle overs,560,420,16,137,70.0,8.0,32.61904761904762
AB Agarkar,Death overs,306,182,7,40,30.333333333333332,10.087912087912088,21.978021978021978
AB Dinda,Powerplay,991,810,33,408,135.0,7.340740740740741,50.37037037037037
AB Dinda,Middle overs,321,294,10,112,49.0,6.551020408163265,38.095238095238095
AB Dinda,Death overs,761,412,26,107,68.66666666666667,11.08252427184466,25.970873786407765
AB McDonald,Powerplay,64,42,3,14,7.0,9.142857142857142,33.33333333333333
AB McDonald,Middle overs,146,114,5,27,19.0,7.684210526315789,23.684210526315788
AB McDonald,Death overs,51,30,3,9,5.0,10.2,30.0
AC Gilchrist,Powerplay,0,0,0,0,0.0,0.0,0.0
AC Gilchrist,Middle overs,0,0,0,0,0.0,0.0,0.0
AC Gilchrist,Death overs,0,1,1,1,0.16666666666666666,0.0,100.0
AC Thomas,Powerplay,191,180,7,98,30.0,6.366666666666666,54.44444444444444
AC Thomas,Middle overs,22,24,3,8,4.0,5.5,33.33333333333333
AC Thomas,Death overs,193,111,4,20,18.5,10.432432432432432,18.01801801801802
AC Voges,Powerplay,26,12,0,5,2.0,13.0,41.66666666666667
AC Voges,Middle overs,45,36,0,9,6.0,7.5,25.0
AC Voges,Death overs,5,6,0,1,1.0,5.0,16.666666666666664
AD Mascarenhas,Powerplay,204,168,12,80,28.0,7.285714285714286,47.61904761904761
AD Mascarenhas,Middle overs,110,114,5,38,19.0,5.7894736842105265,33.33333333333333
AD Mascarenhas,Death overs,42,26,2,6,4.333333333333333,9.692307692307693,23.076923076923077
AD Mathews,Powerplay,183,126,6,50,21.0,8.714285714285714,39.682539682539684
AD Mathews,Middle overs,673,510,12,136,85.0,7.91764705882353,26.666666666666668
AD Mathews,Death overs,223,155,9,38,25.833333333333332,8.63225806451613,24.516129032258064
AD Russell,Powerplay,573,407,23,182,67.83333333333333,8.447174447174447,44.717444717444714
AD Russell,Middle overs,1240,813,49,256,135.5,9.15129151291513,31.48831488314883
AD Russell,Death overs,1050,586,51,174,97.66666666666667,10.750853242320819,29.692832764505116
AF Milne,Powerplay,175,108,2,40,18.0,9.722222222222221,37.03703703703704
AF Milne,Middle overs,85,54,1,13,9.0,9.444444444444445,24.074074074074073
AF Milne,Death overs,108,65,4,18,10.833333333333334,9.96923076923077,27.692307692307693
AG Murtaza,Powerplay,52,78,2,47,13.0,4.0,60.256410256410255
AG Murtaza,Middle overs,211,162,7,51,27.0,7.814814814814815,31.48148148148148
AG Murtaza,Death overs,50,24,0,3,4.0,12.5,12.5
AJ Finch,Powerplay,3,6,0,4,1.0,3.0,66.66666666666666
AJ Finch,Middle overs,58,30,1,5,5.0,11.6,16.666666666666664
AJ Finch,Death overs,6,7,0,4,1.1666666666666667,5.142857142857142,57.14285714285714
AJ Hosein,Powerplay,123,84,3,41,14.0,8.785714285714286,48.80952380952381
AJ Hosein,Middle overs,101,78,5,19,13.0,7.769230769230769,24.358974358974358
AJ Hosein,Death overs,14,10,1,3,1.6666666666666667,8.4,30.0
AJ Tye,Powerplay,253,192,11,87,32.0,7.90625,45.3125
AJ Tye,Middle overs,275,204,7,44,34.0,8.088235294117647,21.568627450980394
AJ Tye,Death overs,450,289,24,77,48.166666666666664,9.342560553633218,26.643598615916954
AK Markram,Powerplay,59,42,1,17,7.0,8.428571428571429,40.476190476190474
AK Markram,Middle overs,268,168,5,36,28.0,9.571428571428571,21.428571428571427
AK Markram,Death overs,30,13,0,2,2.1666666666666665,13.846153846153847,15.384615384615385
AL Menaria,Powerplay,55,48,1,21,8.0,6.875,43.75
AL Menaria,Middle overs,41,42,2,15,7.0,5.857142857142857,35.714285714285715
AL Menaria,Death overs,48,20,0,4,3.3333333333333335,14.399999999999999,20.0
AM Ghazanfar,Powerplay,108,60,7,24,10.0,10.8,40.0
AM Ghazanfar,Middle overs,207,138,4,30,23.0,9.0,21.73913043478261
AM Ghazanfar,Death overs,74,35,4,15,5.833333333333333,12.685714285714287,42.857142857142854
AM Nayar,Powerplay,10,6,0,3,1.0,10.0,50.0
AM Nayar,Middle overs,303,217,8,65,36.166666666666664,8.377880184331797,29.953917050691242
AM Nayar,Death overs,9,6,1,1,1.0,9.0,16.666666666666664
AM Rahane,Powerplay,0,0,0,0,0.0,0.0,0.0
AM Rahane,Middle overs,5,6,1,2,1.0,5.0,33.33333333333333
AM Rahane,Death overs,0,0,0,0,0.0,0.0,0.0
AM Salvi,Powerplay,77,66,1,30,11.0,7.0,45.45454545454545
AM Salvi,Middle overs,77,54,4,23,9.0,8.555555555555555,42.592592592592595
AM Salvi,Death overs,46,30,2,4,5.0,9.2,13.333333333333334
AN Ahmed,Powerplay,173,138,3,63,23.0,7.521739130434782,45.65217391304348
AN Ahmed,Middle overs,149,114,3,33,19.0,7.842105263157895,28.947368421052634
AN Ahmed,Death overs,176,92,6,24,15.333333333333334,11.478260869565217,26.08695652173913
AP Dole,Powerplay,62,30,2,10,5.0,12.4,33.33333333333333
AP Dole,Middle overs,28,24,2,6,4.0,7.0,25.0
AP Dole,Death overs,22,12,1,4,2.0,11.0,33.33333333333333
AR Patel,Powerplay,914,696,21,271,116.0,7.879310344827586,38.93678160919541
AR Patel,Middle overs,2979,2507,96,778,417.8333333333333,7.129637016354208,31.03310729956123
AR Patel,Death overs,544,382,22,118,63.666666666666664,8.544502617801047,30.89005235602094
AS Joseph,Powerplay,181,108,2,54,18.0,10.055555555555555,50.0
AS Joseph,Middle overs,307,198,7,70,33.0,9.303030303030303,35.35353535353536
AS Joseph,Death overs,203,128,12,38,21.333333333333332,9.515625,29.6875
AS Rajpoot,Powerplay,399,271,9,116,45.166666666666664,8.833948339483396,42.80442804428044
AS Rajpoot,Middle overs,214,157,6,58,26.166666666666668,8.178343949044585,36.94267515923567
AS Rajpoot,Death overs,200,102,9,18,17.0,11.764705882352942,17.647058823529413
AS Raut,Powerplay,0,0,0,0,0.0,0.0,0.0
AS Raut,Middle overs,31,18,0,3,3.0,10.333333333333334,16.666666666666664
AS Raut,Death overs,13,12,0,3,2.0,6.5,25.0
AS Roy,Powerplay,183,114,2,39,19.0,9.631578947368421,34.21052631578947
AS Roy,Middle overs,241,174,10,57,29.0,8.310344827586206,32.758620689655174
AS Roy,Death overs,55,35,3,10,5.833333333333333,9.428571428571429,28.57142857142857
AU Rashid,Powerplay,0,0,0,0,0.0,0.0,0.0
AU Rashid,Middle overs,81,54,2,19,9.0,9.0,35.18518518518518
AU Rashid,Death overs,10,6,0,1,1.0,10.0,16.666666666666664
AUK Pathan,Powerplay,0,0,0,0,0.0,0.0,0.0
AUK Pathan,Middle overs,35,24,0,5,4.0,8.75,20.833333333333336
AUK Pathan,Death overs,28,15,0,4,2.5,11.2,26.666666666666668
Abdul Samad,Powerplay,0,0,0,0,0.0,0.0,0.0
Abdul Samad,Middle overs,93,48,2,11,8.0,11.625,22.916666666666664
Abdul Samad,Death overs,32,9,0,1,1.5,21.333333333333332,11.11111111111111
Abdur Razzak,Powerplay,0,0,0,0,0.0,0.0,0.0
Abdur Razzak,Middle overs,29,12,0,5,2.0,14.5,41.66666666666667
Abdur Razzak,Death overs,0,0,0,0,0.0,0.0,0.0
Abhinandan Singh,Powerplay,69,24,0,6,4.0,17.25,25.0
Abhinandan Singh,Middle overs,37,24,1,5,4.0,9.25,20.833333333333336
Abhinandan Singh,Death overs,16,10,2,4,1.6666666666666667,9.6,40.0
Abhishek Sharma,Powerplay,128,84,0,27,14.0,9.142857142857142,32.142857142857146
Abhishek Sharma,Middle overs,362,258,10,67,43.0,8.418604651162791,25.968992248062015
Abhishek Sharma,Death overs,60,23,1,3,3.8333333333333335,15.652173913043478,13.043478260869565
Akash Deep,Powerplay,219,120,5,45,20.0,10.95,37.5
Akash Deep,Middle overs,212,114,3,35,19.0,11.157894736842104,30.701754385964914
Akash Deep,Death overs,117,44,2,9,7.333333333333333,15.954545454545455,20.454545454545457
Akash Madhwal,Powerplay,105,78,5,37,13.0,8.076923076923077,47.43589743589743
Akash Madhwal,Middle overs,230,138,9,30,23.0,10.0,21.73913043478261
Akash Madhwal,Death overs,255,136,9,38,22.666666666666668,11.25,27.941176470588236
Akash Singh,Powerplay,262,169,8,75,28.166666666666668,9.301775147928995,44.37869822485207
Akash Singh,Middle overs,117,66,4,15,11.0,10.636363636363637,22.727272727272727
Akash Singh,Death overs,27,12,1,1,2.0,13.5,8.333333333333332
Aman Hakim Khan,Powerplay,0,0,0,0,0.0,0.0,0.0
Aman Hakim Khan,Middle overs,13,6,0,1,1.0,13.0,16.666666666666664
Aman Hakim Khan,Death overs,0,0,0,0,0.0,0.0,0.0
Anand Rajan,Powerplay,47,42,0,24,7.0,6.714285714285714,57.14285714285714
Anand Rajan,Middle overs,75,66,3,20,11.0,6.818181818181818,30.303030303030305
Anand Rajan,Death overs,79,41,5,13,6.833333333333333,11.560975609756099,31.70731707317073
Ankit Sharma,Powerplay,152,144,6,68,24.0,6.333333333333333,47.22222222222222
Ankit Sharma,Middle overs,249,198,6,63,33.0,7.545454545454546,31.818181818181817
Ankit Sharma,Death overs,49,25,0,6,4.166666666666667,11.76,24.0
Ankit Soni,Powerplay,3,6,0,4,1.0,3.0,66.66666666666666
Ankit Soni,Middle overs,137,102,2,33,17.0,8.058823529411764,32.35294117647059
Ankit Soni,Death overs,4,1,0,0,0.16666666666666666,24.0,0.0
Anureet Singh,Powerplay,191,162,7,75,27.0,7.074074074074074,46.2962962962963
Anureet Singh,Middle overs,192,120,2,29,20.0,9.6,24.166666666666668
Anureet Singh,Death overs,240,130,9,35,21.666666666666668,11.076923076923077,26.923076923076923
Arjun Tendulkar,Powerplay,55,54,1,27,9.0,6.111111111111111,50.0
Arjun Tendulkar,Middle overs,55,26,2,6,4.333333333333333,12.692307692307693,23.076923076923077
Arjun Tendulkar,Death overs,40,17,1,3,2.8333333333333335,14.117647058823529,17.647058823529413
Arshad Khan,Powerplay,322,186,7,73,31.0,10.387096774193548,39.247311827956985
Arshad Khan,Middle overs,142,84,5,34,14.0,10.142857142857142,40.476190476190474
Arshad Khan,Death overs,205,94,6,26,15.666666666666666,13.085106382978724,27.659574468085108
Arshad Khan (2),Powerplay,0,0,0,0,0.0,0.0,0.0
Arshad Khan (2),Middle overs,24,12,0,4,2.0,12.0,33.33333333333333
Arshad Khan (2),Death overs,0,0,0,0,0.0,0.0,0.0
Arshdeep Singh,Powerplay,1450,996,43,419,166.0,8.734939759036145,42.06827309236948
Arshdeep Singh,Middle overs,545,360,15,99,60.0,9.083333333333334,27.500000000000004
Arshdeep Singh,Death overs,1116,676,53,196,112.66666666666667,9.905325443786982,28.994082840236686
Ashok Sharma,Powerplay,60,24,0,6,4.0,15.0,25.0
Ashok Sharma,Middle overs,75,54,1,25,9.0,8.333333333333334,46.2962962962963
Ashok Sharma,Death overs,93,48,5,17,8.0,11.625,35.41666666666667
Ashwani Kumar,Powerplay,67,36,4,13,6.0,11.166666666666666,36.11111111111111
Ashwani Kumar,Middle overs,157,102,8,29,17.0,9.235294117647058,28.431372549019606
Ashwani Kumar,Death overs,110,45,5,15,7.5,14.666666666666666,33.33333333333333
Atharva Taide,Powerplay,0,0,0,0,0.0,0.0,0.0
Atharva Taide,Middle overs,0,0,0,0,0.0,0.0,0.0
Atharva Taide,Death overs,4,1,0,0,0.16666666666666666,24.0,0.0
Auqib Nabi,Powerplay,139,72,0,22,12.0,11.583333333333334,30.555555555555557
Auqib Nabi,Middle overs,10,6,0,2,1.0,10.0,33.33333333333333
Auqib Nabi,Death overs,0,0,0,0,0.0,0.0,0.0
Avesh Khan,Powerplay,965,605,22,252,100.83333333333333,9.570247933884298,41.65289256198347
Avesh Khan,Middle overs,715,510,27,179,85.0,8.411764705882353,35.09803921568627
Avesh Khan,Death overs,1054,652,44,179,108.66666666666667,9.699386503067485,27.453987730061353
Azhar Mahmood,Powerplay,162,144,6,67,24.0,6.75,46.52777777777778
Azhar Mahmood,Middle overs,204,186,6,76,31.0,6.580645161290323,40.86021505376344
Azhar Mahmood,Death overs,334,207,17,56,34.5,9.681159420289855,27.053140096618357
Azmatullah Omarzai,Powerplay,312,192,4,74,32.0,9.75,38.54166666666667
Azmatullah Omarzai,Middle overs,140,96,7,28,16.0,8.75,29.166666666666668
Azmatullah Omarzai,Death overs,116,66,4,16,11.0,10.545454545454545,24.242424242424242
B Akhil,Powerplay,12,6,0,1,1.0,12.0,16.666666666666664
B Akhil,Middle overs,138,132,4,47,22.0,6.2727272727272725,35.60606060606061
B Akhil,Death overs,92,50,2,12,8.333333333333334,11.04,24.0
B Chipli,Powerplay,0,0,0,0,0.0,0.0,0.0
B Chipli,Middle overs,20,6,0,1,1.0,20.0,16.666666666666664
B Chipli,Death overs,0,0,0,0,0.0,0.0,0.0
B Geeves,Powerplay,50,24,0,7,4.0,12.5,29.166666666666668
B Geeves,Middle overs,31,18,1,5,3.0,10.333333333333334,27.77777777777778
B Geeves,Death overs,10,6,0,3,1.0,10.0,50.0
B Kumar,Powerplay,2778,2543,97,1357,423.8333333333333,6.554463232402674,53.362170664569405
B Kumar,Middle overs,646,452,11,121,75.33333333333333,8.575221238938054,26.769911504424783
B Kumar,Death overs,2489,1605,118,419,267.5,9.304672897196262,26.105919003115265
B Laughlin,Powerplay,60,36,3,9,6.0,10.0,25.0
B Laughlin,Middle overs,82,61,2,15,10.166666666666666,8.065573770491804,24.59016393442623
B Laughlin,Death overs,140,71,5,18,11.833333333333334,11.830985915492958,25.352112676056336
B Lee,Powerplay,560,486,11,251,81.0,6.91358024691358,51.64609053497943
B Lee,Middle overs,79,78,4,31,13.0,6.076923076923077,39.743589743589745
B Lee,Death overs,456,311,10,92,51.833333333333336,8.797427652733118,29.581993569131832
B Muzarabani,Powerplay,40,18,0,5,3.0,13.333333333333334,27.77777777777778
B Muzarabani,Middle overs,10,12,2,3,2.0,5.0,25.0
B Muzarabani,Death overs,25,12,2,4,2.0,12.5,33.33333333333333
B Stanlake,Powerplay,111,84,2,41,14.0,7.928571428571429,48.80952380952381
B Stanlake,Middle overs,78,54,5,22,9.0,8.666666666666666,40.74074074074074
B Stanlake,Death overs,11,6,0,1,1.0,11.0,16.666666666666664
BA Bhatt,Powerplay,116,96,4,41,16.0,7.25,42.70833333333333
BA Bhatt,Middle overs,183,137,6,37,22.833333333333332,8.014598540145986,27.00729927007299
BA Bhatt,Death overs,98,63,2,15,10.5,9.333333333333334,23.809523809523807
BA Stokes,Powerplay,285,186,8,78,31.0,9.193548387096774,41.935483870967744
BA Stokes,Middle overs,379,299,6,94,49.833333333333336,7.605351170568562,31.438127090301005
BA Stokes,Death overs,328,204,14,56,34.0,9.647058823529411,27.450980392156865
BAW Mendis,Powerplay,67,58,2,24,9.666666666666666,6.931034482758621,41.37931034482759
BAW Mendis,Middle overs,158,132,4,37,22.0,7.181818181818182,28.030303030303028
BAW Mendis,Death overs,78,54,2,15,9.0,8.666666666666666,27.77777777777778
BB Sran,Powerplay,350,228,5,98,38.0,9.210526315789474,42.98245614035088
BB Sran,Middle overs,267,168,6,50,28.0,9.535714285714286,29.761904761904763
BB Sran,Death overs,140,87,7,20,14.5,9.655172413793103,22.988505747126435
BCJ Cutting,Powerplay,68,42,0,10,7.0,9.714285714285714,23.809523809523807
BCJ Cutting,Middle overs,215,163,8,53,27.166666666666668,7.914110429447852,32.515337423312886
BCJ Cutting,Death overs,146,76,2,14,12.666666666666666,11.526315789473685,18.421052631578945
BE Hendricks,Powerplay,108,60,1,21,10.0,10.8,35.0
BE Hendricks,Middle overs,49,36,2,11,6.0,8.166666666666666,30.555555555555557
BE Hendricks,Death overs,78,54,6,20,9.0,8.666666666666666,37.03703703703704
BJ Dwarshuis,Powerplay,0,0,0,0,0.0,0.0,0.0
BJ Dwarshuis,Middle overs,34,18,0,4,3.0,11.333333333333334,22.22222222222222
BJ Dwarshuis,Death overs,17,6,1,2,1.0,17.0,33.33333333333333
BJ Hodge,Powerplay,52,36,0,15,6.0,8.666666666666666,41.66666666666667
BJ Hodge,Middle overs,228,180,14,53,30.0,7.6,29.444444444444446
BJ Hodge,Death overs,23,18,3,7,3.0,7.666666666666667,38.88888888888889
BJ Rohrer,Powerplay,0,0,0,0,0.0,0.0,0.0
BJ Rohrer,Middle overs,12,6,0,1,1.0,12.0,16.666666666666664
BJ Rohrer,Death overs,0,0,0,0,0.0,0.0,0.0
BMAJ Mendis,Powerplay,0,0,0,0,0.0,0.0,0.0
BMAJ Mendis,Middle overs,36,30,1,11,5.0,7.2,36.666666666666664
BMAJ Mendis,Death overs,0,0,0,0,0.0,0.0,0.0
BW Hilfenhaus,Powerplay,244,240,12,133,40.0,6.1,55.41666666666667
BW Hilfenhaus,Middle overs,54,36,3,12,6.0,9.0,33.33333333333333
BW Hilfenhaus,Death overs,181,96,7,28,16.0,11.3125,29.166666666666668
Basil Thampi,Powerplay,253,162,2,65,27.0,9.37037037037037,40.123456790123456
Basil Thampi,Middle overs,264,186,7,52,31.0,8.516129032258064,27.956989247311824
Basil Thampi,Death overs,329,173,13,35,28.833333333333332,11.410404624277458,20.23121387283237
Bipul Sharma,Powerplay,76,74,5,37,12.333333333333334,6.162162162162162,50.0
Bipul Sharma,Middle overs,412,318,11,86,53.0,7.773584905660377,27.044025157232703
Bipul Sharma,Death overs,84,34,1,8,5.666666666666667,14.823529411764705,23.52941176470588
Brijesh Sharma,Powerplay,131,72,1,25,12.0,10.916666666666666,34.72222222222222
Brijesh Sharma,Middle overs,155,108,5,25,18.0,8.61111111111111,23.14814814814815
Brijesh Sharma,Death overs,164,93,8,34,15.5,10.580645161290322,36.55913978494624
C Bosch,Powerplay,30,18,2,8,3.0,10.0,44.44444444444444
C Bosch,Middle overs,137,96,6,38,16.0,8.5625,39.58333333333333
C Bosch,Death overs,83,49,5,21,8.166666666666666,10.16326530612245,42.857142857142854
C Ganapathy,Powerplay,0,0,0,0,0.0,0.0,0.0
C Ganapathy,Middle overs,13,6,0,1,1.0,13.0,16.666666666666664
C Ganapathy,Death overs,0,0,0,0,0.0,0.0,0.0
C Green,Powerplay,257,156,5,61,26.0,9.884615384615385,39.1025641025641
C Green,Middle overs,426,306,13,101,51.0,8.352941176470589,33.006535947712415
C Green,Death overs,215,109,5,30,18.166666666666668,11.8348623853211,27.522935779816514
C Munro,Powerplay,0,0,0,0,0.0,0.0,0.0
C Munro,Middle overs,15,12,0,5,2.0,7.5,41.66666666666667
C Munro,Death overs,0,0,0,0,0.0,0.0,0.0
C Nanda,Powerplay,0,0,0,0,0.0,0.0,0.0
C Nanda,Middle overs,49,42,2,11,7.0,7.0,26.190476190476193
C Nanda,Death overs,8,6,0,2,1.0,8.0,33.33333333333333
C Sakariya,Powerplay,224,198,6,88,33.0,6.787878787878788,44.44444444444444
C Sakariya,Middle overs,179,120,6,30,20.0,8.95,25.0
C Sakariya,Death overs,235,126,8,28,21.0,11.19047619047619,22.22222222222222
C de Grandhomme,Powerplay,13,12,0,7,2.0,6.5,58.333333333333336
C de Grandhomme,Middle overs,277,190,6,50,31.666666666666668,8.74736842105263,26.31578947368421
C de Grandhomme,Death overs,29,14,0,1,2.3333333333333335,12.428571428571427,7.142857142857142
CH Gayle,Powerplay,162,120,3,50,20.0,8.1,41.66666666666667
CH Gayle,Middle overs,342,282,6,84,47.0,7.276595744680851,29.78723404255319
CH Gayle,Death overs,225,152,9,46,25.333333333333332,8.881578947368421,30.263157894736842
CH Morris,Powerplay,866,684,22,335,114.0,7.5964912280701755,48.9766081871345
CH Morris,Middle overs,510,396,16,150,66.0,7.7272727272727275,37.878787878787875
CH Morris,Death overs,933,646,58,183,107.66666666666667,8.6656346749226,28.328173374613
CJ Anderson,Powerplay,120,71,2,31,11.833333333333334,10.140845070422534,43.66197183098591
CJ Anderson,Middle overs,199,138,4,29,23.0,8.652173913043478,21.014492753623188
CJ Anderson,Death overs,199,88,5,19,14.666666666666666,13.568181818181818,21.59090909090909
CJ Dala,Powerplay,17,6,0,2,1.0,17.0,33.33333333333333
CJ Dala,Middle overs,17,12,0,5,2.0,8.5,41.66666666666667
CJ Dala,Death overs,0,0,0,0,0.0,0.0,0.0
CJ Green,Powerplay,16,12,0,6,2.0,8.0,50.0
CJ Green,Middle overs,0,0,0,0,0.0,0.0,0.0
CJ Green,Death overs,8,5,0,0,0.8333333333333334,9.6,0.0
CJ Jordan,Powerplay,235,150,3,60,25.0,9.4,40.0
CJ Jordan,Middle overs,317,246,12,76,41.0,7.7317073170731705,30.89430894308943
CJ Jordan,Death overs,529,278,15,70,46.333333333333336,11.417266187050359,25.179856115107913
CJ McKay,Powerplay,26,12,0,4,2.0,13.0,33.33333333333333
CJ McKay,Middle overs,14,18,1,7,3.0,4.666666666666667,38.88888888888889
CJ McKay,Death overs,20,12,0,3,2.0,10.0,25.0
CK Kapugedera,Powerplay,0,0,0,0,0.0,0.0,0.0
CK Kapugedera,Middle overs,34,11,0,0,1.8333333333333333,18.545454545454547,0.0
CK Kapugedera,Death overs,15,6,0,0,1.0,15.0,0.0
CK Langeveldt,Powerplay,96,84,6,47,14.0,6.857142857142857,55.952380952380956
CK Langeveldt,Middle overs,29,24,3,10,4.0,7.25,41.66666666666667
CK Langeveldt,Death overs,62,48,4,12,8.0,7.75,25.0
CL White,Powerplay,0,0,0,0,0.0,0.0,0.0
CL White,Middle overs,86,42,1,8,7.0,12.285714285714286,19.047619047619047
CL White,Death overs,0,0,0,0,0.0,0.0,0.0
CR Brathwaite,Powerplay,30,24,0,10,4.0,7.5,41.66666666666667
CR Brathwaite,Middle overs,255,174,7,47,29.0,8.793103448275861,27.011494252873565
CR Brathwaite,Death overs,94,56,6,17,9.333333333333334,10.071428571428571,30.357142857142854
CR Woakes,Powerplay,242,162,6,69,27.0,8.962962962962964,42.592592592592595
CR Woakes,Middle overs,133,120,8,46,20.0,6.65,38.333333333333336
CR Woakes,Death overs,283,158,16,46,26.333333333333332,10.746835443037975,29.11392405063291
CRD Fernando,Powerplay,87,78,7,39,13.0,6.6923076923076925,50.0
CRD Fernando,Middle overs,83,72,5,36,12.0,6.916666666666667,50.0
CRD Fernando,Death overs,128,84,5,24,14.0,9.142857142857142,28.57142857142857
CV Varun,Powerplay,506,384,15,156,64.0,7.90625,40.625
CV Varun,Middle overs,1761,1424,77,501,237.33333333333334,7.419943820224719,35.18258426966292
CV Varun,Death overs,476,328,19,116,54.666666666666664,8.707317073170731,35.36585365853659
D Brevis,Powerplay,0,0,0,0,0.0,0.0,0.0
D Brevis,Middle overs,0,0,0,0,0.0,0.0,0.0
D Brevis,Death overs,8,3,1,1,0.5,16.0,33.33333333333333
D Ferreira,Powerplay,0,0,0,0,0.0,0.0,0.0
D Ferreira,Middle overs,25,12,1,2,2.0,12.5,16.666666666666664
D Ferreira,Death overs,16,6,0,0,1.0,16.0,0.0
D Jansen,Powerplay,16,6,0,2,1.0,16.0,33.33333333333333
D Jansen,Middle overs,13,6,0,1,1.0,13.0,16.666666666666664
D Jansen,Death overs,24,12,1,3,2.0,12.0,25.0
D Kalyankrishna,Powerplay,0,0,0,0,0.0,0.0,0.0
D Kalyankrishna,Middle overs,70,42,2,10,7.0,10.0,23.809523809523807
D Kalyankrishna,Death overs,17,6,0,0,1.0,17.0,0.0
D Madushanka,Powerplay,16,12,1,6,2.0,8.0,50.0
D Madushanka,Middle overs,20,12,0,2,2.0,10.0,16.666666666666664
D Madushanka,Death overs,0,0,0,0,0.0,0.0,0.0
D Pretorius,Powerplay,0,0,0,0,0.0,0.0,0.0
D Pretorius,Middle overs,92,78,4,21,13.0,7.076923076923077,26.923076923076923
D Pretorius,Death overs,146,72,2,21,12.0,12.166666666666666,29.166666666666668
D Salunkhe,Powerplay,0,0,0,0,0.0,0.0,0.0
D Salunkhe,Middle overs,71,41,1,11,6.833333333333333,10.390243902439025,26.82926829268293
D Salunkhe,Death overs,7,6,0,2,1.0,7.0,33.33333333333333
D Wiese,Powerplay,85,72,6,33,12.0,7.083333333333333,45.83333333333333
D Wiese,Middle overs,250,162,3,33,27.0,9.25925925925926,20.37037037037037
D Wiese,Death overs,105,62,7,16,10.333333333333334,10.161290322580644,25.806451612903224
D du Preez,Powerplay,12,18,3,12,3.0,4.0,66.66666666666666
D du Preez,Middle overs,28,18,1,6,3.0,9.333333333333334,33.33333333333333
D du Preez,Death overs,16,6,0,0,1.0,16.0,0.0
DA Payne,Powerplay,43,12,0,1,2.0,21.5,8.333333333333332
DA Payne,Middle overs,27,18,2,4,3.0,9.0,22.22222222222222
DA Payne,Death overs,0,0,0,0,0.0,0.0,0.0
DA Warner,Powerplay,0,0,0,0,0.0,0.0,0.0
DA Warner,Middle overs,2,1,0,0,0.16666666666666666,12.0,0.0
DA Warner,Death overs,0,0,0,0,0.0,0.0,0.0
DAJ Bracewell,Powerplay,7,6,0,4,1.0,7.0,66.66666666666666
DAJ Bracewell,Middle overs,15,12,1,4,2.0,7.5,33.33333333333333
DAJ Bracewell,Death overs,10,6,2,2,1.0,10.0,33.33333333333333
DB Ravi Teja,Powerplay,0,0,0,0,0.0,0.0,0.0
DB Ravi Teja,Middle overs,28,18,1,4,3.0,9.333333333333334,22.22222222222222
DB Ravi Teja,Death overs,0,0,0,0,0.0,0.0,0.0
DE Bollinger,Powerplay,386,324,11,158,54.0,7.148148148148148,48.76543209876543
DE Bollinger,Middle overs,15,18,3,8,3.0,5.0,44.44444444444444
DE Bollinger,Death overs,292,234,23,88,39.0,7.487179487179487,37.60683760683761
DG Nalkande,Powerplay,22,12,0,5,2.0,11.0,41.66666666666667
DG Nalkande,Middle overs,96,54,5,13,9.0,10.666666666666666,24.074074074074073
DG Nalkande,Death overs,30,18,1,4,3.0,10.0,22.22222222222222
DJ Bravo,Powerplay,299,228,10,112,38.0,7.868421052631579,49.122807017543856
DJ Bravo,Middle overs,1900,1507,58,488,251.16666666666666,7.564698075646981,32.38221632382216
DJ Bravo,Death overs,2161,1385,115,398,230.83333333333334,9.36173285198556,28.736462093862812
DJ Harris,Powerplay,0,0,0,0,0.0,0.0,0.0
DJ Harris,Middle overs,16,12,0,4,2.0,8.0,33.33333333333333
DJ Harris,Death overs,10,6,0,0,1.0,10.0,0.0
DJ Hooda,Powerplay,96,72,2,29,12.0,8.0,40.27777777777778
DJ Hooda,Middle overs,355,264,7,64,44.0,8.068181818181818,24.242424242424242
DJ Hooda,Death overs,95,43,1,9,7.166666666666667,13.25581395348837,20.930232558139537
DJ Hussey,Powerplay,57,36,0,9,6.0,9.5,25.0
DJ Hussey,Middle overs,303,228,6,62,38.0,7.973684210526316,27.192982456140353
DJ Hussey,Death overs,114,53,2,15,8.833333333333334,12.90566037735849,28.30188679245283
DJ Mitchell,Powerplay,0,0,0,0,0.0,0.0,0.0
DJ Mitchell,Middle overs,97,48,1,5,8.0,12.125,10.416666666666668
DJ Mitchell,Death overs,0,0,0,0,0.0,0.0,0.0
DJ Muthuswami,Powerplay,92,72,3,35,12.0,7.666666666666667,48.61111111111111
DJ Muthuswami,Middle overs,8,6,0,4,1.0,8.0,66.66666666666666
DJ Muthuswami,Death overs,1,6,1,5,1.0,1.0,83.33333333333334
DJ Thornely,Powerplay,0,0,0,0,0.0,0.0,0.0
DJ Thornely,Middle overs,40,42,3,19,7.0,5.714285714285714,45.23809523809524
DJ Thornely,Death overs,0,0,0,0,0.0,0.0,0.0
DJ Willey,Powerplay,152,138,3,60,23.0,6.608695652173913,43.47826086956522
DJ Willey,Middle overs,57,42,2,8,7.0,8.142857142857142,19.047619047619047
DJ Willey,Death overs,63,36,1,11,6.0,10.5,30.555555555555557
DJG Sammy,Powerplay,34,24,1,6,4.0,8.5,25.0
DJG Sammy,Middle overs,207,162,9,58,27.0,7.666666666666667,35.80246913580247
DJG Sammy,Death overs,109,50,1,8,8.333333333333334,13.079999999999998,16.0
DJM Short,Powerplay,0,0,0,0,0.0,0.0,0.0
DJM Short,Middle overs,19,18,1,7,3.0,6.333333333333333,38.88888888888889
DJM Short,Death overs,0,0,0,0,0.0,0.0,0.0
DL Chahar,Powerplay,2157,1605,72,744,267.5,8.063551401869159,46.35514018691589
DL Chahar,Middle overs,363,258,8,74,43.0,8.44186046511628,28.68217054263566
DL Chahar,Death overs,342,205,16,53,34.166666666666664,10.009756097560976,25.853658536585368
DL Vettori,Powerplay,97,90,2,39,15.0,6.466666666666667,43.333333333333336
DL Vettori,Middle overs,561,522,19,182,87.0,6.448275862068965,34.86590038314176
DL Vettori,Death overs,221,165,7,49,27.5,8.036363636363637,29.6969696969697
DNT Zoysa,Powerplay,45,36,0,15,6.0,7.5,41.66666666666667
DNT Zoysa,Middle overs,21,12,1,3,2.0,10.5,25.0
DNT Zoysa,Death overs,33,18,1,6,3.0,11.0,33.33333333333333
DP Nannes,Powerplay,360,342,15,184,57.0,6.315789473684211,53.80116959064327
DP Nannes,Middle overs,121,96,0,31,16.0,7.5625,32.29166666666667
DP Nannes,Death overs,304,208,13,70,34.666666666666664,8.76923076923077,33.65384615384615
DP Vijaykumar,Powerplay,124,102,3,53,17.0,7.294117647058823,51.9607843137255
DP Vijaykumar,Middle overs,23,24,0,7,4.0,5.75,29.166666666666668
DP Vijaykumar,Death overs,52,26,1,3,4.333333333333333,12.0,11.538461538461538
DR Sams,Powerplay,209,180,8,88,30.0,6.966666666666667,48.888888888888886
DR Sams,Middle overs,163,114,5,39,19.0,8.578947368421053,34.21052631578947
DR Sams,Death overs,151,66,1,15,11.0,13.727272727272727,22.727272727272727
DR Smith,Powerplay,121,66,5,24,11.0,11.0,36.36363636363637
DR Smith,Middle overs,534,402,15,127,67.0,7.970149253731344,31.592039800995025
DR Smith,Death overs,155,71,6,17,11.833333333333334,13.098591549295774,23.943661971830984
DS Kulkarni,Powerplay,1271,1018,44,499,169.66666666666666,7.491159135559922,49.017681728880156
DS Kulkarni,Middle overs,614,425,20,140,70.83333333333333,8.668235294117647,32.94117647058823
DS Kulkarni,Death overs,589,344,22,103,57.333333333333336,10.273255813953488,29.941860465116278
DS Rathi,Powerplay,213,138,4,43,23.0,9.26086956521739,31.15942028985507
DS Rathi,Middle overs,466,324,10,85,54.0,8.62962962962963,26.234567901234566
DS Rathi,Death overs,147,84,5,21,14.0,10.5,25.0
DT Christian,Powerplay,254,180,8,80,30.0,8.466666666666667,44.44444444444444
DT Christian,Middle overs,575,492,18,165,82.0,7.012195121951219,33.53658536585366
DT Christian,Death overs,363,211,12,51,35.166666666666664,10.322274881516588,24.170616113744074
DW Steyn,Powerplay,1199,1140,34,624,190.0,6.310526315789474,54.736842105263165
DW Steyn,Middle overs,447,408,13,177,68.0,6.573529411764706,43.38235294117647
DW Steyn,Death overs,877,634,50,218,105.66666666666667,8.29968454258675,34.38485804416404
E Malinga,Powerplay,234,144,5,53,24.0,9.75,36.80555555555556
E Malinga,Middle overs,251,186,13,63,31.0,8.096774193548388,33.87096774193548
E Malinga,Death overs,260,156,15,51,26.0,10.0,32.69230769230769
F du Plessis,Powerplay,0,0,0,0,0.0,0.0,0.0
F du Plessis,Middle overs,0,0,0,0,0.0,0.0,0.0
F du Plessis,Death overs,16,6,0,0,1.0,16.0,0.0
FA Allen,Powerplay,32,18,1,9,3.0,10.666666666666666,50.0
FA Allen,Middle overs,104,72,1,17,12.0,8.666666666666666,23.61111111111111
FA Allen,Death overs,0,0,0,0,0.0,0.0,0.0
FH Edwards,Powerplay,58,78,3,50,13.0,4.461538461538462,64.1025641025641
FH Edwards,Middle overs,14,12,0,6,2.0,7.0,50.0
FH Edwards,Death overs,82,50,2,14,8.333333333333334,9.84,28.000000000000004
FY Fazal,Powerplay,0,0,0,0,0.0,0.0,0.0
FY Fazal,Middle overs,0,0,0,0,0.0,0.0,0.0
FY Fazal,Death overs,20,12,0,1,2.0,10.0,8.333333333333332
Fazalhaq Farooqi,Powerplay,196,132,3,55,22.0,8.909090909090908,41.66666666666667
Fazalhaq Farooqi,Middle overs,118,72,2,19,12.0,9.833333333333334,26.38888888888889
Fazalhaq Farooqi,Death overs,123,50,1,6,8.333333333333334,14.76,12.0
G Coetzee,Powerplay,119,66,3,30,11.0,10.818181818181818,45.45454545454545
G Coetzee,Middle overs,177,108,5,32,18.0,9.833333333333334,29.629629629629626
G Coetzee,Death overs,176,99,7,28,16.5,10.666666666666666,28.28282828282828
GB Hogg,Powerplay,52,48,4,25,8.0,6.5,52.083333333333336
GB Hogg,Middle overs,399,318,12,98,53.0,7.528301886792453,30.81761006289308
GB Hogg,Death overs,119,92,7,36,15.333333333333334,7.760869565217391,39.130434782608695
GC Viljoen,Powerplay,55,36,2,12,6.0,9.166666666666666,33.33333333333333
GC Viljoen,Middle overs,76,60,3,20,10.0,7.6,33.33333333333333
GC Viljoen,Death overs,91,42,2,11,7.0,13.0,26.190476190476193
GD McGrath,Powerplay,211,222,8,127,37.0,5.702702702702703,57.20720720720721
GD McGrath,Middle overs,28,24,1,9,4.0,7.0,37.5
GD McGrath,Death overs,118,78,3,17,13.0,9.076923076923077,21.794871794871796
GD Phillips,Powerplay,4,6,1,5,1.0,4.0,83.33333333333334
GD Phillips,Middle overs,36,24,1,5,4.0,9.0,20.833333333333336
GD Phillips,Death overs,0,0,0,0,0.0,0.0,0.0
GF Linde,Powerplay,0,0,0,0,0.0,0.0,0.0
GF Linde,Middle overs,51,36,1,10,6.0,8.5,27.77777777777778
GF Linde,Death overs,4,1,0,0,0.16666666666666666,24.0,0.0
GH Vihari,Powerplay,33,24,1,9,4.0,8.25,37.5
GH Vihari,Middle overs,14,18,0,8,3.0,4.666666666666667,44.44444444444444
GH Vihari,Death overs,0,0,0,0,0.0,0.0,0.0
GHS Garton,Powerplay,107,60,1,18,10.0,10.7,30.0
GHS Garton,Middle overs,11,12,1,7,2.0,5.5,58.333333333333336
GHS Garton,Death overs,17,18,1,6,3.0,5.666666666666667,33.33333333333333
GJ Maxwell,Powerplay,376,258,11,98,43.0,8.744186046511627,37.98449612403101
GJ Maxwell,Middle overs,943,702,27,218,117.0,8.05982905982906,31.054131054131055
GJ Maxwell,Death overs,94,62,3,12,10.333333333333334,9.096774193548386,19.35483870967742
GR Napier,Powerplay,3,6,0,3,1.0,3.0,50.0
GR Napier,Middle overs,24,18,1,5,3.0,8.0,27.77777777777778
GR Napier,Death overs,0,0,0,0,0.0,0.0,0.0
GS Sandhu,Powerplay,7,6,0,3,1.0,7.0,50.0
GS Sandhu,Middle overs,25,18,0,2,3.0,8.333333333333334,11.11111111111111
GS Sandhu,Death overs,50,24,1,4,4.0,12.5,16.666666666666664
Gagandeep Singh,Powerplay,7,6,0,3,1.0,7.0,50.0
Gagandeep Singh,Middle overs,70,54,2,17,9.0,7.777777777777778,31.48148148148148
Gagandeep Singh,Death overs,64,24,1,5,4.0,16.0,20.833333333333336
Gulbadin Naib,Powerplay,0,0,0,0,0.0,0.0,0.0
Gulbadin Naib,Middle overs,12,6,0,1,1.0,12.0,16.666666666666664
Gulbadin Naib,Death overs,0,0,0,0,0.0,0.0,0.0
Gurjapneet Singh,Powerplay,14,12,0,4,2.0,7.0,33.33333333333333
Gurjapneet Singh,Middle overs,147,96,2,31,16.0,9.1875,32.29166666666667
Gurjapneet Singh,Death overs,72,43,2,11,7.166666666666667,10.046511627906977,25.581395348837212
Gurkeerat Singh,Powerplay,19,12,0,3,2.0,9.5,25.0
Gurkeerat Singh,Middle overs,78,66,5,23,11.0,7.090909090909091,34.84848484848485
Gurkeerat Singh,Death overs,0,0,0,0,0.0,0.0,0.0
Gurnoor Brar,Powerplay,18,12,0,6,2.0,9.0,50.0
Gurnoor Brar,Middle overs,24,6,0,1,1.0,24.0,16.666666666666664
Gurnoor Brar,Death overs,0,0,0,0,0.0,0.0,0.0
H Sharma,Powerplay,0,0,0,0,0.0,0.0,0.0
H Sharma,Middle overs,57,30,0,2,5.0,11.4,6.666666666666667
H Sharma,Death overs,0,0,0,0,0.0,0.0,0.0
HF Gurney,Powerplay,66,66,2,28,11.0,6.0,42.42424242424242
HF Gurney,Middle overs,62,42,1,9,7.0,8.857142857142858,21.428571428571427
HF Gurney,Death overs,110,54,4,13,9.0,12.222222222222221,24.074074074074073
HH Pandya,Powerplay,694,432,13,176,72.0,9.63888888888889,40.74074074074074
HH Pandya,Middle overs,1417,1012,37,312,168.66666666666666,8.401185770750988,30.8300395256917
HH Pandya,Death overs,640,320,32,96,53.333333333333336,12.0,30.0
HR Shokeen,Powerplay,67,54,2,31,9.0,7.444444444444445,57.407407407407405
HR Shokeen,Middle overs,223,144,2,45,24.0,9.291666666666666,31.25
HR Shokeen,Death overs,24,6,1,2,1.0,24.0,33.33333333333333
HV Patel,Powerplay,606,390,14,151,65.0,9.323076923076924,38.71794871794872
HV Patel,Middle overs,1685,1261,56,392,210.16666666666666,8.017446471054718,31.086439333862014
HV Patel,Death overs,1435,856,81,264,142.66666666666666,10.058411214953273,30.8411214953271
Harbhajan Singh,Powerplay,915,773,30,380,128.83333333333334,7.102199223803363,49.159120310478656
Harbhajan Singh,Middle overs,2737,2370,94,792,395.0,6.9291139240506325,33.41772151898734
Harbhajan Singh,Death overs,378,273,26,91,45.5,8.307692307692308,33.33333333333333
Harmeet Singh,Powerplay,147,96,6,48,16.0,9.1875,50.0
Harmeet Singh,Middle overs,410,324,11,107,54.0,7.592592592592593,33.0246913580247
Harmeet Singh,Death overs,174,129,10,46,21.5,8.093023255813954,35.65891472868217
Harpreet Brar,Powerplay,254,156,3,58,26.0,9.76923076923077,37.17948717948718
Harpreet Brar,Middle overs,793,648,31,217,108.0,7.342592592592593,33.48765432098765
Harpreet Brar,Death overs,98,55,3,10,9.166666666666666,10.690909090909091,18.181818181818183
Harsh Dubey,Powerplay,95,54,1,16,9.0,10.555555555555555,29.629629629629626
Harsh Dubey,Middle overs,189,108,7,30,18.0,10.5,27.77777777777778
Harsh Dubey,Death overs,42,30,5,8,5.0,8.4,26.666666666666668
Harshit Rana,Powerplay,468,294,16,132,49.0,9.551020408163266,44.89795918367347
Harshit Rana,Middle overs,307,198,10,62,33.0,9.303030303030303,31.313131313131315
Harshit Rana,Death overs,254,157,14,53,26.166666666666668,9.70700636942675,33.75796178343949
I Malhotra,Powerplay,0,0,0,0,0.0,0.0,0.0
I Malhotra,Middle overs,23,6,0,0,1.0,23.0,0.0
I Malhotra,Death overs,0,0,0,0,0.0,0.0,0.0
I Sharma,Powerplay,1885,1521,57,758,253.5,7.435897435897436,49.83563445101907
I Sharma,Middle overs,643,432,17,127,72.0,8.930555555555555,29.398148148148145
I Sharma,Death overs,849,466,22,114,77.66666666666667,10.931330472103003,24.463519313304722
I Udana,Powerplay,103,54,2,16,9.0,11.444444444444445,29.629629629629626
I Udana,Middle overs,87,60,3,17,10.0,8.7,28.333333333333332
I Udana,Death overs,92,60,3,12,10.0,9.2,20.0
IC Pandey,Powerplay,304,264,11,151,44.0,6.909090909090909,57.1969696969697
IC Pandey,Middle overs,222,162,5,53,27.0,8.222222222222221,32.71604938271605
IC Pandey,Death overs,65,36,2,8,6.0,10.833333333333334,22.22222222222222
IC Porel,Powerplay,25,12,0,4,2.0,12.5,33.33333333333333
IC Porel,Middle overs,14,12,1,3,2.0,7.0,25.0
IC Porel,Death overs,0,0,0,0,0.0,0.0,0.0
IK Pathan,Powerplay,1082,918,28,507,153.0,7.071895424836601,55.22875816993464
IK Pathan,Middle overs,819,636,24,212,106.0,7.726415094339623,33.33333333333333
IK Pathan,Death overs,748,489,28,116,81.5,9.177914110429448,23.721881390593047
IS Sodhi,Powerplay,17,12,2,8,2.0,8.5,66.66666666666666
IS Sodhi,Middle overs,177,162,7,52,27.0,6.555555555555555,32.098765432098766
IS Sodhi,Death overs,8,7,0,4,1.1666666666666667,6.857142857142857,57.14285714285714
Imran Tahir,Powerplay,85,54,3,14,9.0,9.444444444444445,25.925925925925924
Imran Tahir,Middle overs,1131,941,54,335,156.83333333333334,7.211477151965993,35.60042507970245
Imran Tahir,Death overs,487,321,25,88,53.5,9.102803738317757,27.41433021806853
Iqbal Abdulla,Powerplay,291,276,14,131,46.0,6.326086956521739,47.46376811594203
Iqbal Abdulla,Middle overs,646,525,20,161,87.5,7.382857142857143,30.666666666666664
Iqbal Abdulla,Death overs,172,119,6,39,19.833333333333332,8.672268907563026,32.773109243697476
Ishan Kishan,Powerplay,0,0,0,0,0.0,0.0,0.0
Ishan Kishan,Middle overs,0,0,0,0,0.0,0.0,0.0
Ishan Kishan,Death overs,4,1,0,0,0.16666666666666666,24.0,0.0
J Botha,Powerplay,253,192,4,77,32.0,7.90625,40.10416666666667
J Botha,Middle overs,411,396,13,142,66.0,6.2272727272727275,35.858585858585855
J Botha,Death overs,136,106,8,35,17.666666666666668,7.698113207547169,33.0188679245283
J Little,Powerplay,121,78,3,34,13.0,9.307692307692308,43.58974358974359
J Little,Middle overs,129,96,8,35,16.0,8.0625,36.45833333333333
J Little,Death overs,89,54,0,13,9.0,9.88888888888889,24.074074074074073
J Overton,Powerplay,76,30,0,6,5.0,15.2,20.0
J Overton,Middle overs,145,108,9,37,18.0,8.055555555555555,34.25925925925926
J Overton,Death overs,111,66,5,21,11.0,10.090909090909092,31.818181818181817
J Suchith,Powerplay,104,72,3,31,12.0,8.666666666666666,43.05555555555556
J Suchith,Middle overs,471,336,15,105,56.0,8.410714285714286,31.25
J Suchith,Death overs,27,12,1,4,2.0,13.5,33.33333333333333
J Syed Mohammad,Powerplay,14,18,1,11,3.0,4.666666666666667,61.111111111111114
J Syed Mohammad,Middle overs,236,156,6,31,26.0,9.076923076923077,19.871794871794872
J Syed Mohammad,Death overs,33,18,1,5,3.0,11.0,27.77777777777778
J Theron,Powerplay,100,65,3,27,10.833333333333334,9.23076923076923,41.53846153846154
J Theron,Middle overs,57,54,3,21,9.0,6.333333333333333,38.88888888888889
J Theron,Death overs,145,102,5,20,17.0,8.529411764705882,19.607843137254903
J Yadav,Powerplay,205,162,3,65,27.0,7.592592592592593,40.123456790123456
J Yadav,Middle overs,218,210,4,80,35.0,6.228571428571429,38.095238095238095
J Yadav,Death overs,22,18,1,8,3.0,7.333333333333333,44.44444444444444
JA Duffy,Powerplay,158,78,6,34,13.0,12.153846153846153,43.58974358974359
JA Duffy,Middle overs,70,54,3,16,9.0,7.777777777777778,29.629629629629626
JA Duffy,Death overs,35,12,0,4,2.0,17.5,33.33333333333333
JA Morkel,Powerplay,1268,900,34,386,150.0,8.453333333333333,42.888888888888886
JA Morkel,Middle overs,584,498,20,176,83.0,7.036144578313253,35.34136546184739
JA Morkel,Death overs,507,325,31,84,54.166666666666664,9.360000000000001,25.846153846153847
JA Richardson,Powerplay,49,30,0,15,5.0,9.8,50.0
JA Richardson,Middle overs,69,42,2,12,7.0,9.857142857142858,28.57142857142857
JA Richardson,Death overs,39,18,1,3,3.0,13.0,16.666666666666664
JC Archer,Powerplay,922,750,37,405,125.0,7.376,54.0
JC Archer,Middle overs,322,270,15,115,45.0,7.155555555555556,42.592592592592595
JC Archer,Death overs,914,561,32,157,93.5,9.775401069518717,27.98573975044563
JD Ryder,Powerplay,7,6,0,3,1.0,7.0,50.0
JD Ryder,Middle overs,241,204,7,70,34.0,7.088235294117647,34.31372549019608
JD Ryder,Death overs,55,26,1,6,4.333333333333333,12.692307692307693,23.076923076923077
JD Unadkat,Powerplay,1119,852,28,351,142.0,7.880281690140845,41.19718309859155
JD Unadkat,Middle overs,1171,834,30,226,139.0,8.424460431654676,27.098321342925658
JD Unadkat,Death overs,1214,665,56,180,110.83333333333333,10.953383458646616,27.06766917293233
JDP Oram,Powerplay,171,108,3,41,18.0,9.5,37.96296296296296
JDP Oram,Middle overs,78,54,1,17,9.0,8.666666666666666,31.48148148148148
JDP Oram,Death overs,100,75,5,21,12.5,8.0,28.000000000000004
JDS Neesham,Powerplay,63,36,1,17,6.0,10.5,47.22222222222222
JDS Neesham,Middle overs,231,168,7,46,28.0,8.25,27.380952380952383
JDS Neesham,Death overs,40,12,0,0,2.0,20.0,0.0
JE Root,Powerplay,0,0,0,0,0.0,0.0,0.0
JE Root,Middle overs,14,12,0,1,2.0,7.0,8.333333333333332
JE Root,Death overs,0,0,0,0,0.0,0.0,0.0
JE Taylor,Powerplay,51,48,0,23,8.0,6.375,47.91666666666667
JE Taylor,Middle overs,19,18,0,9,3.0,6.333333333333333,50.0
JE Taylor,Death overs,87,51,6,16,8.5,10.235294117647058,31.372549019607842
JEC Franklin,Powerplay,16,12,1,2,2.0,8.0,16.666666666666664
JEC Franklin,Middle overs,162,115,5,30,19.166666666666668,8.452173913043477,26.08695652173913
JEC Franklin,Death overs,42,24,3,7,4.0,10.5,29.166666666666668
JH Kallis,Powerplay,632,516,18,231,86.0,7.348837209302325,44.76744186046512
JH Kallis,Middle overs,1057,866,23,281,144.33333333333334,7.3233256351039255,32.44803695150115
JH Kallis,Death overs,604,360,24,89,60.0,10.066666666666666,24.72222222222222
JJ Bumrah,Powerplay,1493,1288,43,643,214.66666666666666,6.954968944099379,49.922360248447205
JJ Bumrah,Middle overs,1033,942,45,371,157.0,6.579617834394904,39.384288747346076
JJ Bumrah,Death overs,1943,1423,102,444,237.16666666666666,8.19255094869993,31.201686577652847
JJ van der Wath,Powerplay,41,30,0,18,5.0,8.2,60.0
JJ van der Wath,Middle overs,44,18,1,5,3.0,14.666666666666666,27.77777777777778
JJ van der Wath,Death overs,44,24,2,6,4.0,11.0,25.0
JL Pattinson,Powerplay,149,102,4,43,17.0,8.764705882352942,42.15686274509804
JL Pattinson,Middle overs,111,72,3,20,12.0,9.25,27.77777777777778
JL Pattinson,Death overs,60,39,4,14,6.5,9.23076923076923,35.8974358974359
JM Kemp,Powerplay,0,0,0,0,0.0,0.0,0.0
JM Kemp,Middle overs,53,43,3,15,7.166666666666667,7.395348837209302,34.883720930232556
JM Kemp,Death overs,1,1,0,0,0.16666666666666666,6.0,0.0
JO Holder,Powerplay,528,360,9,151,60.0,8.8,41.94444444444444
JO Holder,Middle overs,691,531,28,174,88.5,7.807909604519774,32.7683615819209
JO Holder,Death overs,532,334,33,88,55.666666666666664,9.556886227544911,26.34730538922156
JP Behrendorff,Powerplay,328,240,11,103,40.0,8.2,42.916666666666664
JP Behrendorff,Middle overs,98,66,3,18,11.0,8.909090909090908,27.27272727272727
JP Behrendorff,Death overs,126,60,5,18,10.0,12.6,30.0
JP Duminy,Powerplay,199,162,3,69,27.0,7.37037037037037,42.592592592592595
JP Duminy,Middle overs,548,462,17,151,77.0,7.116883116883117,32.683982683982684
JP Duminy,Death overs,87,54,3,14,9.0,9.666666666666666,25.925925925925924
JP Faulkner,Powerplay,482,371,16,156,61.833333333333336,7.795148247978436,42.04851752021563
JP Faulkner,Middle overs,539,400,13,128,66.66666666666667,8.084999999999999,32.0
JP Faulkner,Death overs,778,467,32,115,77.83333333333333,9.995717344753748,24.62526766595289
JPR Scantlebury-Searles,Powerplay,13,6,0,0,1.0,13.0,0.0
JPR Scantlebury-Searles,Middle overs,56,30,1,5,5.0,11.2,16.666666666666664
JPR Scantlebury-Searles,Death overs,20,6,1,2,1.0,20.0,33.33333333333333
JR Hazlewood,Powerplay,857,642,31,321,107.0,8.009345794392523,50.0
JR Hazlewood,Middle overs,277,205,14,73,34.166666666666664,8.107317073170732,35.609756097560975
JR Hazlewood,Death overs,556,329,27,100,54.833333333333336,10.139817629179332,30.3951367781155
JR Hopes,Powerplay,25,18,1,9,3.0,8.333333333333334,50.0
JR Hopes,Middle overs,311,234,7,77,39.0,7.9743589743589745,32.9059829059829
JR Hopes,Death overs,212,108,6,19,18.0,11.777777777777779,17.59259259259259
JW Hastings,Powerplay,50,36,1,20,6.0,8.333333333333334,55.55555555555556
JW Hastings,Middle overs,7,12,1,6,2.0,3.5,50.0
JW Hastings,Death overs,9,10,1,5,1.6666666666666667,5.3999999999999995,50.0
Jalaj S Saxena,Powerplay,10,6,0,2,1.0,10.0,33.33333333333333
Jalaj S Saxena,Middle overs,17,12,0,3,2.0,8.5,25.0
Jalaj S Saxena,Death overs,0,0,0,0,0.0,0.0,0.0
Jaskaran Singh,Powerplay,51,42,2,19,7.0,7.285714285714286,45.23809523809524
Jaskaran Singh,Middle overs,46,30,1,12,5.0,9.2,40.0
Jaskaran Singh,Death overs,74,30,3,8,5.0,14.8,26.666666666666668
Joginder Sharma,Powerplay,48,24,0,11,4.0,12.0,45.83333333333333
Joginder Sharma,Middle overs,266,180,10,49,30.0,8.866666666666667,27.22222222222222
Joginder Sharma,Death overs,105,52,2,11,8.666666666666666,12.115384615384617,21.153846153846153
K Goel,Powerplay,0,0,0,0,0.0,0.0,0.0
K Goel,Middle overs,93,66,0,19,11.0,8.454545454545455,28.78787878787879
K Goel,Death overs,0,0,0,0,0.0,0.0,0.0
K Gowtham,Powerplay,386,270,10,106,45.0,8.577777777777778,39.25925925925926
K Gowtham,Middle overs,372,294,11,94,49.0,7.591836734693878,31.97278911564626
K Gowtham,Death overs,50,24,0,6,4.0,12.5,25.0
K Kartikeya,Powerplay,16,6,1,2,1.0,16.0,33.33333333333333
K Kartikeya,Middle overs,342,252,11,76,42.0,8.142857142857142,30.158730158730158
K Kartikeya,Death overs,49,24,0,7,4.0,12.25,29.166666666666668
K Khejroliya,Powerplay,62,30,0,8,5.0,12.4,26.666666666666668
K Khejroliya,Middle overs,148,90,3,25,15.0,9.866666666666667,27.77777777777778
K Khejroliya,Death overs,67,31,3,6,5.166666666666667,12.96774193548387,19.35483870967742
K Rabada,Powerplay,1578,1089,54,476,181.5,8.694214876033058,43.70982552800734
K Rabada,Middle overs,669,527,28,201,87.83333333333333,7.616698292220114,38.1404174573055
K Rabada,Death overs,1118,685,69,229,114.16666666666667,9.792700729927008,33.43065693430657
K Santokie,Powerplay,31,18,1,7,3.0,10.333333333333334,38.88888888888889
K Santokie,Middle overs,5,6,1,3,1.0,5.0,50.0
K Santokie,Death overs,54,24,1,5,4.0,13.5,20.833333333333336
K Upadhyay,Powerplay,59,36,0,13,6.0,9.833333333333334,36.11111111111111
K Upadhyay,Middle overs,22,18,0,7,3.0,7.333333333333333,38.88888888888889
K Upadhyay,Death overs,0,0,0,0,0.0,0.0,0.0
K Yadav,Powerplay,26,18,0,7,3.0,8.666666666666666,38.88888888888889
K Yadav,Middle overs,30,24,0,3,4.0,7.5,12.5
K Yadav,Death overs,28,12,2,3,2.0,14.0,25.0
KA Jamieson,Powerplay,296,186,8,78,31.0,9.548387096774194,41.935483870967744
KA Jamieson,Middle overs,72,54,5,24,9.0,8.0,44.44444444444444
KA Jamieson,Death overs,138,60,3,12,10.0,13.8,20.0
KA Maharaj,Powerplay,8,6,0,3,1.0,8.0,50.0
KA Maharaj,Middle overs,31,30,2,8,5.0,6.2,26.666666666666668
KA Maharaj,Death overs,0,0,0,0,0.0,0.0,0.0
KA Pollard,Powerplay,59,36,1,12,6.0,9.833333333333334,33.33333333333333
KA Pollard,Middle overs,1514,1115,42,305,185.83333333333334,8.147085201793722,27.3542600896861
KA Pollard,Death overs,607,337,26,88,56.166666666666664,10.80712166172107,26.112759643916917
KAJ Roach,Powerplay,20,18,0,12,3.0,6.666666666666667,66.66666666666666
KAJ Roach,Middle overs,16,12,0,6,2.0,8.0,50.0
KAJ Roach,Death overs,44,18,0,2,3.0,14.666666666666666,11.11111111111111
KC Cariappa,Powerplay,65,36,0,14,6.0,10.833333333333334,38.88888888888889
KC Cariappa,Middle overs,260,162,6,43,27.0,9.62962962962963,26.543209876543212
KC Cariappa,Death overs,23,18,2,4,3.0,7.666666666666667,22.22222222222222
KH Pandya,Powerplay,733,558,17,216,93.0,7.881720430107527,38.70967741935484
KH Pandya,Middle overs,2364,1926,72,553,321.0,7.364485981308412,28.712357217030117
KH Pandya,Death overs,313,217,18,76,36.166666666666664,8.654377880184333,35.02304147465438
KJ Abbott,Powerplay,72,42,0,13,7.0,10.285714285714286,30.952380952380953
KJ Abbott,Middle overs,52,30,2,10,5.0,10.4,33.33333333333333
KJ Abbott,Death overs,53,24,0,5,4.0,13.25,20.833333333333336
KK Ahmed,Powerplay,1348,978,38,468,163.0,8.269938650306749,47.85276073619632
KK Ahmed,Middle overs,370,264,16,87,44.0,8.409090909090908,32.95454545454545
KK Ahmed,Death overs,756,415,37,128,69.16666666666667,10.93012048192771,30.843373493975907
KK Cooper,Powerplay,108,96,4,43,16.0,6.75,44.79166666666667
KK Cooper,Middle overs,267,216,12,69,36.0,7.416666666666667,31.944444444444443
KK Cooper,Death overs,382,264,17,72,44.0,8.681818181818182,27.27272727272727
KL Nagarkoti,Powerplay,45,30,0,13,5.0,9.0,43.333333333333336
KL Nagarkoti,Middle overs,182,120,4,26,20.0,9.1,21.666666666666668
KL Nagarkoti,Death overs,58,30,1,11,5.0,11.6,36.666666666666664
KM Asif,Powerplay,71,42,3,23,7.0,10.142857142857142,54.761904761904766
KM Asif,Middle overs,96,66,4,20,11.0,8.727272727272727,30.303030303030305
KM Asif,Death overs,63,26,0,3,4.333333333333333,14.53846153846154,11.538461538461538
KMA Paul,Powerplay,16,6,0,2,1.0,16.0,33.33333333333333
KMA Paul,Middle overs,144,108,5,34,18.0,8.0,31.48148148148148
KMA Paul,Death overs,77,49,4,16,8.166666666666666,9.428571428571429,32.6530612244898
KMDN Kulasekara,Powerplay,82,66,3,35,11.0,7.454545454545454,53.03030303030303
KMDN Kulasekara,Middle overs,8,6,0,1,1.0,8.0,16.666666666666664
KMDN Kulasekara,Death overs,30,30,2,9,5.0,6.0,30.0
KP Appanna,Powerplay,27,18,0,6,3.0,9.0,33.33333333333333
KP Appanna,Middle overs,233,186,9,60,31.0,7.516129032258065,32.25806451612903
KP Appanna,Death overs,26,12,0,2,2.0,13.0,16.666666666666664
KP Pietersen,Powerplay,20,18,1,12,3.0,6.666666666666667,66.66666666666666
KP Pietersen,Middle overs,156,132,4,36,22.0,7.090909090909091,27.27272727272727
KP Pietersen,Death overs,39,24,2,6,4.0,9.75,25.0
KR Mayers,Powerplay,43,36,0,13,6.0,7.166666666666667,36.11111111111111
KR Mayers,Middle overs,16,6,0,1,1.0,16.0,16.666666666666664
KR Mayers,Death overs,0,0,0,0,0.0,0.0,0.0
KR Sen,Powerplay,61,42,2,14,7.0,8.714285714285714,33.33333333333333
KR Sen,Middle overs,190,138,8,51,23.0,8.26086956521739,36.95652173913043
KR Sen,Death overs,136,61,4,18,10.166666666666666,13.37704918032787,29.508196721311474
KS Williamson,Powerplay,7,6,0,2,1.0,7.0,33.33333333333333
KS Williamson,Middle overs,24,12,0,0,2.0,12.0,0.0
KS Williamson,Death overs,0,0,0,0,0.0,0.0,0.0
KT Maphaka,Powerplay,78,42,2,16,7.0,11.142857142857142,38.095238095238095
KT Maphaka,Middle overs,31,12,0,4,2.0,15.5,33.33333333333333
KT Maphaka,Death overs,34,12,0,2,2.0,17.0,16.666666666666664
KV Sharma,Powerplay,187,156,6,61,26.0,7.1923076923076925,39.1025641025641
KV Sharma,Middle overs,1811,1308,67,410,218.0,8.307339449541285,31.345565749235476
KV Sharma,Death overs,217,121,10,36,20.166666666666668,10.760330578512397,29.75206611570248
KW Richardson,Powerplay,196,168,9,87,28.0,7.0,51.78571428571429
KW Richardson,Middle overs,77,54,1,14,9.0,8.555555555555555,25.925925925925924
KW Richardson,Death overs,199,113,9,28,18.833333333333332,10.56637168141593,24.778761061946902
Kamran Khan,Powerplay,132,84,5,41,14.0,9.428571428571429,48.80952380952381
Kamran Khan,Middle overs,54,48,2,14,8.0,6.75,29.166666666666668
Kamran Khan,Death overs,53,34,3,8,5.666666666666667,9.352941176470587,23.52941176470588
Karanveer Singh,Powerplay,26,12,0,6,2.0,13.0,50.0
Karanveer Singh,Middle overs,242,168,8,49,28.0,8.642857142857142,29.166666666666668
Karanveer Singh,Death overs,53,24,4,9,4.0,13.25,37.5
Karim Janat,Powerplay,0,0,0,0,0.0,0.0,0.0
Karim Janat,Middle overs,30,6,0,0,1.0,30.0,0.0
Karim Janat,Death overs,0,0,0,0,0.0,0.0,0.0
Kartik Tyagi,Powerplay,399,216,9,87,36.0,11.083333333333334,40.27777777777778
Kartik Tyagi,Middle overs,382,270,8,96,45.0,8.488888888888889,35.55555555555556
Kartik Tyagi,Death overs,430,242,16,72,40.333333333333336,10.661157024793388,29.75206611570248
Krish Bhagat,Powerplay,28,18,0,7,3.0,9.333333333333334,38.88888888888889
Krish Bhagat,Middle overs,0,0,0,0,0.0,0.0,0.0
Krish Bhagat,Death overs,35,18,0,8,3.0,11.666666666666666,44.44444444444444
Kuldeep Yadav,Powerplay,87,60,0,19,10.0,8.7,31.666666666666664
Kuldeep Yadav,Middle overs,2533,1856,82,549,309.3333333333333,8.188577586206897,29.57974137931034
Kuldeep Yadav,Death overs,539,370,30,116,61.666666666666664,8.740540540540541,31.351351351351354
L Ablish,Powerplay,26,12,0,3,2.0,13.0,25.0
L Ablish,Middle overs,31,12,0,2,2.0,15.5,16.666666666666664
L Ablish,Death overs,18,18,3,5,3.0,6.0,27.77777777777778
L Balaji,Powerplay,522,450,15,229,75.0,6.96,50.888888888888886
L Balaji,Middle overs,653,560,28,198,93.33333333333333,6.996428571428572,35.35714285714286
L Balaji,Death overs,853,502,33,110,83.66666666666667,10.195219123505975,21.91235059760956
L Ngidi,Powerplay,321,246,13,117,41.0,7.829268292682927,47.5609756097561
L Ngidi,Middle overs,169,126,7,41,21.0,8.047619047619047,32.53968253968254
L Ngidi,Death overs,379,248,22,80,41.333333333333336,9.169354838709676,32.25806451612903
L Wood,Powerplay,25,12,0,3,2.0,12.5,25.0
L Wood,Middle overs,23,12,1,4,2.0,11.5,33.33333333333333
L Wood,Death overs,45,12,0,1,2.0,22.5,8.333333333333332
LA Carseldine,Powerplay,6,6,1,4,1.0,6.0,66.66666666666666
LA Carseldine,Middle overs,0,0,0,0,0.0,0.0,0.0
LA Carseldine,Death overs,0,0,0,0,0.0,0.0,0.0
LB Williams,Powerplay,53,25,0,9,4.166666666666667,12.719999999999999,36.0
LB Williams,Middle overs,4,6,1,3,1.0,4.0,50.0
LB Williams,Death overs,14,6,0,0,1.0,14.0,0.0
LE Plunkett,Powerplay,71,42,1,9,7.0,10.142857142857142,21.428571428571427
LE Plunkett,Middle overs,85,60,1,19,10.0,8.5,31.666666666666664
LE Plunkett,Death overs,69,48,2,11,8.0,8.625,22.916666666666664
LH Ferguson,Powerplay,462,299,19,128,49.833333333333336,9.270903010033445,42.80936454849498
LH Ferguson,Middle overs,602,456,18,174,76.0,7.921052631578948,38.15789473684211
LH Ferguson,Death overs,609,337,17,94,56.166666666666664,10.84272997032641,27.89317507418398
LI Meriwala,Powerplay,28,12,0,4,2.0,14.0,33.33333333333333
LI Meriwala,Middle overs,4,6,1,2,1.0,4.0,33.33333333333333
LI Meriwala,Death overs,0,0,0,0,0.0,0.0,0.0
LJ Wright,Powerplay,12,6,0,2,1.0,12.0,33.33333333333333
LJ Wright,Middle overs,67,42,1,9,7.0,9.571428571428571,21.428571428571427
LJ Wright,Death overs,45,23,1,3,3.8333333333333335,11.739130434782608,13.043478260869565
LMP Simmons,Powerplay,0,0,0,0,0.0,0.0,0.0
LMP Simmons,Middle overs,10,6,0,0,1.0,10.0,0.0
LMP Simmons,Death overs,24,12,1,2,2.0,12.0,16.666666666666664
LPC Silva,Powerplay,0,0,0,0,0.0,0.0,0.0
LPC Silva,Middle overs,0,0,0,0,0.0,0.0,0.0
LPC Silva,Death overs,21,6,0,0,1.0,21.0,0.0
LR Shukla,Powerplay,50,26,0,7,4.333333333333333,11.53846153846154,26.923076923076923
LR Shukla,Middle overs,275,210,6,76,35.0,7.857142857142857,36.19047619047619
LR Shukla,Death overs,122,78,9,26,13.0,9.384615384615385,33.33333333333333
LRPL Taylor,Powerplay,0,0,0,0,0.0,0.0,0.0
LRPL Taylor,Middle overs,24,12,0,0,2.0,12.0,0.0
LRPL Taylor,Death overs,0,0,0,0,0.0,0.0,0.0
LS Livingstone,Powerplay,17,18,1,8,3.0,5.666666666666667,44.44444444444444
LS Livingstone,Middle overs,424,270,11,62,45.0,9.422222222222222,22.962962962962962
LS Livingstone,Death overs,28,24,1,11,4.0,7.0,45.83333333333333
Lalit Yadav,Powerplay,153,96,2,32,16.0,9.5625,33.33333333333333
Lalit Yadav,Middle overs,226,168,7,43,28.0,8.071428571428571,25.595238095238095
Lalit Yadav,Death overs,46,24,1,7,4.0,11.5,29.166666666666668
M Ashwin,Powerplay,139,90,2,42,15.0,9.266666666666667,46.666666666666664
M Ashwin,Middle overs,834,654,26,203,109.0,7.651376146788991,31.039755351681958
M Ashwin,Death overs,189,126,7,38,21.0,9.0,30.158730158730158
M Jansen,Powerplay,766,510,19,230,85.0,9.011764705882353,45.09803921568628
M Jansen,Middle overs,535,338,13,90,56.333333333333336,9.497041420118343,26.627218934911244
M Jansen,Death overs,329,171,13,41,28.5,11.543859649122806,23.976608187134502
M Kartik,Powerplay,208,179,7,85,29.833333333333332,6.972067039106146,47.486033519553075
M Kartik,Middle overs,974,816,18,268,136.0,7.161764705882353,32.84313725490196
M Kartik,Death overs,206,154,6,29,25.666666666666668,8.025974025974026,18.83116883116883
M Manhas,Powerplay,0,0,0,0,0.0,0.0,0.0
M Manhas,Middle overs,34,36,0,13,6.0,5.666666666666667,36.11111111111111
M Manhas,Death overs,8,6,0,2,1.0,8.0,33.33333333333333
M Markande,Powerplay,0,0,0,0,0.0,0.0,0.0
M Markande,Middle overs,968,654,34,184,109.0,8.880733944954128,28.134556574923547
M Markande,Death overs,177,96,3,31,16.0,11.0625,32.29166666666667
M Morkel,Powerplay,1077,906,36,478,151.0,7.132450331125828,52.75938189845475
M Morkel,Middle overs,420,333,10,118,55.5,7.5675675675675675,35.43543543543544
M Morkel,Death overs,592,390,31,112,65.0,9.107692307692307,28.717948717948715
M Muralitharan,Powerplay,159,148,3,75,24.666666666666668,6.445945945945946,50.67567567567568
M Muralitharan,Middle overs,1174,1105,39,422,184.16666666666666,6.374660633484163,38.19004524886878
M Muralitharan,Death overs,373,275,22,103,45.833333333333336,8.138181818181819,37.45454545454546
M Ntini,Powerplay,168,156,5,80,26.0,6.461538461538462,51.28205128205128
M Ntini,Middle overs,22,18,0,8,3.0,7.333333333333333,44.44444444444444
M Ntini,Death overs,52,36,2,11,6.0,8.666666666666666,30.555555555555557
M Pathirana,Powerplay,9,8,0,4,1.3333333333333333,6.75,50.0
M Pathirana,Middle overs,402,300,14,110,50.0,8.04,36.666666666666664
M Pathirana,Death overs,614,402,33,126,67.0,9.164179104477611,31.343283582089555
M Prasidh Krishna,Powerplay,852,625,18,296,104.16666666666667,8.1792,47.36
M Prasidh Krishna,Middle overs,762,555,31,208,92.5,8.237837837837837,37.47747747747748
M Prasidh Krishna,Death overs,993,560,42,184,93.33333333333333,10.639285714285714,32.857142857142854
M Shahrukh Khan,Powerplay,0,0,0,0,0.0,0.0,0.0
M Shahrukh Khan,Middle overs,21,12,1,3,2.0,10.5,25.0
M Shahrukh Khan,Death overs,7,6,0,1,1.0,7.0,16.666666666666664
M Siddharth,Powerplay,94,73,2,34,12.166666666666666,7.726027397260275,46.57534246575342
M Siddharth,Middle overs,145,90,4,18,15.0,9.666666666666666,20.0
M Siddharth,Death overs,43,24,3,7,4.0,10.75,29.166666666666668
M Theekshana,Powerplay,444,312,10,101,52.0,8.538461538461538,32.371794871794876
M Theekshana,Middle overs,527,408,14,111,68.0,7.75,27.205882352941174
M Theekshana,Death overs,236,156,12,48,26.0,9.076923076923077,30.76923076923077
M Tiwari,Powerplay,0,0,0,0,0.0,0.0,0.0
M Tiwari,Middle overs,79,54,2,15,9.0,8.777777777777779,27.77777777777778
M Tiwari,Death overs,22,12,2,4,2.0,11.0,33.33333333333333
M Vijay,Powerplay,8,6,0,2,1.0,8.0,33.33333333333333
M Vijay,Middle overs,41,30,0,6,5.0,8.2,20.0
M Vijay,Death overs,0,0,0,0,0.0,0.0,0.0
M de Lange,Powerplay,81,60,2,28,10.0,8.1,46.666666666666664
M de Lange,Middle overs,28,18,1,4,3.0,9.333333333333334,22.22222222222222
M de Lange,Death overs,60,30,2,7,5.0,12.0,23.333333333333332
MA Khote,Powerplay,0,0,0,0,0.0,0.0,0.0
MA Khote,Middle overs,28,18,1,4,3.0,9.333333333333334,22.22222222222222
MA Khote,Death overs,23,12,1,1,2.0,11.5,8.333333333333332
MA Starc,Powerplay,1009,677,26,301,112.83333333333333,8.942392909896602,44.46085672082718
MA Starc,Middle overs,213,162,13,56,27.0,7.888888888888889,34.5679012345679
MA Starc,Death overs,539,357,37,113,59.5,9.058823529411764,31.652661064425768
MA Wood,Powerplay,35,24,2,10,4.0,8.75,41.66666666666667
MA Wood,Middle overs,32,42,2,19,7.0,4.571428571428571,45.23809523809524
MA Wood,Death overs,112,54,7,18,9.0,12.444444444444445,33.33333333333333
MB Parmar,Powerplay,14,6,0,2,1.0,14.0,33.33333333333333
MB Parmar,Middle overs,19,12,0,2,2.0,9.5,16.666666666666664
MB Parmar,Death overs,0,0,0,0,0.0,0.0,0.0
MC Henriques,Powerplay,275,203,9,88,33.833333333333336,8.12807881773399,43.34975369458128
MC Henriques,Middle overs,857,649,28,191,108.16666666666667,7.922958397534669,29.429892141756547
MC Henriques,Death overs,157,98,5,27,16.333333333333332,9.612244897959185,27.55102040816326
MD Shanaka,Powerplay,0,0,0,0,0.0,0.0,0.0
MD Shanaka,Middle overs,54,30,1,4,5.0,10.8,13.333333333333334
MD Shanaka,Death overs,6,6,0,3,1.0,6.0,50.0
MF Maharoof,Powerplay,208,168,8,79,28.0,7.428571428571429,47.023809523809526
MF Maharoof,Middle overs,159,150,9,57,25.0,6.36,38.0
MF Maharoof,Death overs,153,102,10,29,17.0,9.0,28.431372549019606
MG Bracewell,Powerplay,13,12,3,7,2.0,6.5,58.333333333333336
MG Bracewell,Middle overs,82,54,3,19,9.0,9.11111111111111,35.18518518518518
MG Bracewell,Death overs,0,0,0,0,0.0,0.0,0.0
MG Johnson,Powerplay,817,621,26,305,103.5,7.893719806763285,49.11433172302738
MG Johnson,Middle overs,415,312,7,122,52.0,7.980769230769231,39.1025641025641
MG Johnson,Death overs,476,302,29,108,50.333333333333336,9.456953642384105,35.76158940397351
MG Neser,Powerplay,18,6,0,1,1.0,18.0,16.666666666666664
MG Neser,Middle overs,11,6,0,2,1.0,11.0,33.33333333333333
MG Neser,Death overs,33,12,0,2,2.0,16.5,16.666666666666664
MJ Clarke,Powerplay,0,0,0,0,0.0,0.0,0.0
MJ Clarke,Middle overs,58,60,2,21,10.0,5.8,35.0
MJ Clarke,Death overs,9,6,0,1,1.0,9.0,16.666666666666664
MJ Henry,Powerplay,205,114,2,32,19.0,10.789473684210526,28.07017543859649
MJ Henry,Middle overs,49,24,0,5,4.0,12.25,20.833333333333336
MJ Henry,Death overs,57,24,2,3,4.0,14.25,12.5
MJ McClenaghan,Powerplay,850,654,31,306,109.0,7.798165137614679,46.788990825688074
MJ McClenaghan,Middle overs,367,252,8,92,42.0,8.738095238095237,36.507936507936506
MJ McClenaghan,Death overs,586,368,32,109,61.333333333333336,9.554347826086957,29.6195652173913
MJ Santner,Powerplay,223,156,3,69,26.0,8.576923076923077,44.230769230769226
MJ Santner,Middle overs,556,480,22,158,80.0,6.95,32.916666666666664
MJ Santner,Death overs,81,51,5,14,8.5,9.529411764705882,27.450980392156865
MJ Suthar,Powerplay,26,12,0,4,2.0,13.0,33.33333333333333
MJ Suthar,Middle overs,34,18,1,7,3.0,11.333333333333334,38.88888888888889
MJ Suthar,Death overs,34,18,1,6,3.0,11.333333333333334,33.33333333333333
MK Lomror,Powerplay,11,12,1,7,2.0,5.5,58.333333333333336
MK Lomror,Middle overs,116,78,0,15,13.0,8.923076923076923,19.230769230769234
MK Lomror,Death overs,0,0,0,0,0.0,0.0,0.0
MK Tiwary,Powerplay,0,0,0,0,0.0,0.0,0.0
MK Tiwary,Middle overs,55,30,0,7,5.0,11.0,23.333333333333332
MK Tiwary,Death overs,28,12,1,2,2.0,14.0,16.666666666666664
MM Ali,Powerplay,88,96,5,47,16.0,5.5,48.95833333333333
MM Ali,Middle overs,869,701,34,228,116.83333333333333,7.437945791726106,32.52496433666191
MM Ali,Death overs,72,57,2,20,9.5,7.578947368421052,35.08771929824561
MM Patel,Powerplay,762,654,29,348,109.0,6.990825688073395,53.21100917431193
MM Patel,Middle overs,397,396,22,156,66.0,6.015151515151516,39.39393939393939
MM Patel,Death overs,539,305,23,86,50.833333333333336,10.60327868852459,28.196721311475407
MM Sharma,Powerplay,1162,858,36,387,143.0,8.125874125874127,45.10489510489511
MM Sharma,Middle overs,970,738,35,221,123.0,7.8861788617886175,29.945799457994582
MM Sharma,Death overs,1381,807,63,205,134.5,10.267657992565056,25.402726146220573
MN Samuels,Powerplay,81,78,2,38,13.0,6.230769230769231,48.717948717948715
MN Samuels,Middle overs,116,84,2,27,14.0,8.285714285714286,32.142857142857146
MN Samuels,Death overs,87,52,5,14,8.666666666666666,10.038461538461538,26.923076923076923
MP Stoinis,Powerplay,250,159,9,50,26.5,9.433962264150944,31.446540880503143
MP Stoinis,Middle overs,910,601,22,159,100.16666666666667,9.08485856905158,26.455906821963392
MP Stoinis,Death overs,387,175,15,40,29.166666666666668,13.268571428571429,22.857142857142858
MP Yadav,Powerplay,92,54,2,28,9.0,10.222222222222221,51.85185185185185
MP Yadav,Middle overs,219,126,4,52,21.0,10.428571428571429,41.269841269841265
MP Yadav,Death overs,56,37,3,12,6.166666666666667,9.08108108108108,32.432432432432435
MR Marsh,Powerplay,153,106,6,47,17.666666666666668,8.660377358490566,44.339622641509436
MR Marsh,Middle overs,421,333,19,99,55.5,7.585585585585585,29.72972972972973
MR Marsh,Death overs,221,121,12,35,20.166666666666668,10.958677685950413,28.92561983471074
MS Gony,Powerplay,711,486,18,215,81.0,8.777777777777779,44.23868312757202
MS Gony,Middle overs,368,282,12,98,47.0,7.829787234042553,34.751773049645394
MS Gony,Death overs,208,120,7,35,20.0,10.4,29.166666666666668
MW Short,Powerplay,52,30,0,12,5.0,10.4,40.0
MW Short,Middle overs,12,13,0,4,2.1666666666666665,5.538461538461539,30.76923076923077
MW Short,Death overs,0,0,0,0,0.0,0.0,0.0
Mandeep Singh,Powerplay,0,0,0,0,0.0,0.0,0.0
Mandeep Singh,Middle overs,26,12,0,1,2.0,13.0,8.333333333333332
Mandeep Singh,Death overs,0,0,0,0,0.0,0.0,0.0
Mashrafe Mortaza,Powerplay,26,12,0,5,2.0,13.0,41.66666666666667
Mashrafe Mortaza,Middle overs,0,0,0,0,0.0,0.0,0.0
Mashrafe Mortaza,Death overs,32,12,0,1,2.0,16.0,8.333333333333332
Mayank Dagar,Powerplay,29,12,0,4,2.0,14.5,33.33333333333333
Mayank Dagar,Middle overs,152,108,2,34,18.0,8.444444444444445,31.48148148148148
Mayank Dagar,Death overs,22,17,0,5,2.8333333333333335,7.764705882352941,29.411764705882355
Mohammad Asif,Powerplay,145,90,3,39,15.0,9.666666666666666,43.333333333333336
Mohammad Asif,Middle overs,50,42,1,14,7.0,7.142857142857143,33.33333333333333
Mohammad Asif,Death overs,101,60,4,11,10.0,10.1,18.333333333333332
Mohammad Hafeez,Powerplay,0,0,0,0,0.0,0.0,0.0
Mohammad Hafeez,Middle overs,68,60,2,22,10.0,6.8,36.666666666666664
Mohammad Hafeez,Death overs,0,0,0,0,0.0,0.0,0.0
Mohammad Nabi,Powerplay,173,168,7,76,28.0,6.178571428571429,45.23809523809524
Mohammad Nabi,Middle overs,309,228,6,65,38.0,8.131578947368421,28.50877192982456
Mohammad Nabi,Death overs,35,21,2,5,3.5,10.0,23.809523809523807
Mohammed Shami,Powerplay,2138,1658,60,818,276.3333333333333,7.737032569360676,49.336550060313634
Mohammed Shami,Middle overs,765,534,17,158,89.0,8.595505617977528,29.588014981273407
Mohammed Shami,Death overs,1312,729,68,190,121.5,10.798353909465021,26.06310013717421
Mohammed Siraj,Powerplay,2014,1464,60,708,244.0,8.254098360655737,48.36065573770492
Mohammed Siraj,Middle overs,610,468,21,175,78.0,7.82051282051282,37.39316239316239
Mohammed Siraj,Death overs,1287,740,47,228,123.33333333333333,10.435135135135136,30.810810810810814
Mohit Rathee,Powerplay,0,0,0,0,0.0,0.0,0.0
Mohit Rathee,Middle overs,29,12,0,3,2.0,14.5,25.0
Mohit Rathee,Death overs,0,0,0,0,0.0,0.0,0.0
Mohsin Khan,Powerplay,419,318,15,159,53.0,7.90566037735849,50.0
Mohsin Khan,Middle overs,222,168,11,61,28.0,7.928571428571429,36.30952380952381
Mohsin Khan,Death overs,276,168,12,52,28.0,9.857142857142858,30.952380952380953
Monu Kumar,Powerplay,7,6,0,4,1.0,7.0,66.66666666666666
Monu Kumar,Middle overs,0,0,0,0,0.0,0.0,0.0
Monu Kumar,Death overs,13,6,0,0,1.0,13.0,0.0
Mujeeb Ur Rahman,Powerplay,178,140,5,59,23.333333333333332,7.628571428571429,42.142857142857146
Mujeeb Ur Rahman,Middle overs,300,234,10,68,39.0,7.6923076923076925,29.059829059829063
Mujeeb Ur Rahman,Death overs,142,72,5,24,12.0,11.833333333333334,33.33333333333333
Mukesh Choudhary,Powerplay,496,330,17,156,55.0,9.018181818181818,47.27272727272727
Mukesh Choudhary,Middle overs,106,72,4,25,12.0,8.833333333333334,34.72222222222222
Mukesh Choudhary,Death overs,169,81,4,17,13.5,12.518518518518519,20.98765432098765
Mukesh Kumar,Powerplay,583,366,11,149,61.0,9.557377049180328,40.7103825136612
Mukesh Kumar,Middle overs,283,176,12,55,29.333333333333332,9.647727272727273,31.25
Mukesh Kumar,Death overs,589,282,19,66,47.0,12.53191489361702,23.404255319148938
Musheer Khan,Powerplay,0,0,0,0,0.0,0.0,0.0
Musheer Khan,Middle overs,27,12,1,1,2.0,13.5,8.333333333333332
Musheer Khan,Death overs,0,0,0,0,0.0,0.0,0.0
Mustafizur Rahman,Powerplay,548,463,14,197,77.16666666666667,7.101511879049675,42.54859611231102
Mustafizur Rahman,Middle overs,424,326,16,107,54.333333333333336,7.803680981595091,32.82208588957055
Mustafizur Rahman,Death overs,876,576,35,183,96.0,9.125,31.770833333333332
N Burger,Powerplay,360,216,11,94,36.0,10.0,43.51851851851852
N Burger,Middle overs,142,84,4,24,14.0,10.142857142857142,28.57142857142857
N Burger,Death overs,83,63,6,28,10.5,7.904761904761905,44.44444444444444
N Rana,Powerplay,63,37,0,19,6.166666666666667,10.216216216216216,51.35135135135135
N Rana,Middle overs,235,156,8,40,26.0,9.038461538461538,25.64102564102564
N Rana,Death overs,27,23,2,6,3.8333333333333335,7.0434782608695645,26.08695652173913
N Thushara,Powerplay,143,96,7,40,16.0,8.9375,41.66666666666667
N Thushara,Middle overs,33,18,0,4,3.0,11.0,22.22222222222222
N Thushara,Death overs,107,66,2,14,11.0,9.727272727272727,21.21212121212121
N Wadhera,Powerplay,0,0,0,0,0.0,0.0,0.0
N Wadhera,Middle overs,13,12,0,2,2.0,6.5,16.666666666666664
N Wadhera,Death overs,9,5,0,1,0.8333333333333334,10.799999999999999,20.0
NA Saini,Powerplay,0,0,0,0,0.0,0.0,0.0
NA Saini,Middle overs,11,6,0,1,1.0,11.0,16.666666666666664
NA Saini,Death overs,23,6,0,1,1.0,23.0,16.666666666666664
NB Singh,Powerplay,15,24,1,13,4.0,3.75,54.166666666666664
NB Singh,Middle overs,0,0,0,0,0.0,0.0,0.0
NB Singh,Death overs,0,0,0,0,0.0,0.0,0.0
ND Doshi,Powerplay,32,18,1,8,3.0,10.666666666666666,44.44444444444444
ND Doshi,Middle overs,36,26,0,10,4.333333333333333,8.307692307692308,38.46153846153847
ND Doshi,Death overs,11,12,1,6,2.0,5.5,50.0
NJ Rimmington,Powerplay,13,12,0,6,2.0,6.5,50.0
NJ Rimmington,Middle overs,6,6,0,3,1.0,6.0,50.0
NJ Rimmington,Death overs,0,0,0,0,0.0,0.0,0.0
NL McCullum,Powerplay,12,12,0,6,2.0,6.0,50.0
NL McCullum,Middle overs,22,18,0,4,3.0,7.333333333333333,22.22222222222222
NL McCullum,Death overs,0,0,0,0,0.0,0.0,0.0
NLTC Perera,Powerplay,220,180,6,80,30.0,7.333333333333333,44.44444444444444
NLTC Perera,Middle overs,361,288,8,91,48.0,7.520833333333333,31.59722222222222
NLTC Perera,Death overs,435,230,17,56,38.333333333333336,11.347826086956522,24.347826086956523
NM Coulter-Nile,Powerplay,428,360,15,186,60.0,7.133333333333334,51.66666666666667
NM Coulter-Nile,Middle overs,279,249,11,102,41.5,6.72289156626506,40.963855421686745
NM Coulter-Nile,Death overs,393,248,22,80,41.333333333333336,9.508064516129032,32.25806451612903
NT Ellis,Powerplay,120,102,4,45,17.0,7.0588235294117645,44.11764705882353
NT Ellis,Middle overs,181,138,6,39,23.0,7.869565217391305,28.26086956521739
NT Ellis,Death overs,245,138,9,33,23.0,10.652173913043478,23.91304347826087
Naman Dhir,Powerplay,6,6,0,3,1.0,6.0,50.0
Naman Dhir,Middle overs,62,34,0,3,5.666666666666667,10.941176470588236,8.823529411764707
Naman Dhir,Death overs,8,12,0,5,2.0,4.0,41.66666666666667
Navdeep Saini,Powerplay,408,288,9,135,48.0,8.5,46.875
Navdeep Saini,Middle overs,299,204,4,78,34.0,8.794117647058824,38.23529411764706
Navdeep Saini,Death overs,276,178,11,64,29.666666666666668,9.303370786516853,35.95505617977528
Naveen-ul-Haq,Powerplay,232,144,5,54,24.0,9.666666666666666,37.5
Naveen-ul-Haq,Middle overs,103,84,8,32,14.0,7.357142857142857,38.095238095238095
Naveen-ul-Haq,Death overs,255,160,12,47,26.666666666666668,9.5625,29.375
Nithish Kumar Reddy,Powerplay,140,84,3,31,14.0,10.0,36.904761904761905
Nithish Kumar Reddy,Middle overs,342,198,6,49,33.0,10.363636363636363,24.747474747474747
Nithish Kumar Reddy,Death overs,95,43,4,12,7.166666666666667,13.25581395348837,27.906976744186046
Noor Ahmad,Powerplay,92,60,2,23,10.0,9.2,38.333333333333336
Noor Ahmad,Middle overs,1195,887,46,274,147.83333333333334,8.083427282976324,30.89064261555806
Noor Ahmad,Death overs,208,151,13,61,25.166666666666668,8.264900662251655,40.397350993377486
O Thomas,Powerplay,53,36,2,11,6.0,8.833333333333334,30.555555555555557
O Thomas,Middle overs,8,12,1,3,2.0,4.0,25.0
O Thomas,Death overs,18,12,2,3,2.0,9.0,25.0
OC McCoy,Powerplay,14,12,0,5,2.0,7.0,41.66666666666667
OC McCoy,Middle overs,138,85,3,18,14.166666666666666,9.741176470588236,21.176470588235293
OC McCoy,Death overs,97,65,8,26,10.833333333333334,8.953846153846154,40.0
OF Smith,Powerplay,21,18,1,10,3.0,7.0,55.55555555555556
OF Smith,Middle overs,112,54,2,19,9.0,12.444444444444445,35.18518518518518
OF Smith,Death overs,45,18,3,6,3.0,15.0,33.33333333333333
P Amarnath,Powerplay,12,6,0,3,1.0,12.0,50.0
P Amarnath,Middle overs,185,108,6,23,18.0,10.277777777777779,21.296296296296298
P Amarnath,Death overs,39,18,1,3,3.0,13.0,16.666666666666664
P Awana,Powerplay,357,270,13,123,45.0,7.933333333333334,45.55555555555556
P Awana,Middle overs,365,306,12,118,51.0,7.1568627450980395,38.56209150326798
P Awana,Death overs,307,171,14,52,28.5,10.771929824561404,30.409356725146196
P Dubey,Powerplay,0,0,0,0,0.0,0.0,0.0
P Dubey,Middle overs,100,72,2,22,12.0,8.333333333333334,30.555555555555557
P Dubey,Death overs,11,6,0,1,1.0,11.0,16.666666666666664
P Kumar,Powerplay,1754,1572,40,812,262.0,6.694656488549619,51.653944020356235
P Kumar,Middle overs,465,360,14,125,60.0,7.75,34.72222222222222
P Kumar,Death overs,1032,592,36,138,98.66666666666667,10.45945945945946,23.31081081081081
P Negi,Powerplay,64,42,2,19,7.0,9.142857142857142,45.23809523809524
P Negi,Middle overs,726,594,24,193,99.0,7.333333333333333,32.49158249158249
P Negi,Death overs,149,80,8,25,13.333333333333334,11.174999999999999,31.25
P Parameswaran,Powerplay,65,36,2,18,6.0,10.833333333333334,50.0
P Parameswaran,Middle overs,97,79,2,34,13.166666666666666,7.367088607594937,43.037974683544306
P Parameswaran,Death overs,62,39,5,12,6.5,9.538461538461538,30.76923076923077
P Prasanth,Powerplay,0,0,0,0,0.0,0.0,0.0
P Prasanth,Middle overs,18,6,0,3,1.0,18.0,50.0
P Prasanth,Death overs,0,0,0,0,0.0,0.0,0.0
P Ray Barman,Powerplay,0,0,0,0,0.0,0.0,0.0
P Ray Barman,Middle overs,36,18,0,2,3.0,12.0,11.11111111111111
P Ray Barman,Death overs,20,6,0,0,1.0,20.0,0.0
P Sahu,Powerplay,10,6,0,2,1.0,10.0,33.33333333333333
P Sahu,Middle overs,106,81,3,19,13.5,7.851851851851852,23.456790123456788
P Sahu,Death overs,30,18,0,3,3.0,10.0,16.666666666666664
P Suyal,Powerplay,91,60,1,25,10.0,9.1,41.66666666666667
P Suyal,Middle overs,18,12,1,6,2.0,9.0,50.0
P Suyal,Death overs,42,24,0,5,4.0,10.5,20.833333333333336
PC Valthaty,Powerplay,0,0,0,0,0.0,0.0,0.0
PC Valthaty,Middle overs,175,132,5,39,22.0,7.954545454545454,29.545454545454547
PC Valthaty,Death overs,30,19,2,5,3.1666666666666665,9.473684210526317,26.31578947368421
PD Collingwood,Powerplay,0,0,0,0,0.0,0.0,0.0
PD Collingwood,Middle overs,80,66,2,16,11.0,7.2727272727272725,24.242424242424242
PD Collingwood,Death overs,21,23,3,8,3.8333333333333335,5.478260869565217,34.78260869565217
PH Solanki,Powerplay,0,0,0,0,0.0,0.0,0.0
PH Solanki,Middle overs,23,24,1,6,4.0,5.75,25.0
PH Solanki,Death overs,15,12,1,5,2.0,7.5,41.66666666666667
PHKD Mendis,Powerplay,0,0,0,0,0.0,0.0,0.0
PHKD Mendis,Middle overs,60,42,2,11,7.0,8.571428571428571,26.190476190476193
PHKD Mendis,Death overs,0,0,0,0,0.0,0.0,0.0
PJ Cummins,Powerplay,1159,786,31,337,131.0,8.84732824427481,42.87531806615776
PJ Cummins,Middle overs,690,534,29,181,89.0,7.752808988764045,33.89513108614232
PJ Cummins,Death overs,831,489,27,127,81.5,10.196319018404909,25.971370143149286
PJ Sangwan,Powerplay,509,354,13,161,59.0,8.627118644067796,45.48022598870056
PJ Sangwan,Middle overs,512,366,19,117,61.0,8.39344262295082,31.967213114754102
PJ Sangwan,Death overs,219,136,6,41,22.666666666666668,9.661764705882353,30.14705882352941
PM Sarvesh Kumar,Powerplay,8,6,0,2,1.0,8.0,33.33333333333333
PM Sarvesh Kumar,Middle overs,34,24,1,9,4.0,8.5,37.5
PM Sarvesh Kumar,Death overs,0,0,0,0,0.0,0.0,0.0
PP Chawla,Powerplay,571,437,21,196,72.83333333333333,7.839816933638445,44.8512585812357
PP Chawla,Middle overs,3896,2969,132,979,494.8333333333333,7.873358033007747,32.97406534186595
PP Chawla,Death overs,641,444,39,150,74.0,8.662162162162161,33.78378378378378
PP Hinge,Powerplay,126,66,6,32,11.0,11.454545454545455,48.484848484848484
PP Hinge,Middle overs,84,36,3,10,6.0,14.0,27.77777777777778
PP Hinge,Death overs,95,54,5,18,9.0,10.555555555555555,33.33333333333333
PP Ojha,Powerplay,317,240,6,103,40.0,7.925,42.916666666666664
PP Ojha,Middle overs,1567,1373,63,494,228.83333333333334,6.847778587035688,35.979606700655495
PP Ojha,Death overs,448,286,20,70,47.666666666666664,9.398601398601398,24.475524475524477
PR Veer,Powerplay,18,6,0,3,1.0,18.0,50.0
PR Veer,Middle overs,7,6,0,2,1.0,7.0,33.33333333333333
PR Veer,Death overs,0,0,0,0,0.0,0.0,0.0
PV Tambe,Powerplay,112,78,3,31,13.0,8.615384615384615,39.743589743589745
PV Tambe,Middle overs,598,504,20,158,84.0,7.119047619047619,31.349206349206348
PV Tambe,Death overs,143,78,5,15,13.0,11.0,19.230769230769234
PVD Chameera,Powerplay,324,204,7,94,34.0,9.529411764705882,46.07843137254902
PVD Chameera,Middle overs,127,90,1,25,15.0,8.466666666666667,27.77777777777778
PVD Chameera,Death overs,197,102,5,32,17.0,11.588235294117647,31.372549019607842
PVSN Raju,Powerplay,13,6,0,0,1.0,13.0,0.0
PVSN Raju,Middle overs,12,6,0,0,1.0,12.0,0.0
PVSN Raju,Death overs,28,12,1,3,2.0,14.0,25.0
PWA Mulder,Powerplay,0,0,0,0,0.0,0.0,0.0
PWA Mulder,Middle overs,0,0,0,0,0.0,0.0,0.0
PWA Mulder,Death overs,16,6,0,1,1.0,16.0,16.666666666666664
PWH de Silva,Powerplay,99,60,4,26,10.0,9.9,43.333333333333336
PWH de Silva,Middle overs,855,618,30,193,103.0,8.300970873786408,31.22977346278317
PWH de Silva,Death overs,165,120,12,45,20.0,8.25,37.5
Pankaj Singh,Powerplay,193,150,8,72,25.0,7.72,48.0
Pankaj Singh,Middle overs,165,102,2,31,17.0,9.705882352941176,30.392156862745097
Pankaj Singh,Death overs,110,48,1,8,8.0,13.75,16.666666666666664
Parvez Rasool,Powerplay,100,66,1,24,11.0,9.090909090909092,36.36363636363637
Parvez Rasool,Middle overs,171,132,3,36,22.0,7.7727272727272725,27.27272727272727
Parvez Rasool,Death overs,0,0,0,0,0.0,0.0,0.0
Prince Yadav,Powerplay,202,139,6,65,23.166666666666668,8.719424460431654,46.76258992805755
Prince Yadav,Middle overs,240,174,9,58,29.0,8.275862068965518,33.33333333333333
Prince Yadav,Death overs,246,137,4,33,22.833333333333332,10.773722627737227,24.087591240875913
R Ashwin,Powerplay,1480,1252,50,535,208.66666666666666,7.092651757188499,42.73162939297125
R Ashwin,Middle overs,3347,2857,101,893,476.1666666666667,7.029051452572628,31.256562828141405
R Ashwin,Death overs,825,601,36,178,100.16666666666667,8.236272878535774,29.61730449251248
R Bhatia,Powerplay,25,12,0,4,2.0,12.5,33.33333333333333
R Bhatia,Middle overs,1662,1393,52,371,232.16666666666666,7.1586503948313,26.633165829145728
R Bhatia,Death overs,333,231,19,61,38.5,8.64935064935065,26.406926406926406
R Dhawan,Powerplay,204,156,5,64,26.0,7.846153846153846,41.02564102564102
R Dhawan,Middle overs,527,414,16,125,69.0,7.63768115942029,30.193236714975846
R Dhawan,Death overs,160,92,4,16,15.333333333333334,10.434782608695652,17.391304347826086
R Goyal,Powerplay,0,0,0,0,0.0,0.0,0.0
R Goyal,Middle overs,33,24,0,6,4.0,8.25,25.0
R Goyal,Death overs,0,0,0,0,0.0,0.0,0.0
R McLaren,Powerplay,212,150,4,67,25.0,8.48,44.666666666666664
R McLaren,Middle overs,180,120,3,33,20.0,9.0,27.500000000000004
R McLaren,Death overs,150,84,5,16,14.0,10.714285714285714,19.047619047619047
R Ninan,Powerplay,0,0,0,0,0.0,0.0,0.0
R Ninan,Middle overs,49,30,3,8,5.0,9.8,26.666666666666668
R Ninan,Death overs,16,6,0,0,1.0,16.0,0.0
R Parag,Powerplay,16,12,1,4,2.0,8.0,33.33333333333333
R Parag,Middle overs,468,294,8,65,49.0,9.551020408163266,22.108843537414966
R Parag,Death overs,31,13,0,1,2.1666666666666665,14.307692307692308,7.6923076923076925
R Powell,Powerplay,0,0,0,0,0.0,0.0,0.0
R Powell,Middle overs,21,12,1,3,2.0,10.5,25.0
R Powell,Death overs,14,6,0,1,1.0,14.0,16.666666666666664
R Rampaul,Powerplay,161,162,9,94,27.0,5.962962962962963,58.0246913580247
R Rampaul,Middle overs,47,54,3,19,9.0,5.222222222222222,35.18518518518518
R Rampaul,Death overs,101,52,4,17,8.666666666666666,11.653846153846155,32.69230769230769
R Ravindra,Powerplay,0,0,0,0,0.0,0.0,0.0
R Ravindra,Middle overs,7,12,0,5,2.0,3.5,41.66666666666667
R Ravindra,Death overs,0,0,0,0,0.0,0.0,0.0
R Sai Kishore,Powerplay,33,18,1,7,3.0,11.0,38.88888888888889
R Sai Kishore,Middle overs,521,366,23,110,61.0,8.540983606557377,30.05464480874317
R Sai Kishore,Death overs,143,81,9,19,13.5,10.592592592592593,23.456790123456788
R Sanjay Yadav,Powerplay,8,6,0,4,1.0,8.0,66.66666666666666
R Sanjay Yadav,Middle overs,15,6,0,2,1.0,15.0,33.33333333333333
R Sanjay Yadav,Death overs,0,0,0,0,0.0,0.0,0.0
R Sathish,Powerplay,0,0,0,0,0.0,0.0,0.0
R Sathish,Middle overs,154,114,3,28,19.0,8.105263157894736,24.561403508771928
R Sathish,Death overs,78,25,0,2,4.166666666666667,18.72,8.0
R Sharma,Powerplay,99,90,2,36,15.0,6.6,40.0
R Sharma,Middle overs,759,684,30,253,114.0,6.657894736842105,36.98830409356725
R Sharma,Death overs,228,154,8,45,25.666666666666668,8.883116883116882,29.22077922077922
R Shepherd,Powerplay,37,24,2,12,4.0,9.25,50.0
R Shepherd,Middle overs,474,252,9,65,42.0,11.285714285714286,25.793650793650798
R Shepherd,Death overs,195,84,6,21,14.0,13.928571428571429,25.0
R Shukla,Powerplay,74,54,4,21,9.0,8.222222222222221,38.88888888888889
R Shukla,Middle overs,63,36,1,10,6.0,10.5,27.77777777777778
R Shukla,Death overs,71,30,0,7,5.0,14.2,23.333333333333332
R Tewatia,Powerplay,15,12,0,5,2.0,7.5,41.66666666666667
R Tewatia,Middle overs,1041,786,28,241,131.0,7.9465648854961835,30.661577608142494
R Tewatia,Death overs,55,45,4,18,7.5,7.333333333333333,40.0
R Vinay Kumar,Powerplay,906,756,30,349,126.0,7.190476190476191,46.164021164021165
R Vinay Kumar,Middle overs,924,714,28,248,119.0,7.764705882352941,34.73389355742297
R Vinay Kumar,Death overs,1156,657,47,166,109.5,10.557077625570777,25.266362252663622
RA Bawa,Powerplay,0,0,0,0,0.0,0.0,0.0
RA Bawa,Middle overs,35,18,1,5,3.0,11.666666666666666,27.77777777777778
RA Bawa,Death overs,15,6,1,2,1.0,15.0,33.33333333333333
RA Jadeja,Powerplay,198,144,6,58,24.0,8.25,40.27777777777778
RA Jadeja,Middle overs,4495,3582,144,1119,597.0,7.5293132328308205,31.239530988274705
RA Jadeja,Death overs,772,528,30,165,88.0,8.772727272727273,31.25
RA Shaikh,Powerplay,11,6,0,1,1.0,11.0,16.666666666666664
RA Shaikh,Middle overs,0,0,0,0,0.0,0.0,0.0
RA Shaikh,Death overs,0,0,0,0,0.0,0.0,0.0
RA Tripathi,Powerplay,0,0,0,0,0.0,0.0,0.0
RA Tripathi,Middle overs,12,6,0,0,1.0,12.0,0.0
RA Tripathi,Death overs,0,0,0,0,0.0,0.0,0.0
RD Chahar,Powerplay,93,72,3,35,12.0,7.75,48.61111111111111
RD Chahar,Middle overs,1868,1452,58,490,242.0,7.7190082644628095,33.7465564738292
RD Chahar,Death overs,235,170,14,55,28.333333333333332,8.294117647058824,32.35294117647059
RE van der Merwe,Powerplay,56,36,3,15,6.0,9.333333333333334,41.66666666666667
RE van der Merwe,Middle overs,317,312,11,116,52.0,6.096153846153846,37.17948717948718
RE van der Merwe,Death overs,125,95,7,17,15.833333333333334,7.894736842105263,17.894736842105264
RG More,Powerplay,15,6,0,0,1.0,15.0,0.0
RG More,Middle overs,18,12,1,1,2.0,9.0,8.333333333333332
RG More,Death overs,26,17,0,3,2.8333333333333335,9.176470588235293,17.647058823529413
RG Sharma,Powerplay,67,50,2,22,8.333333333333334,8.04,44.0
RG Sharma,Middle overs,315,240,6,53,40.0,7.875,22.083333333333332
RG Sharma,Death overs,71,49,7,13,8.166666666666666,8.693877551020408,26.53061224489796
RJ Gleeson,Powerplay,40,24,1,10,4.0,10.0,41.66666666666667
RJ Gleeson,Middle overs,21,18,0,6,3.0,7.0,33.33333333333333
RJ Gleeson,Death overs,49,26,1,8,4.333333333333333,11.307692307692308,30.76923076923077
RJ Harris,Powerplay,456,426,14,236,71.0,6.422535211267606,55.39906103286385
RJ Harris,Middle overs,167,132,6,50,22.0,7.590909090909091,37.878787878787875
RJ Harris,Death overs,424,274,25,78,45.666666666666664,9.284671532846716,28.467153284671532
RJ Peterson,Powerplay,10,12,0,6,2.0,5.0,50.0
RJ Peterson,Middle overs,21,18,1,10,3.0,7.0,55.55555555555556
RJ Peterson,Death overs,39,18,2,5,3.0,13.0,27.77777777777778
RJW Topley,Powerplay,91,60,2,27,10.0,9.1,45.0
RJW Topley,Middle overs,62,30,1,10,5.0,12.4,33.33333333333333
RJW Topley,Death overs,69,30,2,7,5.0,13.8,23.333333333333332
RN ten Doeschate,Powerplay,0,0,0,0,0.0,0.0,0.0
RN ten Doeschate,Middle overs,82,72,2,22,12.0,6.833333333333333,30.555555555555557
RN ten Doeschate,Death overs,12,6,0,0,1.0,12.0,0.0
RP Meredith,Powerplay,157,108,2,48,18.0,8.722222222222221,44.44444444444444
RP Meredith,Middle overs,214,150,5,55,25.0,8.56,36.666666666666664
RP Meredith,Death overs,241,130,12,44,21.666666666666668,11.123076923076923,33.84615384615385
RP Singh,Powerplay,1195,1002,35,518,167.0,7.155688622754491,51.69660678642715
RP Singh,Middle overs,331,246,10,80,41.0,8.073170731707316,32.52032520325203
RP Singh,Death overs,812,527,45,146,87.83333333333333,9.244781783681216,27.703984819734345
RR Bhatkal,Powerplay,20,6,0,0,1.0,20.0,0.0
RR Bhatkal,Middle overs,15,6,0,0,1.0,15.0,0.0
RR Bhatkal,Death overs,0,0,0,0,0.0,0.0,0.0
RR Bose,Powerplay,24,12,0,5,2.0,12.0,41.66666666666667
RR Bose,Middle overs,0,0,0,0,0.0,0.0,0.0
RR Bose,Death overs,0,0,0,0,0.0,0.0,0.0
RR Powar,Powerplay,169,132,4,72,22.0,7.681818181818182,54.54545454545454
RR Powar,Middle overs,323,270,7,84,45.0,7.177777777777778,31.11111111111111
RR Powar,Death overs,35,24,2,10,4.0,8.75,41.66666666666667
RR Raje,Powerplay,9,6,0,4,1.0,9.0,66.66666666666666
RR Raje,Middle overs,136,96,5,27,16.0,8.5,28.125
RR Raje,Death overs,64,37,1,8,6.166666666666667,10.378378378378377,21.62162162162162
RS Bopara,Powerplay,0,0,0,0,0.0,0.0,0.0
RS Bopara,Middle overs,224,164,9,51,27.333333333333332,8.195121951219512,31.097560975609756
RS Bopara,Death overs,68,42,2,10,7.0,9.714285714285714,23.809523809523807
RS Gavaskar,Powerplay,0,0,0,0,0.0,0.0,0.0
RS Gavaskar,Middle overs,0,0,0,0,0.0,0.0,0.0
RS Gavaskar,Death overs,8,6,0,2,1.0,8.0,33.33333333333333
RS Ghosh,Powerplay,0,0,0,0,0.0,0.0,0.0
RS Ghosh,Middle overs,24,18,1,6,3.0,8.0,33.33333333333333
RS Ghosh,Death overs,0,0,0,0,0.0,0.0,0.0
RS Hangargekar,Powerplay,12,6,1,2,1.0,12.0,33.33333333333333
RS Hangargekar,Middle overs,32,18,1,6,3.0,10.666666666666666,33.33333333333333
RS Hangargekar,Death overs,16,12,1,6,2.0,8.0,50.0
RV Gomez,Powerplay,0,0,0,0,0.0,0.0,0.0
RV Gomez,Middle overs,104,84,4,32,14.0,7.428571428571429,38.095238095238095
RV Gomez,Death overs,25,12,1,5,2.0,12.5,41.66666666666667
RV Patel,Powerplay,0,0,0,0,0.0,0.0,0.0
RV Patel,Middle overs,11,12,0,5,2.0,5.5,41.66666666666667
RV Patel,Death overs,11,6,0,0,1.0,11.0,0.0
RW Price,Powerplay,14,6,0,0,1.0,14.0,0.0
RW Price,Middle overs,19,12,0,1,2.0,9.5,8.333333333333332
RW Price,Death overs,0,0,0,0,0.0,0.0,0.0
Raghu Sharma,Powerplay,0,0,0,0,0.0,0.0,0.0
Raghu Sharma,Middle overs,116,84,1,21,14.0,8.285714285714286,25.0
Raghu Sharma,Death overs,14,6,0,2,1.0,14.0,33.33333333333333
Ramandeep Singh,Powerplay,0,0,0,0,0.0,0.0,0.0
Ramandeep Singh,Middle overs,37,24,2,5,4.0,9.25,20.833333333333336
Ramandeep Singh,Death overs,57,32,5,8,5.333333333333333,10.6875,25.0
Rashid Khan,Powerplay,457,361,15,140,60.166666666666664,7.595567867036011,38.78116343490305
Rashid Khan,Middle overs,2921,2552,121,901,425.3333333333333,6.867554858934169,35.30564263322884
Rashid Khan,Death overs,919,630,43,216,105.0,8.752380952380953,34.285714285714285
Rasikh Salam,Powerplay,239,156,5,62,26.0,9.192307692307692,39.743589743589745
Rasikh Salam,Middle overs,320,186,11,45,31.0,10.32258064516129,24.193548387096776
Rasikh Salam,Death overs,255,146,13,44,24.333333333333332,10.479452054794521,30.136986301369863
Ravi Bishnoi,Powerplay,198,138,6,58,23.0,8.608695652173912,42.028985507246375
Ravi Bishnoi,Middle overs,1888,1386,56,444,231.0,8.173160173160174,32.03463203463203
Ravi Bishnoi,Death overs,408,265,21,97,44.166666666666664,9.237735849056603,36.60377358490566
S Aravind,Powerplay,536,426,20,187,71.0,7.549295774647887,43.89671361502347
S Aravind,Middle overs,265,186,10,60,31.0,8.548387096774194,32.25806451612903
S Aravind,Death overs,238,148,15,43,24.666666666666668,9.648648648648647,29.054054054054053
S Badree,Powerplay,194,156,7,77,26.0,7.461538461538462,49.358974358974365
S Badree,Middle overs,121,96,4,30,16.0,7.5625,31.25
S Badree,Death overs,4,6,0,2,1.0,4.0,33.33333333333333
S Dhawan,Powerplay,26,18,1,5,3.0,8.666666666666666,27.77777777777778
S Dhawan,Middle overs,40,30,3,12,5.0,8.0,40.0
S Dhawan,Death overs,0,0,0,0,0.0,0.0,0.0
S Dube,Powerplay,0,0,0,0,0.0,0.0,0.0
S Dube,Middle overs,201,114,3,22,19.0,10.578947368421053,19.298245614035086
S Dube,Death overs,76,40,3,8,6.666666666666667,11.4,20.0
S Gopal,Powerplay,150,114,8,50,19.0,7.894736842105263,43.859649122807014
S Gopal,Middle overs,1137,822,38,252,137.0,8.299270072992702,30.656934306569344
S Gopal,Death overs,62,55,6,15,9.166666666666666,6.763636363636364,27.27272727272727
S Joseph,Powerplay,25,12,0,5,2.0,12.5,41.66666666666667
S Joseph,Middle overs,22,12,0,4,2.0,11.0,33.33333333333333
S Joseph,Death overs,0,0,0,0,0.0,0.0,0.0
S Kaul,Powerplay,518,348,12,137,58.0,8.931034482758621,39.36781609195402
S Kaul,Middle overs,615,444,16,144,74.0,8.31081081081081,32.432432432432435
S Kaul,Death overs,606,417,30,106,69.5,8.719424460431656,25.41966426858513
S Kaushik,Powerplay,37,18,0,7,3.0,12.333333333333334,38.88888888888889
S Kaushik,Middle overs,203,162,6,57,27.0,7.518518518518518,35.18518518518518
S Kaushik,Death overs,57,24,0,4,4.0,14.25,16.666666666666664
S Ladda,Powerplay,27,18,1,7,3.0,9.0,38.88888888888889
S Ladda,Middle overs,125,84,1,29,14.0,8.928571428571429,34.523809523809526
S Ladda,Death overs,72,36,3,12,6.0,12.0,33.33333333333333
S Lamichhane,Powerplay,100,72,5,34,12.0,8.333333333333334,47.22222222222222
S Lamichhane,Middle overs,140,108,7,33,18.0,7.777777777777778,30.555555555555557
S Lamichhane,Death overs,52,30,1,8,5.0,10.4,26.666666666666668
S Midhun,Powerplay,0,0,0,0,0.0,0.0,0.0
S Midhun,Middle overs,27,12,0,3,2.0,13.5,25.0
S Midhun,Death overs,0,0,0,0,0.0,0.0,0.0
S Nadeem,Powerplay,411,300,8,113,50.0,8.22,37.666666666666664
S Nadeem,Middle overs,1192,1001,34,312,166.83333333333334,7.1448551448551445,31.16883116883117
S Nadeem,Death overs,181,114,6,28,19.0,9.526315789473685,24.561403508771928
S Narwal,Powerplay,105,66,3,27,11.0,9.545454545454545,40.909090909090914
S Narwal,Middle overs,38,22,0,7,3.6666666666666665,10.363636363636363,31.818181818181817
S Narwal,Death overs,59,18,2,3,3.0,19.666666666666668,16.666666666666664
S Rana,Powerplay,0,0,0,0,0.0,0.0,0.0
S Rana,Middle overs,16,12,0,3,2.0,8.0,25.0
S Rana,Death overs,2,4,0,2,0.6666666666666666,3.0,50.0
S Randiv,Powerplay,21,12,0,4,2.0,10.5,33.33333333333333
S Randiv,Middle overs,175,144,3,50,24.0,7.291666666666667,34.72222222222222
S Randiv,Death overs,27,18,3,6,3.0,9.0,33.33333333333333
S Sandeep Warrier,Powerplay,208,138,8,67,23.0,9.043478260869565,48.55072463768116
S Sandeep Warrier,Middle overs,45,30,0,5,5.0,9.0,16.666666666666664
S Sandeep Warrier,Death overs,0,0,0,0,0.0,0.0,0.0
S Sreesanth,Powerplay,729,570,27,290,95.0,7.673684210526316,50.877192982456144
S Sreesanth,Middle overs,221,174,5,73,29.0,7.620689655172414,41.95402298850575
S Sreesanth,Death overs,244,136,8,36,22.666666666666668,10.76470588235294,26.47058823529412
S Sriram,Powerplay,0,0,0,0,0.0,0.0,0.0
S Sriram,Middle overs,49,18,0,2,3.0,16.333333333333332,11.11111111111111
S Sriram,Death overs,0,0,0,0,0.0,0.0,0.0
S Tyagi,Powerplay,225,168,5,77,28.0,8.035714285714286,45.83333333333333
S Tyagi,Middle overs,38,30,1,15,5.0,7.6,50.0
S Tyagi,Death overs,32,11,0,1,1.8333333333333333,17.454545454545457,9.090909090909092
S Vidyut,Powerplay,0,0,0,0,0.0,0.0,0.0
S Vidyut,Middle overs,22,12,1,5,2.0,11.0,41.66666666666667
S Vidyut,Death overs,0,0,0,0,0.0,0.0,0.0
SA Abbott,Powerplay,55,30,1,7,5.0,11.0,23.333333333333332
SA Abbott,Middle overs,31,18,0,4,3.0,10.333333333333334,22.22222222222222
SA Abbott,Death overs,18,6,0,2,1.0,18.0,33.33333333333333
SA Yadav,Powerplay,8,6,0,2,1.0,8.0,33.33333333333333
SA Yadav,Middle overs,0,0,0,0,0.0,0.0,0.0
SA Yadav,Death overs,0,0,0,0,0.0,0.0,0.0
SB Bangar,Powerplay,12,18,1,11,3.0,4.0,61.111111111111114
SB Bangar,Middle overs,151,108,2,42,18.0,8.38888888888889,38.88888888888889
SB Bangar,Death overs,56,24,1,2,4.0,14.0,8.333333333333332
SB Jakati,Powerplay,138,96,0,36,16.0,8.625,37.5
SB Jakati,Middle overs,1109,858,37,263,143.0,7.755244755244755,30.65268065268065
SB Jakati,Death overs,204,131,10,38,21.833333333333332,9.34351145038168,29.00763358778626
SB Joshi,Powerplay,0,0,0,0,0.0,0.0,0.0
SB Joshi,Middle overs,69,48,0,15,8.0,8.625,31.25
SB Joshi,Death overs,13,7,1,3,1.1666666666666667,11.142857142857142,42.857142857142854
SB Styris,Powerplay,45,42,1,18,7.0,6.428571428571429,42.857142857142854
SB Styris,Middle overs,118,108,1,44,18.0,6.555555555555555,40.74074074074074
SB Styris,Death overs,113,66,6,21,11.0,10.272727272727273,31.818181818181817
SB Wagh,Powerplay,110,90,4,44,15.0,7.333333333333333,48.888888888888886
SB Wagh,Middle overs,0,0,0,0,0.0,0.0,0.0
SB Wagh,Death overs,27,12,1,1,2.0,13.5,8.333333333333332
SC Ganguly,Powerplay,32,18,0,6,3.0,10.666666666666666,33.33333333333333
SC Ganguly,Middle overs,299,246,10,68,41.0,7.2926829268292686,27.64227642276423
SC Ganguly,Death overs,32,12,0,1,2.0,16.0,8.333333333333332
SC Kuggeleijn,Powerplay,11,6,0,1,1.0,11.0,16.666666666666664
SC Kuggeleijn,Middle overs,27,18,0,5,3.0,9.0,27.77777777777778
SC Kuggeleijn,Death overs,33,24,2,11,4.0,8.25,45.83333333333333
SD Chitnis,Powerplay,12,6,0,2,1.0,12.0,33.33333333333333
SD Chitnis,Middle overs,39,24,1,5,4.0,9.75,20.833333333333336
SD Chitnis,Death overs,9,6,1,2,1.0,9.0,33.33333333333333
SE Bond,Powerplay,94,90,4,42,15.0,6.266666666666667,46.666666666666664
SE Bond,Middle overs,43,42,3,18,7.0,6.142857142857143,42.857142857142854
SE Bond,Death overs,87,54,2,15,9.0,9.666666666666666,27.77777777777778
SE Rutherford,Powerplay,0,0,0,0,0.0,0.0,0.0
SE Rutherford,Middle overs,57,36,1,4,6.0,9.5,11.11111111111111
SE Rutherford,Death overs,2,5,0,3,0.8333333333333334,2.4,60.0
SH Johnson,Powerplay,216,126,1,52,21.0,10.285714285714286,41.269841269841265
SH Johnson,Middle overs,98,54,3,16,9.0,10.88888888888889,29.629629629629626
SH Johnson,Death overs,82,50,3,17,8.333333333333334,9.84,34.0
SJ Srivastava,Powerplay,209,132,5,54,22.0,9.5,40.909090909090914
SJ Srivastava,Middle overs,144,96,4,30,16.0,9.0,31.25
SJ Srivastava,Death overs,88,54,5,19,9.0,9.777777777777779,35.18518518518518
SK Raina,Powerplay,82,66,2,22,11.0,7.454545454545454,33.33333333333333
SK Raina,Middle overs,849,713,17,222,118.83333333333333,7.144460028050491,31.136044880785413
SK Raina,Death overs,187,129,6,36,21.5,8.69767441860465,27.906976744186046
SK Trivedi,Powerplay,197,126,6,60,21.0,9.380952380952381,47.61904761904761
SK Trivedi,Middle overs,1250,1074,39,344,179.0,6.983240223463687,32.02979515828678
SK Trivedi,Death overs,457,306,20,88,51.0,8.96078431372549,28.75816993464052
SK Warne,Powerplay,58,36,1,11,6.0,9.666666666666666,30.555555555555557
SK Warne,Middle overs,1065,942,38,345,157.0,6.7834394904458595,36.624203821656046
SK Warne,Death overs,324,216,18,70,36.0,9.0,32.407407407407405
SL Malinga,Powerplay,1159,1111,37,582,185.16666666666666,6.259225922592259,52.38523852385239
SL Malinga,Middle overs,741,600,25,212,100.0,7.41,35.333333333333336
SL Malinga,Death overs,1464,1117,108,350,186.16666666666666,7.863921217547001,31.33393017009848
SM Boland,Powerplay,22,18,1,9,3.0,7.333333333333333,50.0
SM Boland,Middle overs,10,6,0,0,1.0,10.0,0.0
SM Boland,Death overs,22,18,1,5,3.0,7.333333333333333,27.77777777777778
SM Curran,Powerplay,782,570,11,226,95.0,8.23157894736842,39.64912280701755
SM Curran,Middle overs,514,294,14,73,49.0,10.489795918367347,24.829931972789115
SM Curran,Death overs,737,389,34,95,64.83333333333333,11.367609254498715,24.42159383033419
SM Harwood,Powerplay,7,18,1,15,3.0,2.3333333333333335,83.33333333333334
SM Harwood,Middle overs,20,18,1,11,3.0,6.666666666666667,61.111111111111114
SM Harwood,Death overs,46,24,1,7,4.0,11.5,29.166666666666668
SM Pollock,Powerplay,209,204,8,105,34.0,6.147058823529412,51.470588235294116
SM Pollock,Middle overs,84,66,3,24,11.0,7.636363636363637,36.36363636363637
SM Pollock,Death overs,8,6,0,1,1.0,8.0,16.666666666666664
SMSM Senanayake,Powerplay,110,126,4,56,21.0,5.238095238095238,44.44444444444444
SMSM Senanayake,Middle overs,66,42,3,11,7.0,9.428571428571429,26.190476190476193
SMSM Senanayake,Death overs,33,24,2,6,4.0,8.25,25.0
SN Khan,Powerplay,0,0,0,0,0.0,0.0,0.0
SN Khan,Middle overs,0,0,0,0,0.0,0.0,0.0
SN Khan,Death overs,6,2,0,0,0.3333333333333333,18.0,0.0
SN Thakur,Powerplay,1142,724,29,279,120.66666666666667,9.464088397790055,38.53591160220994
SN Thakur,Middle overs,1033,729,35,241,121.5,8.502057613168724,33.05898491083676
SN Thakur,Death overs,1339,749,55,215,124.83333333333333,10.72630173564753,28.704939919893192
SP Narine,Powerplay,1156,999,31,470,166.5,6.942942942942943,47.047047047047045
SP Narine,Middle overs,2781,2556,94,903,426.0,6.528169014084507,35.328638497652584
SP Narine,Death overs,1336,1105,84,413,184.16666666666666,7.254298642533937,37.37556561085973
SPD Smith,Powerplay,0,0,0,0,0.0,0.0,0.0
SPD Smith,Middle overs,0,0,0,0,0.0,0.0,0.0
SPD Smith,Death overs,5,2,0,0,0.3333333333333333,15.0,0.0
SR Dubey,Powerplay,62,52,3,29,8.666666666666666,7.153846153846154,55.769230769230774
SR Dubey,Middle overs,0,0,0,0,0.0,0.0,0.0
SR Dubey,Death overs,44,25,2,8,4.166666666666667,10.559999999999999,32.0
SR Tendulkar,Powerplay,0,0,0,0,0.0,0.0,0.0
SR Tendulkar,Middle overs,39,30,0,3,5.0,7.8,10.0
SR Tendulkar,Death overs,19,6,0,1,1.0,19.0,16.666666666666664
SR Watson,Powerplay,986,834,34,417,139.0,7.093525179856115,50.0
SR Watson,Middle overs,746,618,16,206,103.0,7.242718446601942,33.33333333333333
SR Watson,Death overs,950,577,42,180,96.16666666666667,9.878682842287695,31.195840554592717
SS Agarwal,Powerplay,11,6,0,1,1.0,11.0,16.666666666666664
SS Agarwal,Middle overs,31,18,1,6,3.0,10.333333333333334,33.33333333333333
SS Agarwal,Death overs,0,0,0,0,0.0,0.0,0.0
SS Cottrell,Powerplay,108,84,4,48,14.0,7.714285714285714,57.14285714285714
SS Cottrell,Middle overs,20,18,0,5,3.0,6.666666666666667,27.77777777777778
SS Cottrell,Death overs,48,18,2,5,3.0,16.0,27.77777777777778
SS Iyer,Powerplay,0,0,0,0,0.0,0.0,0.0
SS Iyer,Middle overs,0,0,0,0,0.0,0.0,0.0
SS Iyer,Death overs,7,6,0,4,1.0,7.0,66.66666666666666
SS Mishra,Powerplay,13,6,0,3,1.0,13.0,50.0
SS Mishra,Middle overs,42,24,1,9,4.0,10.5,37.5
SS Mishra,Death overs,12,8,1,3,1.3333333333333333,9.0,37.5
SS Mundhe,Powerplay,6,6,1,4,1.0,6.0,66.66666666666666
SS Mundhe,Middle overs,0,0,0,0,0.0,0.0,0.0
SS Mundhe,Death overs,0,0,0,0,0.0,0.0,0.0
SS Sarkar,Powerplay,15,6,0,0,1.0,15.0,0.0
SS Sarkar,Middle overs,6,6,0,0,1.0,6.0,0.0
SS Sarkar,Death overs,13,13,1,4,2.1666666666666665,6.0,30.76923076923077
SSB Magala,Powerplay,28,12,0,1,2.0,14.0,8.333333333333332
SSB Magala,Middle overs,14,12,0,2,2.0,7.0,16.666666666666664
SSB Magala,Death overs,9,12,1,2,2.0,4.5,16.666666666666664
ST Jayasuriya,Powerplay,10,6,0,2,1.0,10.0,33.33333333333333
ST Jayasuriya,Middle overs,294,228,10,65,38.0,7.7368421052631575,28.50877192982456
ST Jayasuriya,Death overs,86,60,3,16,10.0,8.6,26.666666666666668
STR Binny,Powerplay,193,156,5,66,26.0,7.423076923076923,42.30769230769231
STR Binny,Middle overs,468,378,14,123,63.0,7.428571428571429,32.53968253968254
STR Binny,Death overs,97,60,3,10,10.0,9.7,16.666666666666664
SW Tait,Powerplay,294,228,7,113,38.0,7.7368421052631575,49.56140350877193
SW Tait,Middle overs,139,95,3,37,15.833333333333334,8.778947368421052,38.94736842105263
SW Tait,Death overs,207,150,13,50,25.0,8.28,33.33333333333333
SZ Mulani,Powerplay,12,6,0,2,1.0,12.0,33.33333333333333
SZ Mulani,Middle overs,24,18,0,4,3.0,8.0,22.22222222222222
SZ Mulani,Death overs,21,6,0,1,1.0,21.0,16.666666666666664
Sachin Baby,Powerplay,0,0,0,0,0.0,0.0,0.0
Sachin Baby,Middle overs,4,6,0,2,1.0,4.0,33.33333333333333
Sachin Baby,Death overs,4,4,2,3,0.6666666666666666,6.0,75.0
Sakib Hussain,Powerplay,110,60,3,27,10.0,11.0,45.0
Sakib Hussain,Middle overs,171,114,5,34,19.0,9.0,29.82456140350877
Sakib Hussain,Death overs,116,78,7,25,13.0,8.923076923076923,32.05128205128205
Sandeep Sharma,Powerplay,2070,1744,64,832,290.6666666666667,7.121559633027522,47.706422018348626
Sandeep Sharma,Middle overs,848,630,24,180,105.0,8.076190476190476,28.57142857142857
Sandeep Sharma,Death overs,1389,789,63,193,131.5,10.562737642585551,24.461343472750315
Shahbaz Ahmed,Powerplay,241,150,2,46,25.0,9.64,30.666666666666664
Shahbaz Ahmed,Middle overs,738,453,18,108,75.5,9.774834437086092,23.841059602649008
Shahbaz Ahmed,Death overs,90,52,7,14,8.666666666666666,10.384615384615385,26.923076923076923
Shahid Afridi,Powerplay,26,24,1,11,4.0,6.5,45.83333333333333
Shahid Afridi,Middle overs,142,120,6,38,20.0,7.1,31.666666666666664
Shahid Afridi,Death overs,57,36,2,8,6.0,9.5,22.22222222222222
Shakib Al Hasan,Powerplay,561,450,18,203,75.0,7.48,45.111111111111114
Shakib Al Hasan,Middle overs,971,840,32,254,140.0,6.935714285714286,30.238095238095237
Shakib Al Hasan,Death overs,307,194,13,47,32.333333333333336,9.494845360824742,24.22680412371134
Shashank Singh,Powerplay,0,0,0,0,0.0,0.0,0.0
Shashank Singh,Middle overs,97,72,4,17,12.0,8.083333333333334,23.61111111111111
Shashank Singh,Death overs,43,18,1,4,3.0,14.333333333333334,22.22222222222222
Shivam Mavi,Powerplay,407,300,9,130,50.0,8.14,43.333333333333336
Shivam Mavi,Middle overs,185,162,9,71,27.0,6.851851851851852,43.82716049382716
Shivam Mavi,Death overs,350,187,12,53,31.166666666666668,11.22994652406417,28.342245989304814
Shivam Sharma,Powerplay,0,0,0,0,0.0,0.0,0.0
Shivam Sharma,Middle overs,127,90,4,32,15.0,8.466666666666667,35.55555555555556
Shivam Sharma,Death overs,38,24,0,5,4.0,9.5,20.833333333333336
Shivang Kumar,Powerplay,23,6,0,2,1.0,23.0,33.33333333333333
Shivang Kumar,Middle overs,327,216,7,56,36.0,9.083333333333334,25.925925925925924
Shivang Kumar,Death overs,25,12,2,4,2.0,12.5,33.33333333333333
Shoaib Ahmed,Powerplay,37,18,1,7,3.0,12.333333333333334,38.88888888888889
Shoaib Ahmed,Middle overs,73,66,4,23,11.0,6.636363636363637,34.84848484848485
Shoaib Ahmed,Death overs,42,18,0,3,3.0,14.0,16.666666666666664
Shoaib Akhtar,Powerplay,54,42,5,23,7.0,7.714285714285714,54.761904761904766
Shoaib Akhtar,Middle overs,0,0,0,0,0.0,0.0,0.0
Shoaib Akhtar,Death overs,0,0,0,0,0.0,0.0,0.0
Shoaib Malik,Powerplay,0,0,0,0,0.0,0.0,0.0
Shoaib Malik,Middle overs,60,36,1,9,6.0,10.0,25.0
Shoaib Malik,Death overs,25,15,1,6,2.5,10.0,40.0
Sikandar Raza,Powerplay,28,12,0,4,2.0,14.0,33.33333333333333
Sikandar Raza,Middle overs,112,73,3,17,12.166666666666666,9.205479452054796,23.28767123287671
Sikandar Raza,Death overs,0,0,0,0,0.0,0.0,0.0
Simarjeet Singh,Powerplay,205,126,5,57,21.0,9.761904761904763,45.23809523809524
Simarjeet Singh,Middle overs,131,78,5,35,13.0,10.076923076923077,44.871794871794876
Simarjeet Singh,Death overs,64,36,1,10,6.0,10.666666666666666,27.77777777777778
Sohail Tanvir,Powerplay,141,132,6,76,22.0,6.409090909090909,57.57575757575758
Sohail Tanvir,Middle overs,8,12,0,7,2.0,4.0,58.333333333333336
Sohail Tanvir,Death overs,117,103,16,38,17.166666666666668,6.815533980582524,36.89320388349515
Sumit Kumar,Powerplay,0,0,0,0,0.0,0.0,0.0
Sumit Kumar,Middle overs,30,18,0,3,3.0,10.0,16.666666666666664
Sumit Kumar,Death overs,8,2,0,1,0.3333333333333333,24.0,50.0
Sunny Gupta,Powerplay,12,6,0,0,1.0,12.0,0.0
Sunny Gupta,Middle overs,35,12,0,0,2.0,17.5,0.0
Sunny Gupta,Death overs,0,0,0,0,0.0,0.0,0.0
Suryansh Shedge,Powerplay,0,0,0,0,0.0,0.0,0.0
Suryansh Shedge,Middle overs,14,12,0,1,2.0,7.0,8.333333333333332
Suryansh Shedge,Death overs,26,6,0,0,1.0,26.0,0.0
Suyash Sharma,Powerplay,22,18,3,7,3.0,7.333333333333333,38.88888888888889
Suyash Sharma,Middle overs,1022,690,20,213,115.0,8.88695652173913,30.869565217391305
Suyash Sharma,Death overs,146,95,4,29,15.833333333333334,9.221052631578948,30.526315789473685
Swapnil Singh,Powerplay,62,42,5,19,7.0,8.857142857142858,45.23809523809524
Swapnil Singh,Middle overs,179,120,2,20,20.0,8.95,16.666666666666664
Swapnil Singh,Death overs,0,0,0,0,0.0,0.0,0.0
T Henderson,Powerplay,0,0,0,0,0.0,0.0,0.0
T Henderson,Middle overs,13,18,1,9,3.0,4.333333333333333,50.0
T Henderson,Death overs,27,18,0,5,3.0,9.0,27.77777777777778
T Natarajan,Powerplay,545,390,15,170,65.0,8.384615384615385,43.58974358974359
T Natarajan,Middle overs,764,532,11,128,88.66666666666667,8.616541353383457,24.06015037593985
T Natarajan,Death overs,1069,631,47,167,105.16666666666667,10.164817749603802,26.465927099841522
T Shamsi,Powerplay,0,0,0,0,0.0,0.0,0.0
T Shamsi,Middle overs,139,102,2,24,17.0,8.176470588235293,23.52941176470588
T Shamsi,Death overs,42,18,1,4,3.0,14.0,22.22222222222222
T Stubbs,Powerplay,0,0,0,0,0.0,0.0,0.0
T Stubbs,Middle overs,64,30,4,11,5.0,12.8,36.666666666666664
T Stubbs,Death overs,5,6,0,1,1.0,5.0,16.666666666666664
T Thushara,Powerplay,57,60,3,30,10.0,5.7,50.0
T Thushara,Middle overs,24,30,1,14,5.0,4.8,46.666666666666664
T Thushara,Death overs,80,45,4,13,7.5,10.666666666666666,28.888888888888886
T Vijay,Powerplay,18,6,0,2,1.0,18.0,33.33333333333333
T Vijay,Middle overs,11,6,0,0,1.0,11.0,0.0
T Vijay,Death overs,0,0,0,0,0.0,0.0,0.0
TA Boult,Powerplay,2060,1660,72,854,276.6666666666667,7.44578313253012,51.445783132530124
TA Boult,Middle overs,572,378,16,90,63.0,9.079365079365079,23.809523809523807
TA Boult,Death overs,1318,746,57,191,124.33333333333333,10.600536193029491,25.603217158176943
TG Southee,Powerplay,849,636,18,291,106.0,8.00943396226415,45.75471698113208
TG Southee,Middle overs,284,222,11,73,37.0,7.675675675675675,32.88288288288289
TG Southee,Death overs,609,348,18,83,58.0,10.5,23.850574712643677
TH David,Powerplay,0,0,0,0,0.0,0.0,0.0
TH David,Middle overs,18,6,0,1,1.0,18.0,16.666666666666664
TH David,Death overs,0,0,0,0,0.0,0.0,0.0
TK Curran,Powerplay,65,42,1,17,7.0,9.285714285714286,40.476190476190474
TK Curran,Middle overs,132,85,5,21,14.166666666666666,9.31764705882353,24.705882352941178
TK Curran,Death overs,233,111,7,19,18.5,12.594594594594595,17.117117117117118
TL Suman,Powerplay,5,6,0,1,1.0,5.0,16.666666666666664
TL Suman,Middle overs,144,120,5,36,20.0,7.2,30.0
TL Suman,Death overs,48,24,1,6,4.0,12.0,25.0
TM Dilshan,Powerplay,62,42,0,12,7.0,8.857142857142858,28.57142857142857
TM Dilshan,Middle overs,273,204,4,59,34.0,8.029411764705882,28.921568627450984
TM Dilshan,Death overs,31,25,1,8,4.166666666666667,7.4399999999999995,32.0
TM Head,Powerplay,0,0,0,0,0.0,0.0,0.0
TM Head,Middle overs,86,40,0,6,6.666666666666667,12.899999999999999,15.0
TM Head,Death overs,34,24,3,4,4.0,8.5,16.666666666666664
TP Sudhindra,Powerplay,40,24,0,10,4.0,10.0,41.66666666666667
TP Sudhindra,Middle overs,47,24,1,5,4.0,11.75,20.833333333333336
TP Sudhindra,Death overs,49,22,0,3,3.6666666666666665,13.363636363636363,13.636363636363635
TS Mills,Powerplay,103,72,6,34,12.0,8.583333333333334,47.22222222222222
TS Mills,Middle overs,131,72,1,15,12.0,10.916666666666666,20.833333333333336
TS Mills,Death overs,109,65,4,20,10.833333333333334,10.061538461538461,30.76923076923077
TU Deshpande,Powerplay,762,522,17,227,87.0,8.758620689655173,43.486590038314176
TU Deshpande,Middle overs,393,222,9,48,37.0,10.621621621621621,21.62162162162162
TU Deshpande,Death overs,702,360,29,102,60.0,11.7,28.333333333333332
Tejas Baroka,Powerplay,8,6,0,4,1.0,8.0,66.66666666666666
Tejas Baroka,Middle overs,16,12,0,2,2.0,8.0,16.666666666666664
Tejas Baroka,Death overs,9,3,0,0,0.5,18.0,0.0
Tilak Varma,Powerplay,7,6,0,2,1.0,7.0,33.33333333333333
Tilak Varma,Middle overs,13,12,0,6,2.0,6.5,50.0
Tilak Varma,Death overs,8,4,0,0,0.6666666666666666,12.0,0.0
UT Yadav,Powerplay,1869,1452,58,701,242.0,7.723140495867769,48.278236914600555
UT Yadav,Middle overs,1177,873,34,289,145.5,8.0893470790378,33.10423825887743
UT Yadav,Death overs,1285,732,52,196,122.0,10.532786885245901,26.775956284153008
Umar Gul,Powerplay,38,36,4,20,6.0,6.333333333333333,55.55555555555556
Umar Gul,Middle overs,60,54,4,21,9.0,6.666666666666667,38.88888888888889
Umar Gul,Death overs,86,45,4,10,7.5,11.466666666666667,22.22222222222222
Umran Malik,Powerplay,95,30,0,6,5.0,19.0,20.0
Umran Malik,Middle overs,550,391,23,170,65.16666666666667,8.439897698209718,43.47826086956522
Umran Malik,Death overs,126,73,6,29,12.166666666666666,10.356164383561644,39.726027397260275
V Kaverappa,Powerplay,20,18,2,11,3.0,6.666666666666667,61.111111111111114
V Kaverappa,Middle overs,16,6,0,0,1.0,16.0,0.0
V Kaverappa,Death overs,0,0,0,0,0.0,0.0,0.0
V Kohli,Powerplay,0,0,0,0,0.0,0.0,0.0
V Kohli,Middle overs,312,225,3,46,37.5,8.32,20.444444444444446
V Kohli,Death overs,56,26,1,6,4.333333333333333,12.923076923076923,23.076923076923077
V Nigam,Powerplay,83,54,4,25,9.0,9.222222222222221,46.2962962962963
V Nigam,Middle overs,349,198,7,47,33.0,10.575757575757576,23.737373737373737
V Nigam,Death overs,37,36,2,13,6.0,6.166666666666667,36.11111111111111
V Pratap Singh,Powerplay,136,96,3,40,16.0,8.5,41.66666666666667
V Pratap Singh,Middle overs,89,66,2,22,11.0,8.090909090909092,33.33333333333333
V Pratap Singh,Death overs,71,42,5,9,7.0,10.142857142857142,21.428571428571427
V Puthur,Powerplay,0,0,0,0,0.0,0.0,0.0
V Puthur,Middle overs,85,60,6,22,10.0,8.5,36.666666666666664
V Puthur,Death overs,24,12,0,2,2.0,12.0,16.666666666666664
V Sehwag,Powerplay,47,12,0,1,2.0,23.5,8.333333333333332
V Sehwag,Middle overs,138,102,4,39,17.0,8.117647058823529,38.23529411764706
V Sehwag,Death overs,50,22,2,4,3.6666666666666665,13.636363636363637,18.181818181818183
V Shankar,Powerplay,14,8,0,3,1.3333333333333333,10.5,37.5
V Shankar,Middle overs,264,185,7,62,30.833333333333332,8.562162162162162,33.513513513513516
V Shankar,Death overs,66,45,2,15,7.5,8.8,33.33333333333333
V Viyaskanth,Powerplay,0,0,0,0,0.0,0.0,0.0
V Viyaskanth,Middle overs,86,60,1,16,10.0,8.6,26.666666666666668
V Viyaskanth,Death overs,0,0,0,0,0.0,0.0,0.0
VG Arora,Powerplay,814,541,22,216,90.16666666666667,9.027726432532347,39.92606284658041
VG Arora,Middle overs,198,102,6,25,17.0,11.647058823529411,24.509803921568626
VG Arora,Death overs,393,224,19,65,37.333333333333336,10.526785714285714,29.017857142857146
VR Aaron,Powerplay,555,384,14,176,64.0,8.671875,45.83333333333333
VR Aaron,Middle overs,535,402,15,151,67.0,7.985074626865671,37.56218905472637
VR Aaron,Death overs,391,208,15,60,34.666666666666664,11.278846153846155,28.846153846153843
VR Iyer,Powerplay,0,0,0,0,0.0,0.0,0.0
VR Iyer,Middle overs,88,48,1,7,8.0,11.0,14.583333333333334
VR Iyer,Death overs,55,33,2,8,5.5,10.0,24.242424242424242
VRV Singh,Powerplay,134,78,1,32,13.0,10.307692307692308,41.02564102564102
VRV Singh,Middle overs,250,174,4,54,29.0,8.620689655172415,31.03448275862069
VRV Singh,Death overs,158,108,7,28,18.0,8.777777777777779,25.925925925925924
VS Malik,Powerplay,155,126,4,60,21.0,7.380952380952381,47.61904761904761
VS Malik,Middle overs,94,72,2,22,12.0,7.833333333333333,30.555555555555557
VS Malik,Death overs,12,7,0,2,1.1666666666666667,10.285714285714285,28.57142857142857
VS Yeligati,Powerplay,12,6,0,1,1.0,12.0,16.666666666666664
VS Yeligati,Middle overs,34,18,0,4,3.0,11.333333333333334,22.22222222222222
VS Yeligati,Death overs,13,6,0,1,1.0,13.0,16.666666666666664
VY Mahesh,Powerplay,149,78,4,30,13.0,11.461538461538462,38.46153846153847
VY Mahesh,Middle overs,270,198,7,61,33.0,8.181818181818182,30.808080808080806
VY Mahesh,Death overs,80,63,10,29,10.5,7.619047619047619,46.03174603174603
Vijaykumar Vyshak,Powerplay,147,78,2,27,13.0,11.307692307692308,34.61538461538461
Vijaykumar Vyshak,Middle overs,505,318,13,77,53.0,9.528301886792454,24.21383647798742
Vijaykumar Vyshak,Death overs,254,123,11,38,20.5,12.390243902439025,30.89430894308943
Vivrant Sharma,Powerplay,0,0,0,0,0.0,0.0,0.0
Vivrant Sharma,Middle overs,37,18,0,5,3.0,12.333333333333334,27.77777777777778
Vivrant Sharma,Death overs,0,0,0,0,0.0,0.0,0.0
W O'Rourke,Powerplay,52,24,2,10,4.0,13.0,41.66666666666667
W O'Rourke,Middle overs,50,24,2,2,4.0,12.5,8.333333333333332
W O'Rourke,Death overs,30,14,2,3,2.3333333333333335,12.857142857142856,21.428571428571427
WA Mota,Powerplay,0,0,0,0,0.0,0.0,0.0
WA Mota,Middle overs,50,48,3,20,8.0,6.25,41.66666666666667
WA Mota,Death overs,47,24,1,4,4.0,11.75,16.666666666666664
WD Parnell,Powerplay,464,372,16,176,62.0,7.483870967741935,47.31182795698925
WD Parnell,Middle overs,138,120,3,44,20.0,6.9,36.666666666666664
WD Parnell,Death overs,335,231,16,76,38.5,8.7012987012987,32.900432900432904
WG Jacks,Powerplay,111,60,3,21,10.0,11.1,35.0
WG Jacks,Middle overs,185,120,7,37,20.0,9.25,30.833333333333336
WG Jacks,Death overs,18,11,0,4,1.8333333333333333,9.818181818181818,36.36363636363637
WPUJC Vaas,Powerplay,204,198,15,113,33.0,6.181818181818182,57.07070707070707
WPUJC Vaas,Middle overs,57,36,1,5,6.0,9.5,13.88888888888889
WPUJC Vaas,Death overs,94,48,2,10,8.0,11.75,20.833333333333336
Washington Sundar,Powerplay,541,384,13,160,64.0,8.453125,41.66666666666667
Washington Sundar,Middle overs,833,702,22,204,117.0,7.119658119658119,29.059829059829063
Washington Sundar,Death overs,146,88,5,21,14.666666666666666,9.954545454545455,23.863636363636363
XC Bartlett,Powerplay,253,136,5,53,22.666666666666668,11.161764705882351,38.970588235294116
XC Bartlett,Middle overs,105,54,0,12,9.0,11.666666666666666,22.22222222222222
XC Bartlett,Death overs,126,71,2,17,11.833333333333334,10.647887323943662,23.943661971830984
Y Gnaneswara Rao,Powerplay,0,0,0,0,0.0,0.0,0.0
Y Gnaneswara Rao,Middle overs,7,6,0,3,1.0,7.0,50.0
Y Gnaneswara Rao,Death overs,0,0,0,0,0.0,0.0,0.0
Y Nagar,Powerplay,10,6,0,2,1.0,10.0,33.33333333333333
Y Nagar,Middle overs,115,60,4,14,10.0,11.5,23.333333333333332
Y Nagar,Death overs,0,0,0,0,0.0,0.0,0.0
Y Prithvi Raj,Powerplay,33,12,0,3,2.0,16.5,25.0
Y Prithvi Raj,Middle overs,24,18,1,5,3.0,8.0,27.77777777777778
Y Prithvi Raj,Death overs,0,0,0,0,0.0,0.0,0.0
Y Venugopal Rao,Powerplay,67,42,1,17,7.0,9.571428571428571,40.476190476190474
Y Venugopal Rao,Middle overs,217,150,4,37,25.0,8.68,24.666666666666668
Y Venugopal Rao,Death overs,53,24,1,5,4.0,13.25,20.833333333333336
YA Abdulla,Powerplay,103,84,7,48,14.0,7.357142857142857,57.14285714285714
YA Abdulla,Middle overs,90,66,2,24,11.0,8.181818181818182,36.36363636363637
YA Abdulla,Death overs,114,59,6,16,9.833333333333334,11.59322033898305,27.11864406779661
YBK Jaiswal,Powerplay,0,0,0,0,0.0,0.0,0.0
YBK Jaiswal,Middle overs,0,0,0,0,0.0,0.0,0.0
YBK Jaiswal,Death overs,6,1,0,0,0.16666666666666666,36.0,0.0
YK Pathan,Powerplay,395,354,14,165,59.0,6.694915254237288,46.61016949152542
YK Pathan,Middle overs,896,714,25,207,119.0,7.529411764705882,28.991596638655466
YK Pathan,Death overs,124,79,3,21,13.166666666666666,9.417721518987342,26.582278481012654
YS Chahal,Powerplay,530,404,18,171,67.33333333333333,7.871287128712872,42.32673267326732
YS Chahal,Middle overs,3823,2960,149,960,493.3333333333333,7.749324324324324,32.432432432432435
YS Chahal,Death overs,1064,673,66,188,112.16666666666667,9.485884101040119,27.934621099554235
Yash Dayal,Powerplay,688,438,16,179,73.0,9.424657534246576,40.8675799086758
Yash Dayal,Middle overs,287,205,9,69,34.166666666666664,8.4,33.65853658536586
Yash Dayal,Death overs,414,229,16,59,38.166666666666664,10.847161572052402,25.76419213973799
Yash Raj Punja,Powerplay,12,6,0,2,1.0,12.0,33.33333333333333
Yash Raj Punja,Middle overs,248,156,8,41,26.0,9.538461538461538,26.282051282051285
Yash Raj Punja,Death overs,19,18,1,4,3.0,6.333333333333333,22.22222222222222
Yash Thakur,Powerplay,205,120,8,53,20.0,10.25,44.166666666666664
Yash Thakur,Middle overs,255,160,5,39,26.666666666666668,9.5625,24.375
Yash Thakur,Death overs,365,187,14,54,31.166666666666668,11.711229946524064,28.87700534759358
Yudhvir Singh,Powerplay,143,85,6,40,14.166666666666666,10.094117647058823,47.05882352941176
Yudhvir Singh,Middle overs,73,36,1,11,6.0,12.166666666666666,30.555555555555557
Yudhvir Singh,Death overs,36,18,1,3,3.0,12.0,16.666666666666664
Yuvraj Singh,Powerplay,0,0,0,0,0.0,0.0,0.0
Yuvraj Singh,Middle overs,925,756,30,227,126.0,7.341269841269841,30.02645502645503
Yuvraj Singh,Death overs,152,113,6,31,18.833333333333332,8.070796460176991,27.43362831858407
Z Khan,Powerplay,1452,1292,52,637,215.33333333333334,6.743034055727554,49.303405572755416
Z Khan,Middle overs,414,301,13,87,50.166666666666664,8.25249169435216,28.903654485049834
Z Khan,Death overs,916,607,37,149,101.16666666666667,9.054365733113674,24.546952224052717
Zeeshan Ansari,Powerplay,0,0,0,0,0.0,0.0,0.0
Zeeshan Ansari,Middle overs,283,180,6,42,30.0,9.433333333333334,23.333333333333332
Zeeshan Ansari,Death overs,50,23,0,5,3.8333333333333335,13.043478260869565,21.73913043478261
