match_id,date,season,team_a,team_b,venue,toss_winner,toss_decision,team_a_matches,team_a_win_rate,team_a_runs_per_match,team_a_runs_conceded_per_match,team_a_wickets_per_match,team_a_bowling_economy,team_b_matches,team_b_win_rate,team_b_runs_per_match,team_b_runs_conceded_per_match,team_b_wickets_per_match,team_b_bowling_economy,win_rate_difference,runs_per_match_difference,runs_conceded_difference,wickets_per_match_difference,economy_difference,team_a_won,team_a_recent_matches,team_a_recent_wins,team_a_recent_win_rate,team_b_recent_matches,team_b_recent_wins,team_b_recent_win_rate,recent_win_rate_difference,h2h_matches_before,team_a_h2h_wins,team_b_h2h_wins,team_a_h2h_win_rate,venue_matches_before,venue_avg_first_innings,venue_chasing_win_rate,toss_team_a_won,toss_team_b_won,toss_decision_field,toss_decision_bat
335982,2008-04-18,2007/08,Royal Challengers Bengaluru,Kolkata Knight Riders,M Chinnaswamy Stadium,Royal Challengers Bengaluru,field,0,0.5,0.0,0.0,0.0,0.0,0,0.5,0.0,0.0,0.0,0.0,0.0,0.0,0.0,0.0,0.0,0,0,0,0.5,0,0,0.5,0.0,0,0,0,0.5,0,0.0,0.5,1,0,1,0
335983,2008-04-19,2007/08,Punjab Kings,Chennai Super Kings,"Punjab Cricket Association Stadium, Mohali",Chennai Super Kings,bat,0,0.5,0.0,0.0,0.0,0.0,0,0.5,0.0,0.0,0.0,0.0,0.0,0.0,0.0,0.0,0.0,0,0,0,0.5,0,0,0.5,0.0,0,0,0,0.5,0,0.0,0.5,0,1,0,1
335984,2008-04-19,2007/08,Delhi Capitals,Rajasthan Royals,Feroz Shah Kotla,Rajasthan Royals,bat,0,0.5,0.0,0.0,0.0,0.0,0,0.5,0.0,0.0,0.0,0.0,0.0,0.0,0.0,0.0,0.0,1,0,0,0.5,0,0,0.5,0.0,0,0,0,0.5,0,0.0,0.5,0,1,0,1
335985,2008-04-20,2007/08,Mumbai Indians,Royal Challengers Bengaluru,Wankhede Stadium,Mumbai Indians,bat,0,0.5,0.0,0.0,0.0,0.0,1,0.0,82.0,214.0,3.0,10.7,0.5,-82.0,-214.0,-3.0,-10.7,0,0,0,0.5,1,0,0.0,0.5,0,0,0,0.5,0,0.0,0.5,1,0,0,1
335986,2008-04-20,2007/08,Kolkata Knight Riders,Deccan Chargers,Eden Gardens,Deccan Chargers,bat,1,1.0,222.0,74.0,9.0,4.87912087912088,0,0.5,0.0,0.0,0.0,0.0,0.5,222.0,74.0,9.0,4.87912087912088,1,1,1,1.0,0,0,0.5,0.5,0,0,0,0.5,0,0.0,0.5,0,1,0,1
335987,2008-04-21,2007/08,Rajasthan Royals,Punjab Kings,Sawai Mansingh Stadium,Punjab Kings,bat,1,0.0,129.0,132.0,1.0,8.703296703296704,1,0.0,207.0,238.0,5.0,11.9,0.0,-78.0,-106.0,-4.0,-3.196703296703296,1,1,0,0.0,1,0,0.0,0.0,0,0,0,0.5,0,0.0,0.5,0,1,0,1
335988,2008-04-22,2007/08,Deccan Chargers,Delhi Capitals,"Rajiv Gandhi International Stadium, Uppal",Deccan Chargers,bat,1,0.0,110.0,100.0,5.0,5.2631578947368425,1,1.0,132.0,125.0,6.0,6.25,-1.0,-22.0,-25.0,-1.0,-0.9868421052631576,0,1,0,0.0,1,1,1.0,-1.0,0,0,0,0.5,0,0.0,0.5,1,0,0,1
335989,2008-04-23,2007/08,Chennai Super Kings,Mumbai Indians,"MA Chidambaram Stadium, Chepauk",Mumbai Indians,field,1,1.0,240.0,201.0,4.0,10.05,1,0.0,165.0,166.0,5.0,8.440677966101694,1.0,75.0,35.0,-1.0,1.609322033898307,1,1,1,1.0,1,0,0.0,1.0,0,0,0,0.5,0,0.0,0.5,0,1,1,0
335990,2008-04-24,2007/08,Deccan Chargers,Rajasthan Royals,"Rajiv Gandhi International Stadium, Uppal",Rajasthan Royals,field,2,0.0,126.0,119.0,3.0,7.4375,2,0.5,148.5,148.5,4.0,8.485714285714286,-0.5,-22.5,-29.5,-1.0,-1.0482142857142858,0,2,0,0.0,2,1,0.5,-0.5,0,0,0,0.5,1,142.0,1.0,0,1,1,0
335991,2008-04-25,2007/08,Punjab Kings,Mumbai Indians,"Punjab Cricket Association Stadium, Mohali",Mumbai Indians,field,2,0.0,186.5,202.0,4.5,10.585152838427948,2,0.0,183.5,183.5,4.5,9.252100840336135,0.0,3.0,18.5,0.0,1.333051998091813,1,2,0,0.0,2,0,0.0,0.0,0,0,0,0.5,1,240.0,0.0,0,1,1,0
335992,2008-04-26,2007/08,Royal Challengers Bengaluru,Rajasthan Royals,M Chinnaswamy Stadium,Rajasthan Royals,field,2,0.5,124.0,185.5,4.0,9.275,3,0.6666666666666666,171.33333333333334,170.33333333333334,4.333333333333333,9.290909090909093,-0.1666666666666666,-47.33333333333334,15.166666666666655,-0.333333333333333,-0.0159090909090906,0,2,1,0.5,3,2,0.6666666666666666,-0.16666666666666663,0,0,0,0.5,1,222.0,0.0,0,1,1,0
335993,2008-04-26,2007/08,Chennai Super Kings,Kolkata Knight Riders,"MA Chidambaram Stadium, Chepauk",Kolkata Knight Riders,bat,2,1.0,224.0,199.0,5.0,9.95,2,1.0,167.0,90.0,9.0,5.320197044334975,0.0,57.0,109.0,-4.0,4.629802955665024,1,2,2,1.0,2,2,1.0,0.0,0,0,0,0.5,1,208.0,0.0,0,1,0,1
335994,2008-04-27,2007/08,Mumbai Indians,Deccan Chargers,Dr DY Patil Sports Academy,Deccan Chargers,field,3,0.0,161.0,182.33333333333331,5.666666666666667,9.167597765363128,3,0.0,155.33333333333334,150.33333333333334,4.0,8.70096463022508,0.0,5.666666666666657,32.0,1.666666666666667,0.4666331351380481,0,3,0,0.0,3,0,0.0,0.0,0,0,0,0.5,0,0.0,0.5,0,1,1,0
335995,2008-04-27,2007/08,Punjab Kings,Delhi Capitals,"Punjab Cricket Association Stadium, Mohali",Delhi Capitals,bat,3,0.3333333333333333,185.0,173.0,5.666666666666667,8.922636103151863,2,1.0,137.5,132.0,6.5,6.6,-0.6666666666666667,47.5,41.0,-0.833333333333333,2.322636103151863,1,3,1,0.3333333333333333,2,2,1.0,-0.6666666666666667,0,0,0,0.5,2,211.0,0.0,0,1,0,1
335996,2008-04-28,2007/08,Royal Challengers Bengaluru,Chennai Super Kings,M Chinnaswamy Stadium,Chennai Super Kings,bat,3,0.3333333333333333,127.66666666666669,169.33333333333334,3.6666666666666665,8.886297376093294,3,1.0,200.0,181.0,6.0,9.05,-0.6666666666666667,-72.33333333333333,-11.666666666666655,-2.333333333333333,-0.1637026239067065,0,3,1,0.3333333333333333,3,3,1.0,-0.6666666666666667,0,0,0,0.5,2,178.5,0.5,0,1,0,1
335997,2008-04-29,2007/08,Kolkata Knight Riders,Mumbai Indians,Eden Gardens,Kolkata Knight Riders,bat,3,0.6666666666666666,160.33333333333334,109.0,6.333333333333333,6.432786885245902,4,0.0,159.25,174.25,4.25,9.703016241299304,0.6666666666666666,1.0833333333333428,-65.25,2.083333333333333,-3.2702293560534024,0,3,2,0.6666666666666666,4,0,0.0,0.6666666666666666,0,0,0,0.5,1,110.0,1.0,1,0,0,1
335998,2008-04-30,2007/08,Delhi Capitals,Royal Challengers Bengaluru,Feroz Shah Kotla,Royal Challengers Bengaluru,field,3,0.6666666666666666,144.33333333333334,141.0,6.0,7.109243697478991,4,0.25,137.0,171.25,3.75,8.876889848812095,0.4166666666666666,7.333333333333343,-30.25,2.25,-1.7676461513331034,1,3,2,0.6666666666666666,4,1,0.25,0.41666666666666663,0,0,0,0.5,1,129.0,1.0,0,1,1,0
335999,2008-05-01,2007/08,Deccan Chargers,Punjab Kings,"Rajiv Gandhi International Stadium, Uppal",Punjab Kings,field,4,0.25,155.25,149.75,4.75,8.338747099767982,4,0.5,179.25,168.0,6.0,8.597014925373134,-0.25,-24.0,-18.25,-1.25,-0.2582678256051522,0,4,1,0.25,4,2,0.5,-0.25,0,0,0,0.5,2,178.0,1.0,0,1,1,0
336000,2008-05-01,2007/08,Rajasthan Royals,Kolkata Knight Riders,Sawai Mansingh Stadium,Rajasthan Royals,bat,4,0.75,163.0,161.0,4.75,8.586666666666666,4,0.5,154.5,115.0,5.5,6.618705035971223,0.25,8.5,46.0,-0.75,1.9679616306954435,1,4,3,0.75,4,2,0.5,0.25,0,0,0,0.5,1,166.0,1.0,1,0,0,1
336001,2008-05-02,2007/08,Chennai Super Kings,Delhi Capitals,"MA Chidambaram Stadium, Chepauk",Chennai Super Kings,bat,4,1.0,194.5,176.75,6.5,8.874476987447698,4,0.75,156.0,148.25,5.75,7.459119496855346,0.25,38.5,28.5,0.75,1.4153574905923527,0,4,4,1.0,4,3,0.75,0.25,0,0,0,0.5,2,177.5,0.5,1,0,0,1
336003,2008-05-03,2007/08,Punjab Kings,Kolkata Knight Riders,"Punjab Cricket Association Stadium, Mohali",Punjab Kings,bat,5,0.6,176.8,166.8,6.2,8.495755517826824,5,0.4,153.8,129.8,5.6,7.251396648044692,0.1999999999999999,23.0,37.0,0.6000000000000005,1.2443588697821315,1,5,3,0.6,5,2,0.4,0.19999999999999996,0,0,0,0.5,3,193.33333333333334,0.3333333333333333,1,0,0,1
336034,2008-05-03,2007/08,Royal Challengers Bengaluru,Deccan Chargers,M Chinnaswamy Stadium,Deccan Chargers,field,5,0.2,145.8,174.8,3.8,8.994854202401372,5,0.2,157.0,152.8,4.2,8.426470588235293,0.0,-11.199999999999989,22.0,-0.4000000000000003,0.5683836141660787,1,5,1,0.2,5,1,0.2,0.0,0,0,0,0.5,3,178.33333333333334,0.3333333333333333,0,1,1,0
336004,2008-05-04,2007/08,Mumbai Indians,Delhi Capitals,Dr DY Patil Sports Academy,Delhi Capitals,field,5,0.2,155.0,165.6,4.8,9.01633393829401,5,0.8,159.2,152.4,5.6,7.658291457286432,-0.6000000000000001,-4.199999999999989,13.199999999999989,-0.7999999999999998,1.3580424810075788,1,5,1,0.2,5,4,0.8,-0.6000000000000001,0,0,0,0.5,1,154.0,1.0,0,1,1,0
336005,2008-05-04,2007/08,Rajasthan Royals,Chennai Super Kings,Sawai Mansingh Stadium,Chennai Super Kings,bat,5,0.8,169.6,158.0,5.2,8.389380530973451,5,0.8,189.4,175.4,5.6,8.888513513513512,0.0,-19.80000000000001,-17.400000000000006,-0.3999999999999994,-0.4991329825400612,1,5,4,0.8,5,4,0.8,0.0,0,0,0,0.5,2,181.0,0.5,0,1,0,1
336006,2008-05-05,2007/08,Royal Challengers Bengaluru,Punjab Kings,M Chinnaswamy Stadium,Punjab Kings,field,6,0.3333333333333333,147.5,170.5,4.166666666666667,8.731152204836414,6,0.6666666666666666,177.0,167.0,6.166666666666667,8.479548660084626,-0.3333333333333333,-29.5,3.5,-2.0,0.2516035447517879,0,5,2,0.4,5,4,0.8,-0.4,0,0,0,0.5,4,172.75,0.25,0,1,1,0
336007,2008-05-06,2007/08,Chennai Super Kings,Deccan Chargers,"MA Chidambaram Stadium, Chepauk",Deccan Chargers,field,6,0.6666666666666666,176.0,163.5,5.0,8.68141592920354,6,0.1666666666666666,156.33333333333334,152.83333333333334,4.666666666666667,8.286144578313253,0.5,19.666666666666657,10.666666666666655,0.333333333333333,0.3952713508902867,0,5,3,0.6,5,1,0.2,0.39999999999999997,0,0,0,0.5,3,174.66666666666666,0.6666666666666666,0,1,1,0
336008,2008-05-07,2007/08,Mumbai Indians,Rajasthan Royals,Dr DY Patil Sports Academy,Mumbai Indians,field,6,0.3333333333333333,156.16666666666666,159.66666666666666,5.5,8.656626506024097,6,0.8333333333333334,159.66666666666666,149.0,6.0,7.899852724594992,-0.5,-3.5,10.666666666666655,-0.5,0.7567737814291045,1,5,2,0.4,5,5,1.0,-0.6,0,0,0,0.5,2,158.0,0.5,1,0,1,0
336009,2008-05-08,2007/08,Delhi Capitals,Chennai Super Kings,Feroz Shah Kotla,Chennai Super Kings,field,6,0.6666666666666666,154.83333333333334,153.0,6.0,7.682008368200837,7,0.5714285714285714,171.42857142857142,161.14285714285714,4.714285714285714,8.610687022900763,0.0952380952380952,-16.595238095238074,-8.142857142857139,1.2857142857142856,-0.928678654699926,0,5,3,0.6,5,2,0.4,0.19999999999999996,1,1,0,1.0,2,160.0,0.5,0,1,1,0
336010,2008-05-08,2007/08,Kolkata Knight Riders,Royal Challengers Bengaluru,Eden Gardens,Kolkata Knight Riders,bat,6,0.3333333333333333,156.33333333333334,136.33333333333334,5.5,7.470319634703197,7,0.2857142857142857,144.42857142857142,162.85714285714286,4.142857142857143,8.413284132841328,0.0476190476190476,11.904761904761926,-26.52380952380952,1.3571428571428568,-0.9429644981381315,1,5,1,0.2,5,1,0.2,0.0,1,1,0,1.0,2,123.5,1.0,1,0,0,1
336011,2008-05-09,2007/08,Rajasthan Royals,Deccan Chargers,Sawai Mansingh Stadium,Rajasthan Royals,field,7,0.7142857142857143,151.57142857142858,142.28571428571428,5.571428571428571,7.76103896103896,7,0.2857142857142857,155.14285714285714,150.71428571428572,5.0,8.073979591836736,0.4285714285714286,-3.571428571428555,-8.428571428571445,0.5714285714285712,-0.3129406307977751,1,5,4,0.8,5,2,0.4,0.4,1,1,0,1.0,3,157.0,0.6666666666666666,1,0,1,0
336013,2008-05-10,2007/08,Chennai Super Kings,Punjab Kings,"MA Chidambaram Stadium, Chepauk",Punjab Kings,field,8,0.625,173.5,163.625,4.75,8.668874172185431,7,0.7142857142857143,169.85714285714286,161.0,6.285714285714286,8.196363636363637,-0.0892857142857143,3.642857142857139,2.625,-1.5357142857142856,0.4725105358217938,1,5,2,0.4,5,5,1.0,-0.6,1,1,0,1.0,4,167.0,0.75,0,1,1,0
336014,2008-05-11,2007/08,Deccan Chargers,Kolkata Knight Riders,"Rajiv Gandhi International Stadium, Uppal",Kolkata Knight Riders,bat,8,0.25,153.25,149.375,4.625,8.147727272727273,7,0.4285714285714285,152.42857142857142,134.14285714285714,5.0,7.48207171314741,-0.1785714285714285,0.8214285714285836,15.23214285714286,-0.375,0.6656555595798634,0,5,2,0.4,5,1,0.2,0.2,1,0,1,0.0,3,173.33333333333334,1.0,0,1,0,1
336015,2008-05-11,2007/08,Rajasthan Royals,Delhi Capitals,Sawai Mansingh Stadium,Rajasthan Royals,field,8,0.75,150.25,141.5,5.625,7.631460674157303,7,0.5714285714285714,159.42857142857142,157.28571428571428,5.857142857142857,7.89247311827957,0.1785714285714286,-9.178571428571416,-15.785714285714278,-0.2321428571428567,-0.261012444122267,1,5,4,0.8,5,2,0.4,0.4,1,0,1,0.0,4,152.75,0.75,1,0,1,0
336016,2008-05-12,2007/08,Punjab Kings,Royal Challengers Bengaluru,"Punjab Cricket Association Stadium, Mohali",Royal Challengers Bengaluru,bat,8,0.625,169.0,163.0,6.0,8.27936507936508,8,0.25,141.875,158.25,4.25,8.356435643564357,0.375,27.125,4.75,1.75,-0.0770705641992766,1,5,4,0.8,5,1,0.2,0.6000000000000001,1,1,0,1.0,4,189.5,0.25,0,1,0,1
336017,2008-05-13,2007/08,Kolkata Knight Riders,Delhi Capitals,Eden Gardens,Kolkata Knight Riders,bat,8,0.5,158.875,139.0,5.25,7.642611683848798,8,0.5,159.0,156.375,5.625,7.892744479495268,0.0,-0.125,-17.375,-0.375,-0.2501327956464703,1,5,2,0.4,5,2,0.4,0.0,0,0,0,0.5,3,125.33333333333333,0.6666666666666666,1,0,0,1
336018,2008-05-14,2007/08,Mumbai Indians,Chennai Super Kings,Wankhede Stadium,Mumbai Indians,field,7,0.4285714285714285,148.71428571428572,151.28571428571428,6.142857142857143,8.338582677165354,9,0.6666666666666666,174.33333333333334,163.44444444444446,5.222222222222222,8.602339181286549,-0.238095238095238,-25.61904761904762,-12.15873015873018,0.9206349206349208,-0.2637565041211953,1,5,3,0.6,5,2,0.4,0.19999999999999996,1,0,1,0.0,1,165.0,1.0,1,0,1,0
336020,2008-05-15,2007/08,Delhi Capitals,Deccan Chargers,Feroz Shah Kotla,Deccan Chargers,field,9,0.4444444444444444,153.55555555555554,153.44444444444446,5.555555555555555,7.7366946778711485,9,0.2222222222222222,156.33333333333334,155.33333333333334,4.444444444444445,8.388,0.2222222222222222,-2.7777777777778,-1.8888888888888855,1.1111111111111107,-0.6513053221288514,1,5,1,0.2,5,1,0.2,0.0,1,1,0,1.0,3,169.0,0.6666666666666666,0,1,1,0
336021,2008-05-16,2007/08,Mumbai Indians,Kolkata Knight Riders,Wankhede Stadium,Mumbai Indians,field,8,0.5,149.875,151.5,6.125,8.244897959183673,9,0.5555555555555556,156.0,135.66666666666666,5.555555555555555,7.475510204081632,-0.0555555555555555,-6.125,15.833333333333345,0.5694444444444446,0.7693877551020405,1,5,4,0.8,5,3,0.6,0.20000000000000007,1,1,0,1.0,2,160.5,1.0,1,0,1,0
336022,2008-05-17,2007/08,Delhi Capitals,Punjab Kings,Feroz Shah Kotla,Delhi Capitals,bat,10,0.5,157.6,156.2,5.9,7.869017632241814,9,0.6666666666666666,166.22222222222223,160.0,6.111111111111111,8.112676056338028,-0.1666666666666666,-8.622222222222234,-3.8000000000000114,-0.2111111111111103,-0.243658424096214,0,5,1,0.2,5,4,0.8,-0.6000000000000001,1,0,1,0.0,4,175.25,0.5,1,0,0,1
336023,2008-05-17,2007/08,Rajasthan Royals,Royal Challengers Bengaluru,Sawai Mansingh Stadium,Royal Challengers Bengaluru,field,9,0.7777777777777778,151.22222222222223,142.33333333333334,5.666666666666667,7.6099009900990096,9,0.2222222222222222,142.0,156.11111111111111,3.888888888888889,8.404785643070788,0.5555555555555556,9.222222222222229,-13.777777777777771,1.777777777777778,-0.7948846529717786,1,5,4,0.8,5,1,0.2,0.6000000000000001,1,1,0,1.0,5,153.4,0.8,0,1,1,0
336024,2008-05-18,2007/08,Deccan Chargers,Mumbai Indians,"Rajiv Gandhi International Stadium, Uppal",Deccan Chargers,field,10,0.2,158.9,158.9,4.3,8.512500000000001,9,0.5555555555555556,140.77777777777777,141.88888888888889,6.444444444444445,7.86652977412731,-0.3555555555555555,18.122222222222238,17.01111111111112,-2.144444444444445,0.6459702258726914,0,5,1,0.2,5,5,1.0,-0.8,1,1,0,1.0,4,181.0,0.75,1,0,1,0
336025,2008-05-18,2007/08,Kolkata Knight Riders,Chennai Super Kings,Eden Gardens,Kolkata Knight Riders,bat,10,0.5,147.1,128.4,5.2,7.605133267522211,10,0.6,172.5,162.5,4.8,8.791704238052299,-0.0999999999999999,-25.40000000000001,-34.099999999999994,0.4000000000000003,-1.186570970530088,0,5,3,0.6,5,2,0.4,0.19999999999999996,1,0,1,0.0,4,127.25,0.5,1,0,0,1
336026,2008-05-19,2007/08,Royal Challengers Bengaluru,Delhi Capitals,M Chinnaswamy Stadium,Delhi Capitals,field,10,0.2,141.0,159.5,3.6,8.521816562778273,11,0.4545454545454545,154.0,150.36363636363637,5.636363636363637,8.009685230024212,-0.2545454545454545,-13.0,9.136363636363626,-2.0363636363636366,0.5121313327540609,0,5,1,0.2,5,1,0.2,0.0,1,0,1,0.0,5,163.4,0.4,0,1,1,0
336027,2008-05-20,2007/08,Kolkata Knight Riders,Rajasthan Royals,Eden Gardens,Rajasthan Royals,field,11,0.4545454545454545,147.27272727272728,121.63636363636364,4.727272727272728,7.566446748350613,10,0.8,155.8,141.3,6.0,7.502654867256637,-0.3454545454545455,-8.527272727272731,-19.66363636363637,-1.2727272727272725,0.0637918810939757,0,5,3,0.6,5,4,0.8,-0.20000000000000007,1,0,1,0.0,5,131.6,0.6,0,1,1,0
336028,2008-05-21,2007/08,Mumbai Indians,Punjab Kings,Wankhede Stadium,Mumbai Indians,field,10,0.6,144.5,142.6,6.4,7.820840950639853,10,0.7,159.0,155.6,5.9,8.254641909814323,-0.0999999999999999,-14.5,-13.0,0.5,-0.4338009591744693,0,5,5,1.0,5,4,0.8,0.19999999999999996,1,0,1,0.0,3,129.33333333333334,1.0,1,0,1,0
336029,2008-05-21,2007/08,Chennai Super Kings,Royal Challengers Bengaluru,"MA Chidambaram Stadium, Chepauk",Royal Challengers Bengaluru,bat,11,0.6363636363636364,161.8181818181818,160.45454545454547,4.818181818181818,8.616761594792514,11,0.1818181818181818,142.1818181818182,158.72727272727272,3.636363636363636,8.496350364963504,0.4545454545454545,19.636363636363622,1.727272727272748,1.181818181818182,0.1204112298290098,0,5,3,0.6,5,0,0.0,0.6,1,1,0,1.0,5,169.8,0.6,0,1,0,1
336031,2008-05-23,2007/08,Punjab Kings,Deccan Chargers,"Punjab Cricket Association Stadium, Mohali",Punjab Kings,field,11,0.7272727272727273,161.72727272727272,157.36363636363637,5.818181818181818,8.302158273381295,11,0.1818181818181818,158.36363636363637,159.63636363636363,4.545454545454546,8.496774193548388,0.5454545454545454,3.363636363636345,-2.272727272727252,1.2727272727272725,-0.1946159201670934,1,5,4,0.8,5,1,0.2,0.6000000000000001,1,1,0,1.0,5,180.2,0.4,1,0,1,0
336032,2008-05-24,2007/08,Delhi Capitals,Mumbai Indians,Feroz Shah Kotla,Delhi Capitals,field,12,0.5,154.33333333333334,150.66666666666666,5.583333333333333,7.9823399558498895,11,0.5454545454545454,148.45454545454547,146.54545454545453,6.181818181818182,7.967051070840197,-0.0454545454545454,5.878787878787875,4.121212121212125,-0.5984848484848486,0.0152888850096921,1,5,2,0.4,5,4,0.8,-0.4,1,0,1,0.0,5,163.8,0.6,1,0,1,0
336033,2008-05-24,2007/08,Chennai Super Kings,Rajasthan Royals,"MA Chidambaram Stadium, Chepauk",Rajasthan Royals,bat,12,0.5833333333333334,157.66666666666666,157.33333333333334,5.083333333333333,8.397331356560414,11,0.8181818181818182,155.27272727272728,141.63636363636363,6.090909090909091,7.4784,-0.2348484848484848,2.3939393939393767,15.696969696969717,-1.0075757575757578,0.9189313565604148,0,5,3,0.6,5,4,0.8,-0.20000000000000007,1,0,1,0.0,6,162.5,0.5,0,1,0,1
336002,2008-05-25,2007/08,Deccan Chargers,Royal Challengers Bengaluru,"Rajiv Gandhi International Stadium, Uppal",Deccan Chargers,bat,12,0.1666666666666666,159.75,160.91666666666666,4.5,8.537951363301401,12,0.25,140.83333333333334,154.66666666666666,3.9166666666666665,8.23059866962306,-0.0833333333333333,18.916666666666657,6.25,0.5833333333333335,0.3073526936783413,0,5,0,0.0,5,1,0.2,-0.2,1,0,1,0.0,5,180.4,0.6,1,0,0,1
336035,2008-05-25,2007/08,Kolkata Knight Riders,Punjab Kings,Eden Gardens,Punjab Kings,bat,12,0.4166666666666667,147.25,123.66666666666669,4.666666666666667,7.675862068965517,12,0.75,163.08333333333334,158.5,5.666666666666667,8.323851203501095,-0.3333333333333333,-15.833333333333345,-34.83333333333333,-1.0,-0.6479891345355773,1,5,2,0.4,5,4,0.8,-0.4,1,0,1,0.0,6,134.16666666666666,0.6666666666666666,0,1,0,1
336036,2008-05-26,2007/08,Rajasthan Royals,Mumbai Indians,Sawai Mansingh Stadium,Rajasthan Royals,field,12,0.8333333333333334,159.91666666666666,146.33333333333334,6.083333333333333,7.690510948905109,12,0.5,150.75,149.08333333333334,6.0,8.05251312828207,0.3333333333333333,9.166666666666655,-2.75,0.083333333333333,-0.3620021793769616,1,5,5,1.0,5,3,0.6,0.4,1,0,1,0.0,6,160.66666666666666,0.6666666666666666,1,0,1,0
336037,2008-05-27,2007/08,Deccan Chargers,Chennai Super Kings,"Rajiv Gandhi International Stadium, Uppal",Deccan Chargers,bat,13,0.1538461538461538,160.15384615384616,161.46153846153845,4.384615384615385,8.561522773623386,13,0.5384615384615384,161.0,161.07692307692307,4.923076923076923,8.552756977535738,-0.3846153846153846,-0.8461538461538396,0.3846153846153868,-0.5384615384615383,0.0087657960876477,0,5,0,0.0,5,2,0.4,-0.4,1,1,0,1.0,6,177.83333333333334,0.6666666666666666,1,0,0,1
336012,2008-05-28,2007/08,Royal Challengers Bengaluru,Mumbai Indians,M Chinnaswamy Stadium,Mumbai Indians,field,13,0.3076923076923077,143.15384615384616,155.23076923076923,4.230769230769231,8.219959266802444,13,0.4615384615384615,150.30769230769232,148.07692307692307,5.769230769230769,7.949070887818308,-0.1538461538461538,-7.15384615384616,7.15384615384616,-1.5384615384615383,0.2708883789841367,0,5,2,0.4,5,2,0.4,0.0,1,1,0,1.0,6,161.83333333333334,0.5,0,1,1,0
336019,2008-05-28,2007/08,Punjab Kings,Rajasthan Royals,"Punjab Cricket Association Stadium, Mohali",Rajasthan Royals,field,13,0.6923076923076923,163.92307692307693,159.3846153846154,5.769230769230769,8.349227669576898,13,0.8461538461538461,158.84615384615384,145.76923076923077,6.153846153846154,7.630872483221476,-0.1538461538461538,5.076923076923094,13.615384615384611,-0.384615384615385,0.7183551863554216,1,5,4,0.8,5,5,1.0,-0.19999999999999996,1,0,1,0.0,6,179.33333333333334,0.5,0,1,1,0
336038,2008-05-30,2007/08,Delhi Capitals,Rajasthan Royals,Wankhede Stadium,Delhi Capitals,field,13,0.5384615384615384,156.23076923076923,152.53846153846155,5.6923076923076925,8.044624746450305,14,0.7857142857142857,160.35714285714286,151.07142857142858,5.857142857142857,7.881987577639752,-0.2472527472527472,-4.126373626373635,1.4670329670329636,-0.1648351648351642,0.1626371688105523,0,5,3,0.6,5,4,0.8,-0.20000000000000007,2,1,1,0.5,4,144.25,0.75,1,0,1,0
336039,2008-05-31,2007/08,Chennai Super Kings,Punjab Kings,Wankhede Stadium,Punjab Kings,bat,14,0.5714285714285714,160.07142857142858,159.42857142857142,5.071428571428571,8.427942101950913,14,0.7142857142857143,168.0,160.64285714285714,5.857142857142857,8.386575512740832,-0.1428571428571429,-7.928571428571416,-1.2142857142857224,-0.7857142857142856,0.0413665892100816,1,5,2,0.4,5,4,0.8,-0.4,2,2,0,1.0,5,153.8,0.6,0,1,0,1
336040,2008-06-01,2007/08,Chennai Super Kings,Rajasthan Royals,Dr DY Patil Sports Academy,Rajasthan Royals,field,15,0.6,157.13333333333333,156.13333333333333,5.2,8.222352252779404,15,0.8,162.46666666666667,146.6,6.066666666666666,7.729349736379613,-0.2,-5.333333333333343,9.533333333333331,-0.8666666666666663,0.4930025163997902,0,5,3,0.6,5,4,0.8,-0.20000000000000007,2,0,2,0.0,3,139.66666666666666,0.6666666666666666,0,1,1,0
392181,2009-04-18,2009,Chennai Super Kings,Mumbai Indians,Newlands,Chennai Super Kings,field,16,0.5625,157.5,156.1875,5.1875,8.19792236194642,14,0.5,148.57142857142858,146.21428571428572,5.928571428571429,7.8680333119795,0.0625,8.928571428571416,9.973214285714278,-0.7410714285714288,0.32988904996692,0,5,2,0.4,5,2,0.4,0.0,2,1,1,0.5,0,0.0,0.5,1,0,1,0
392182,2009-04-18,2009,Royal Challengers Bengaluru,Rajasthan Royals,Newlands,Royal Challengers Bengaluru,bat,14,0.2857142857142857,141.64285714285714,153.0,4.0,8.191204588910134,16,0.8125,162.5625,147.4375,6.0,7.747126436781609,-0.5267857142857143,-20.91964285714286,5.5625,-2.0,0.4440781521285251,1,5,2,0.4,5,4,0.8,-0.4,2,0,2,0.0,1,165.0,0.0,1,0,0,1
392183,2009-04-19,2009,Delhi Capitals,Punjab Kings,Newlands,Delhi Capitals,field,14,0.5,151.28571428571428,155.28571428571428,5.857142857142857,8.157598499061914,15,0.6666666666666666,164.26666666666668,157.66666666666666,5.533333333333333,8.356890459363958,-0.1666666666666666,-12.980952380952402,-2.38095238095238,0.3238095238095235,-0.1992919603020446,1,5,3,0.6,5,3,0.6,0.0,2,0,2,0.0,2,149.0,0.0,1,0,1,0
392184,2009-04-19,2009,Deccan Chargers,Kolkata Knight Riders,Newlands,Kolkata Knight Riders,bat,14,0.1428571428571428,159.21428571428572,160.28571428571428,4.285714285714286,8.483931947069943,13,0.4615384615384615,149.3846153846154,127.46153846153848,4.6923076923076925,7.767187499999999,-0.3186813186813187,9.829670329670336,32.82417582417581,-0.4065934065934069,0.7167444470699431,1,5,0,0.0,5,2,0.4,-0.4,2,0,2,0.0,3,134.0,0.3333333333333333,0,1,0,1
392185,2009-04-20,2009,Royal Challengers Bengaluru,Chennai Super Kings,St George's Park,Chennai Super Kings,bat,15,0.3333333333333333,141.06666666666666,146.6,4.333333333333333,7.948192771084336,17,0.5294117647058824,156.8235294117647,156.58823529411765,5.235294117647059,8.194971780400206,-0.196078431372549,-15.756862745098031,-9.988235294117658,-0.9019607843137258,-0.246779009315869,0,5,3,0.6,5,2,0.4,0.19999999999999996,2,1,1,0.5,0,0.0,0.5,0,1,0,1
392186,2009-04-21,2009,Punjab Kings,Kolkata Knight Riders,Kingsmead,Kolkata Knight Riders,field,16,0.625,160.5,151.3125,5.1875,8.411117544875507,14,0.4285714285714285,145.92857142857142,125.71428571428572,4.428571428571429,7.770419426048565,0.1964285714285714,14.571428571428584,25.59821428571429,0.7589285714285712,0.6406981188269425,0,5,2,0.4,5,1,0.2,0.2,2,1,1,0.5,0,0.0,0.5,0,1,1,0
392188,2009-04-22,2009,Royal Challengers Bengaluru,Deccan Chargers,Newlands,Deccan Chargers,bat,16,0.3125,137.6875,148.3125,4.3125,7.998876404494381,15,0.2,155.53333333333333,156.06666666666666,4.6,8.238123167155425,0.1124999999999999,-17.84583333333333,-7.754166666666663,-0.2874999999999996,-0.2392467626610441,0,5,3,0.6,5,1,0.2,0.39999999999999997,2,2,0,1.0,4,125.75,0.5,0,1,0,1
392189,2009-04-23,2009,Chennai Super Kings,Delhi Capitals,Kingsmead,Delhi Capitals,bat,18,0.5555555555555556,158.05555555555554,152.66666666666666,5.444444444444445,8.078392944634983,15,0.5333333333333333,145.06666666666666,151.6,5.8,8.165170556552962,0.0222222222222222,12.98888888888888,1.0666666666666629,-0.3555555555555552,-0.086777611917979,0,5,3,0.6,5,3,0.6,0.0,2,1,1,0.5,1,158.0,1.0,0,1,0,1
392190,2009-04-23,2009,Kolkata Knight Riders,Rajasthan Royals,Newlands,Kolkata Knight Riders,field,15,0.4666666666666667,141.46666666666667,127.8,4.466666666666667,7.776876267748479,17,0.7647058823529411,156.41176470588235,146.47058823529412,6.117647058823529,7.673343605546996,-0.2980392156862744,-14.94509803921568,-18.67058823529412,-1.6509803921568622,0.1035326622014833,0,5,2,0.4,5,3,0.6,-0.19999999999999996,2,0,2,0.0,5,137.4,0.4,1,0,1,0
392191,2009-04-24,2009,Royal Challengers Bengaluru,Punjab Kings,Kingsmead,Royal Challengers Bengaluru,bat,17,0.2941176470588235,139.0,149.94117647058823,4.352941176470588,8.049473684210525,17,0.5882352941176471,160.35294117647058,147.05882352941177,4.941176470588236,8.412787436904093,-0.2941176470588235,-21.35294117647058,2.882352941176464,-0.5882352941176476,-0.3633137526935677,0,5,2,0.4,5,1,0.2,0.2,2,0,2,0.0,2,173.5,0.5,1,0,0,1
392192,2009-04-25,2009,Deccan Chargers,Mumbai Indians,Kingsmead,Deccan Chargers,bat,16,0.25,157.3125,156.25,4.75,8.21917808219178,15,0.5333333333333333,149.66666666666666,145.8,6.0,7.806067816775728,-0.2833333333333333,7.645833333333343,10.449999999999989,-1.25,0.4131102654160514,1,5,2,0.4,5,2,0.4,0.0,2,1,1,0.5,3,171.66666666666666,0.6666666666666666,1,0,0,1
392194,2009-04-26,2009,Royal Challengers Bengaluru,Delhi Capitals,St George's Park,Royal Challengers Bengaluru,bat,18,0.2777777777777778,140.61111111111111,151.0,4.222222222222222,8.097318768619662,16,0.5625,147.8125,153.0,5.8125,8.201005025125628,-0.2847222222222222,-7.201388888888886,-2.0,-1.5902777777777777,-0.1036862565059664,0,5,1,0.2,5,4,0.8,-0.6000000000000001,2,0,2,0.0,1,179.0,0.0,1,0,0,1
392195,2009-04-26,2009,Punjab Kings,Rajasthan Royals,Newlands,Punjab Kings,bat,18,0.6111111111111112,161.05555555555554,147.94444444444446,5.166666666666667,8.396216500262742,18,0.7777777777777778,157.05555555555554,147.05555555555554,6.222222222222222,7.661360347322721,-0.1666666666666666,4.0,0.8888888888889142,-1.0555555555555554,0.7348561529400213,1,5,2,0.4,5,3,0.6,-0.19999999999999996,2,1,1,0.5,6,139.5,0.3333333333333333,1,0,0,1
392196,2009-04-27,2009,Chennai Super Kings,Deccan Chargers,Kingsmead,Deccan Chargers,field,19,0.5263157894736842,159.21052631578948,154.57894736842104,5.421052631578948,8.154558074965294,17,0.2941176470588235,157.94117647058823,155.88235294117646,4.882352941176471,8.174807197943444,0.2321981424148606,1.2693498452012475,-1.3034055727554232,0.5386996904024768,-0.02024912297815,0,5,2,0.4,5,3,0.6,-0.19999999999999996,2,1,1,0.5,4,170.75,0.5,0,1,1,0
392197,2009-04-27,2009,Kolkata Knight Riders,Mumbai Indians,St George's Park,Mumbai Indians,bat,16,0.4375,142.9375,130.125,4.5625,7.79288833437305,16,0.5,150.0625,146.625,6.125,7.815657967795668,-0.0625,-7.125,-16.5,-1.5625,-0.0227696334226186,0,5,2,0.4,5,2,0.4,0.0,2,0,2,0.0,2,164.0,0.5,0,1,0,1
392198,2009-04-28,2009,Delhi Capitals,Rajasthan Royals,SuperSport Park,Delhi Capitals,bat,17,0.5882352941176471,147.94117647058823,152.47058823529412,5.823529411764706,8.138147566718995,19,0.7368421052631579,154.68421052631578,146.42105263157896,6.105263157894737,7.611491108071135,-0.1486068111455107,-6.7430340557275485,6.049535603715157,-0.2817337461300315,0.5266564586478601,0,5,4,0.8,5,3,0.6,0.20000000000000007,3,1,2,0.3333333333333333,0,0.0,0.5,1,0,0,1
392199,2009-04-29,2009,Royal Challengers Bengaluru,Kolkata Knight Riders,Kingsmead,Kolkata Knight Riders,bat,19,0.2631578947368421,141.05263157894737,150.94736842105263,4.2105263157894735,8.07887323943662,17,0.4117647058823529,140.11764705882354,133.41176470588235,4.588235294117647,7.897852582704584,-0.1486068111455108,0.9349845201238338,17.535603715170282,-0.3777089783281733,0.1810206567320351,1,5,1,0.2,5,2,0.4,-0.2,2,0,2,0.0,5,169.6,0.6,0,1,0,1
392200,2009-04-29,2009,Punjab Kings,Mumbai Indians,Kingsmead,Punjab Kings,bat,19,0.631578947368421,159.89473684210526,145.78947368421052,5.2631578947368425,8.215521502718735,17,0.5294117647058824,152.23529411764707,143.58823529411765,6.294117647058823,7.736925515055468,0.1021671826625386,7.659442724458188,2.2012383900928683,-1.030959752321981,0.478595987663267,1,5,2,0.4,5,3,0.6,-0.19999999999999996,2,2,0,1.0,6,164.5,0.6666666666666666,1,0,0,1
392201,2009-04-30,2009,Deccan Chargers,Delhi Capitals,SuperSport Park,Delhi Capitals,field,18,0.3333333333333333,158.55555555555554,156.38888888888889,4.944444444444445,8.17917675544794,18,0.5555555555555556,147.66666666666666,152.0,5.722222222222222,8.11468116658428,-0.2222222222222222,10.888888888888886,4.388888888888886,-0.7777777777777777,0.0644955888636609,0,5,4,0.8,5,3,0.6,0.20000000000000007,2,0,2,0.0,1,143.0,1.0,0,1,1,0
392202,2009-04-30,2009,Chennai Super Kings,Rajasthan Royals,SuperSport Park,Rajasthan Royals,field,20,0.5,159.5,155.2,5.35,8.175592625109745,20,0.75,154.3,146.1,6.15,7.57976653696498,-0.25,5.199999999999989,9.099999999999994,-0.8000000000000007,0.595826088144765,1,5,1,0.2,5,3,0.6,-0.39999999999999997,3,0,3,0.0,2,145.5,1.0,0,1,1,0
392203,2009-05-01,2009,Kolkata Knight Riders,Mumbai Indians,Buffalo Park,Mumbai Indians,bat,18,0.3888888888888889,140.05555555555554,133.83333333333334,4.611111111111111,7.846905537459284,18,0.5,150.22222222222223,141.88888888888889,6.333333333333333,7.612518628912071,-0.1111111111111111,-10.166666666666686,-8.055555555555543,-1.7222222222222223,0.2343869085472123,0,5,1,0.2,5,3,0.6,-0.39999999999999997,3,0,3,0.0,0,0.0,0.5,0,1,0,1
392204,2009-05-01,2009,Royal Challengers Bengaluru,Punjab Kings,Kingsmead,Royal Challengers Bengaluru,bat,20,0.3,141.15,150.25,4.3,8.013333333333334,20,0.65,157.85,144.2,5.35,8.074661689220719,-0.35,-16.69999999999999,6.050000000000011,-1.0499999999999998,-0.0613283558873849,1,5,1,0.2,5,3,0.6,-0.39999999999999997,3,0,3,0.0,7,158.0,0.5714285714285714,1,0,0,1
392205,2009-05-02,2009,Deccan Chargers,Rajasthan Royals,St George's Park,Deccan Chargers,bat,19,0.3157894736842105,158.0,155.8421052631579,4.894736842105263,8.160771704180064,21,0.7142857142857143,152.95238095238096,146.85714285714286,6.095238095238095,7.605425400739827,-0.3984962406015038,5.047619047619037,8.984962406015029,-1.200501253132832,0.5553463034402366,0,5,4,0.8,5,2,0.4,0.4,2,0,2,0.0,3,171.66666666666666,0.3333333333333333,1,0,0,1
392206,2009-05-02,2009,Chennai Super Kings,Delhi Capitals,New Wanderers Stadium,Delhi Capitals,field,21,0.5238095238095238,159.71428571428572,153.57142857142858,5.523809523809524,8.079331941544885,19,0.5789473684210527,147.78947368421052,151.3684210526316,5.789473684210527,8.052263182454503,-0.0551378446115288,11.924812030075202,2.203007518796994,-0.2656641604010028,0.0270687590903815,1,5,2,0.4,5,4,0.8,-0.4,3,1,2,0.3333333333333333,0,0.0,0.5,0,1,1,0
392207,2009-05-03,2009,Punjab Kings,Kolkata Knight Riders,St George's Park,Kolkata Knight Riders,bat,21,0.6190476190476191,156.85714285714286,144.14285714285714,5.523809523809524,8.025629695095006,19,0.3684210526315789,140.0,134.26315789473685,4.684210526315789,7.801223241590214,0.2506265664160401,16.85714285714286,9.87969924812029,0.8395989974937343,0.224406453504792,1,5,3,0.6,5,1,0.2,0.39999999999999997,3,1,2,0.3333333333333333,4,164.0,0.5,0,1,0,1
392208,2009-05-03,2009,Royal Challengers Bengaluru,Mumbai Indians,New Wanderers Stadium,Mumbai Indians,bat,21,0.3333333333333333,141.33333333333334,149.14285714285714,4.380952380952381,7.929113924050632,19,0.5263157894736842,150.10526315789474,141.68421052631578,6.2631578947368425,7.572433192686357,-0.1929824561403508,-8.771929824561397,7.458646616541358,-1.882205513784461,0.3566807313642757,1,5,2,0.4,5,3,0.6,-0.19999999999999996,2,1,1,0.5,1,163.0,0.0,0,1,0,1
392209,2009-05-04,2009,Chennai Super Kings,Deccan Chargers,Buffalo Park,Chennai Super Kings,bat,22,0.5454545454545454,159.86363636363637,153.0909090909091,5.636363636363637,8.034990059642146,20,0.3,157.15,155.0,4.95,8.104575163398692,0.2454545454545454,2.7136363636363683,-1.9090909090909065,0.6863636363636365,-0.0695851037565464,1,5,3,0.6,5,3,0.6,0.0,3,1,2,0.3333333333333333,1,148.0,0.0,1,0,0,1
392210,2009-05-05,2009,Punjab Kings,Rajasthan Royals,Kingsmead,Punjab Kings,field,22,0.6363636363636364,156.72727272727272,144.4090909090909,5.409090909090909,7.999160721779269,22,0.7272727272727273,152.45454545454547,146.45454545454547,6.045454545454546,7.572267920094007,-0.0909090909090909,4.272727272727252,-2.045454545454561,-0.6363636363636367,0.4268928016852618,0,5,4,0.8,5,3,0.6,0.20000000000000007,3,2,1,0.6666666666666666,8,156.375,0.5,1,0,1,0
392211,2009-05-05,2009,Delhi Capitals,Kolkata Knight Riders,Kingsmead,Kolkata Knight Riders,bat,20,0.55,147.65,151.75,5.95,8.046840477242599,20,0.35,140.65,135.15,4.65,7.789625360230548,0.2,7.0,16.599999999999994,1.2999999999999998,0.2572151170120511,1,5,3,0.6,5,0,0.0,0.6,1,0,1,0.0,9,162.44444444444446,0.4444444444444444,0,1,0,1
392212,2009-05-06,2009,Deccan Chargers,Mumbai Indians,SuperSport Park,Deccan Chargers,bat,21,0.2857142857142857,154.42857142857142,155.85714285714286,4.857142857142857,8.13167701863354,20,0.5,150.05,142.05,6.0,7.603033006244424,-0.2142857142857143,4.378571428571405,13.80714285714285,-1.1428571428571432,0.5286440123891163,1,5,2,0.4,5,2,0.4,0.0,3,2,1,0.6666666666666666,3,151.66666666666666,0.6666666666666666,1,0,0,1
392213,2009-05-07,2009,Royal Challengers Bengaluru,Rajasthan Royals,SuperSport Park,Rajasthan Royals,field,22,0.3636363636363636,141.72727272727272,149.04545454545453,4.363636363636363,7.901204819277108,23,0.7391304347826086,155.0,145.6086956521739,6.130434782608695,7.517396184062851,-0.375494071146245,-13.27272727272728,3.4367588932806257,-1.766798418972332,0.3838086352142573,0,5,3,0.6,5,3,0.6,0.0,3,1,2,0.3333333333333333,4,150.0,0.5,0,1,1,0
392214,2009-05-07,2009,Chennai Super Kings,Punjab Kings,SuperSport Park,Chennai Super Kings,bat,23,0.5652173913043478,160.65217391304347,150.6086956521739,5.826086956521739,7.984633115635805,23,0.6086956521739131,155.69565217391303,147.30434782608697,5.3478260869565215,8.121454254894127,-0.0434782608695653,4.956521739130437,3.304347826086939,0.4782608695652177,-0.1368211392583216,1,5,3,0.6,5,3,0.6,0.0,3,3,0,1.0,5,141.0,0.6,1,0,0,1
392215,2009-05-08,2009,Delhi Capitals,Mumbai Indians,Buffalo Park,Mumbai Indians,bat,21,0.5714285714285714,148.0952380952381,151.85714285714286,5.809523809523809,8.029374737725556,21,0.4761904761904761,148.9047619047619,141.95238095238096,5.9523809523809526,7.572396274343776,0.0952380952380952,-0.809523809523796,9.904761904761898,-0.1428571428571432,0.4569784633817795,1,5,3,0.6,5,2,0.4,0.19999999999999996,2,1,1,0.5,2,163.0,0.0,0,1,0,1
392216,2009-05-09,2009,Deccan Chargers,Punjab Kings,De Beers Diamond Oval,Punjab Kings,field,22,0.3181818181818182,154.0,154.4090909090909,5.0,8.040236686390532,24,0.5833333333333334,156.45833333333334,148.66666666666666,5.25,8.199157410953656,-0.2651515151515152,-2.458333333333343,5.742424242424249,-0.25,-0.1589207245631243,0,5,2,0.4,5,2,0.4,0.0,2,0,2,0.0,0,0.0,0.5,0,1,1,0
392217,2009-05-09,2009,Chennai Super Kings,Rajasthan Royals,De Beers Diamond Oval,Rajasthan Royals,bat,24,0.5833333333333334,161.66666666666666,151.45833333333334,5.708333333333333,8.045001844337882,24,0.75,153.0,143.91666666666666,6.25,7.419978517722878,-0.1666666666666666,8.666666666666657,7.541666666666686,-0.541666666666667,0.625023326615004,1,5,4,0.8,5,4,0.8,0.0,4,1,3,0.25,1,168.0,1.0,0,1,0,1
392218,2009-05-10,2009,Royal Challengers Bengaluru,Mumbai Indians,St George's Park,Mumbai Indians,bat,23,0.3478260869565217,140.1304347826087,147.2173913043478,4.260869565217392,7.874418604651162,22,0.4545454545454545,147.4090909090909,140.86363636363637,5.818181818181818,7.512727272727273,-0.1067193675889328,-7.278656126482218,6.35375494071144,-1.5573122529644268,0.3616913319238897,0,5,3,0.6,5,1,0.2,0.39999999999999997,3,2,1,0.6666666666666666,5,161.8,0.6,0,1,0,1
392219,2009-05-10,2009,Delhi Capitals,Kolkata Knight Riders,New Wanderers Stadium,Delhi Capitals,field,22,0.5909090909090909,146.72727272727272,150.0909090909091,5.863636363636363,7.915301638034358,21,0.3333333333333333,141.28571428571428,136.14285714285714,4.476190476190476,7.811475409836065,0.2575757575757576,5.441558441558442,13.948051948051956,1.387445887445887,0.1038262281982929,1,5,3,0.6,5,0,0.0,0.6,2,1,1,0.5,2,156.0,0.5,1,0,1,0
392220,2009-05-11,2009,Deccan Chargers,Rajasthan Royals,De Beers Diamond Oval,Deccan Chargers,bat,23,0.3043478260869565,154.6086956521739,154.7826086956522,5.0,8.048229088168803,25,0.72,152.48,143.72,6.12,7.426110919738202,-0.4156521739130434,2.128695652173917,11.062608695652187,-1.12,0.6221181684306005,1,5,1,0.2,5,3,0.6,-0.39999999999999997,3,0,3,0.0,2,154.0,1.0,1,0,0,1
392221,2009-05-12,2009,Royal Challengers Bengaluru,Kolkata Knight Riders,SuperSport Park,Royal Challengers Bengaluru,field,24,0.3333333333333333,140.16666666666666,147.625,4.166666666666667,7.873333333333333,22,0.3181818181818182,140.45454545454547,135.3181818181818,4.409090909090909,7.769464984775989,0.0151515151515151,-0.2878787878788102,12.306818181818189,-0.2424242424242422,0.1038683485573441,1,5,3,0.6,5,0,0.0,0.6,3,1,2,0.3333333333333333,6,148.33333333333334,0.5,1,0,1,0
392222,2009-05-12,2009,Punjab Kings,Mumbai Indians,SuperSport Park,Punjab Kings,bat,25,0.6,156.96,149.36,5.2,8.203588429146832,23,0.4782608695652174,147.82608695652175,140.6086956521739,5.826086956521739,7.477456647398844,0.1217391304347825,9.13391304347826,8.751304347826107,-0.6260869565217391,0.7261317817479878,0,5,2,0.4,5,2,0.4,0.0,3,3,0,1.0,7,151.85714285714286,0.5714285714285714,1,0,0,1
392223,2009-05-13,2009,Deccan Chargers,Delhi Capitals,Kingsmead,Deccan Chargers,field,24,0.3333333333333333,155.08333333333334,153.0,5.083333333333333,7.950920245398773,23,0.6086956521739131,145.7826086956522,148.82608695652175,5.956521739130435,7.829965688143347,-0.2753623188405797,9.300724637681157,4.173913043478251,-0.8731884057971016,0.120954557255426,0,5,2,0.4,5,4,0.8,-0.4,3,0,3,0.0,10,161.6,0.5,1,0,1,0
392224,2009-05-14,2009,Royal Challengers Bengaluru,Chennai Super Kings,Kingsmead,Chennai Super Kings,bat,25,0.36,141.6,148.44,4.16,7.895744680851064,25,0.6,160.84,150.8,5.72,7.990109501942777,-0.24,-19.24000000000001,-2.3600000000000136,-1.5599999999999996,-0.0943648210917125,1,5,3,0.6,5,5,1.0,-0.4,3,1,2,0.3333333333333333,11,162.63636363636363,0.45454545454545453,0,1,0,1
392225,2009-05-14,2009,Mumbai Indians,Rajasthan Royals,Kingsmead,Rajasthan Royals,bat,24,0.5,146.75,139.54166666666666,5.833333333333333,7.40110497237569,26,0.6923076923076923,150.96153846153845,144.53846153846155,6.153846153846154,7.458815745947734,-0.1923076923076923,-4.211538461538453,-4.99679487179489,-0.3205128205128211,-0.0577107735720439,0,5,2,0.4,5,3,0.6,-0.19999999999999996,2,1,1,0.5,12,159.83333333333334,0.5,0,1,0,1
392226,2009-05-15,2009,Delhi Capitals,Punjab Kings,OUTsurance Oval,Punjab Kings,field,24,0.625,146.91666666666666,149.20833333333334,6.083333333333333,7.838744983582634,26,0.5769230769230769,155.5,148.30769230769232,5.076923076923077,8.17815482502651,0.0480769230769231,-8.583333333333343,0.900641025641022,1.0064102564102564,-0.3394098414438762,0,5,4,0.8,5,2,0.4,0.4,3,1,2,0.3333333333333333,0,0.0,0.5,0,1,1,0
392227,2009-05-16,2009,Chennai Super Kings,Mumbai Indians,St George's Park,Mumbai Indians,bat,26,0.5769230769230769,159.6153846153846,149.8846153846154,5.769230769230769,7.928789420142421,25,0.48,146.6,139.64,5.84,7.3883597883597885,0.0969230769230768,13.01538461538462,10.2446153846154,-0.0707692307692307,0.5404296317826329,1,5,4,0.8,5,2,0.4,0.4,3,1,2,0.3333333333333333,6,161.0,0.5,0,1,0,1
392228,2009-05-16,2009,Deccan Chargers,Kolkata Knight Riders,New Wanderers Stadium,Deccan Chargers,field,25,0.32,155.32,153.76,5.12,7.9778623313732275,23,0.3043478260869565,141.8695652173913,137.04347826086956,4.391304347826087,7.831055900621118,0.0156521739130434,13.45043478260868,16.716521739130428,0.7286956521739132,0.1468064307521093,1,5,2,0.4,5,0,0.0,0.4,3,1,2,0.3333333333333333,3,145.0,0.6666666666666666,1,0,1,0
392229,2009-05-17,2009,Deccan Chargers,Punjab Kings,New Wanderers Stadium,Deccan Chargers,field,26,0.3461538461538461,155.73076923076923,153.8846153846154,5.076923076923077,7.972766522749917,27,0.5925925925925926,154.2962962962963,147.0,5.185185185185185,8.07527975584944,-0.2464387464387464,1.4344729344729217,6.884615384615387,-0.1082621082621084,-0.1025132330995228,0,5,3,0.6,5,2,0.4,0.19999999999999996,3,0,3,0.0,4,148.75,0.75,1,0,1,0
392230,2009-05-17,2009,Delhi Capitals,Rajasthan Royals,OUTsurance Oval,Delhi Capitals,bat,25,0.6,145.84,148.08,6.0,7.777310924369748,27,0.7037037037037037,150.74074074074073,144.37037037037038,6.185185185185185,7.443666454487588,-0.1037037037037037,-4.90074074074073,3.709629629629632,-0.1851851851851851,0.3336444698821594,1,5,4,0.8,5,3,0.6,0.20000000000000007,4,1,3,0.25,1,120.0,1.0,1,0,0,1
392231,2009-05-18,2009,Chennai Super Kings,Kolkata Knight Riders,SuperSport Park,Chennai Super Kings,bat,27,0.5925925925925926,159.2962962962963,149.66666666666666,5.666666666666667,7.900293255131965,24,0.2916666666666667,142.625,138.125,4.291666666666667,7.846153846153846,0.3009259259259259,16.671296296296305,11.541666666666655,1.375,0.054139408978119,0,5,4,0.8,5,0,0.0,0.8,2,2,0,1.0,8,147.75,0.625,1,0,0,1
392232,2009-05-19,2009,Royal Challengers Bengaluru,Delhi Capitals,New Wanderers Stadium,Delhi Capitals,bat,26,0.3846153846153846,141.23076923076923,147.57692307692307,4.307692307692308,7.835942818243703,26,0.6153846153846154,146.0,147.3846153846154,6.115384615384615,7.725806451612903,-0.2307692307692307,-4.769230769230774,0.1923076923076792,-1.8076923076923077,0.1101363666308001,1,5,3,0.6,5,4,0.8,-0.20000000000000007,3,0,3,0.0,5,145.8,0.6,0,1,0,1
392233,2009-05-20,2009,Kolkata Knight Riders,Rajasthan Royals,Kingsmead,Kolkata Knight Riders,field,25,0.32,144.48,139.84,4.16,7.900564971751413,28,0.6785714285714286,150.21428571428572,144.53571428571428,6.071428571428571,7.443899448191294,-0.3585714285714286,-5.734285714285733,-4.695714285714274,-1.911428571428571,0.4566655235601189,1,5,1,0.2,5,2,0.4,-0.2,3,0,3,0.0,13,158.69230769230768,0.46153846153846156,1,0,1,0
392234,2009-05-20,2009,Chennai Super Kings,Punjab Kings,Kingsmead,Chennai Super Kings,bat,28,0.5714285714285714,160.32142857142858,150.92857142857142,5.535714285714286,7.951081843838193,28,0.6071428571428571,153.57142857142858,146.46428571428572,5.25,8.017595307917889,-0.0357142857142857,6.75,4.464285714285694,0.2857142857142856,-0.0665134640796951,1,5,3,0.6,5,3,0.6,0.0,4,4,0,1.0,14,154.57142857142858,0.5,1,0,0,1
392235,2009-05-21,2009,Delhi Capitals,Mumbai Indians,SuperSport Park,Delhi Capitals,field,27,0.5925925925925926,145.55555555555554,146.88888888888889,6.0,7.700970873786407,26,0.4615384615384615,146.6153846153846,139.46153846153845,5.730769230769231,7.374915254237288,0.131054131054131,-1.0598290598290705,7.427350427350433,0.2692307692307691,0.3260556195491197,1,5,3,0.6,5,2,0.4,0.19999999999999996,3,2,1,0.6666666666666666,9,152.22222222222223,0.6666666666666666,1,0,1,0
392236,2009-05-21,2009,Royal Challengers Bengaluru,Deccan Chargers,SuperSport Park,Royal Challengers Bengaluru,bat,27,0.4074074074074074,141.0,147.07407407407408,4.407407407407407,7.79136690647482,27,0.3333333333333333,154.88888888888889,153.11111111111111,5.111111111111111,7.922069626317469,0.074074074074074,-13.888888888888886,-6.037037037037038,-0.7037037037037033,-0.1307027198426498,1,5,3,0.6,5,2,0.4,0.19999999999999996,3,2,1,0.6666666666666666,10,153.5,0.7,1,0,0,1
392237,2009-05-22,2009,Delhi Capitals,Deccan Chargers,SuperSport Park,Deccan Chargers,field,28,0.6071428571428571,146.28571428571428,147.10714285714286,6.035714285714286,7.699065420560748,28,0.3214285714285714,155.0,153.67857142857142,5.071428571428571,7.941556444171024,0.2857142857142856,-8.714285714285722,-6.571428571428555,0.9642857142857144,-0.2424910236102757,0,5,3,0.6,5,2,0.4,0.19999999999999996,4,4,0,1.0,11,155.0,0.6363636363636364,0,1,1,0
392238,2009-05-23,2009,Royal Challengers Bengaluru,Chennai Super Kings,New Wanderers Stadium,Royal Challengers Bengaluru,field,28,0.4285714285714285,142.03571428571428,147.21428571428572,4.428571428571429,7.782252989301448,29,0.5862068965517241,158.79310344827587,148.79310344827587,5.620689655172414,7.824116047144153,-0.1576354679802955,-16.757389162561594,-1.5788177339901497,-1.1921182266009849,-0.041863057842705,1,5,4,0.8,5,3,0.6,0.20000000000000007,4,2,2,0.5,6,143.83333333333334,0.6666666666666666,1,0,1,0
392239,2009-05-24,2009,Royal Challengers Bengaluru,Deccan Chargers,New Wanderers Stadium,Royal Challengers Bengaluru,field,29,0.4482758620689655,142.27586206896552,147.06896551724137,4.448275862068965,7.759248029108551,29,0.3448275862068966,154.9655172413793,153.48275862068965,5.103448275862069,7.922278255710471,0.1034482758620689,-12.68965517241378,-6.413793103448285,-0.6551724137931041,-0.1630302266019194,0,5,5,1.0,5,2,0.4,0.6,4,3,1,0.75,7,144.14285714285714,0.7142857142857143,1,0,1,0
419106,2010-03-12,2009/10,Deccan Chargers,Kolkata Knight Riders,Dr DY Patil Sports Academy,Deccan Chargers,field,30,0.3666666666666666,154.56666666666666,152.63333333333333,5.233333333333333,7.869951303351475,26,0.3461538461538461,142.84615384615384,138.26923076923077,4.230769230769231,7.772972972972973,0.0205128205128204,11.720512820512823,14.364102564102552,1.0025641025641026,0.0969783303785023,0,5,3,0.6,5,2,0.4,0.19999999999999996,4,2,2,0.5,4,145.5,0.75,1,0,1,0
419107,2010-03-13,2009/10,Mumbai Indians,Rajasthan Royals,Brabourne Stadium,Mumbai Indians,bat,27,0.4444444444444444,147.2962962962963,140.44444444444446,5.7407407407407405,7.447463175122749,29,0.6551724137931034,148.51724137931035,142.9655172413793,6.0344827586206895,7.361941402781889,-0.210727969348659,-1.220945083014044,-2.521072796934845,-0.293742017879949,0.0855217723408605,1,5,2,0.4,5,1,0.2,0.2,3,1,2,0.3333333333333333,0,0.0,0.5,1,0,0,1
419108,2010-03-13,2009/10,Punjab Kings,Delhi Capitals,"Punjab Cricket Association Stadium, Mohali",Delhi Capitals,field,29,0.5862068965517241,151.44827586206895,145.24137931034485,5.310344827586207,7.924741298212606,29,0.5862068965517241,146.51724137931035,147.3448275862069,5.965517241379311,7.731604342581424,0.0,4.931034482758605,-2.103448275862064,-0.6551724137931032,0.1931369556311821,0,5,3,0.6,5,2,0.4,0.19999999999999996,4,3,1,0.75,7,185.28571428571428,0.42857142857142855,0,1,1,0
419109,2010-03-14,2009/10,Kolkata Knight Riders,Royal Challengers Bengaluru,Eden Gardens,Kolkata Knight Riders,field,27,0.3703703703703703,143.5185185185185,138.5185185185185,4.333333333333333,7.751295336787565,30,0.4333333333333333,142.1,146.86666666666667,4.5,7.734347571679345,-0.062962962962963,1.4185185185185103,-8.34814814814817,-0.1666666666666669,0.0169477651082194,1,5,3,0.6,5,4,0.8,-0.20000000000000007,4,2,2,0.5,7,139.85714285714286,0.7142857142857143,1,0,1,0
419110,2010-03-14,2009/10,Chennai Super Kings,Deccan Chargers,"MA Chidambaram Stadium, Chepauk",Deccan Chargers,bat,30,0.5666666666666667,158.36666666666667,148.7,5.566666666666666,7.821741671537112,31,0.3548387096774194,154.4193548387097,152.6451612903226,5.193548387096774,7.862641927443921,0.2118279569892472,3.9473118279570087,-3.945161290322602,0.3731182795698924,-0.0409002559068083,0,5,2,0.4,5,2,0.4,0.0,4,2,2,0.5,7,169.42857142857142,0.42857142857142855,0,1,0,1
419111,2010-03-15,2009/10,Rajasthan Royals,Delhi Capitals,"Sardar Patel Stadium, Motera",Delhi Capitals,field,30,0.6333333333333333,150.5,145.16666666666666,6.0,7.467847956559018,30,0.6,146.5,146.9,6.033333333333333,7.695576251455181,0.0333333333333333,4.0,-1.7333333333333485,-0.0333333333333332,-0.2277282948961634,0,5,1,0.2,5,3,0.6,-0.39999999999999997,5,3,2,0.6,0,0.0,0.5,0,1,1,0
419112,2010-03-16,2009/10,Royal Challengers Bengaluru,Punjab Kings,M Chinnaswamy Stadium,Punjab Kings,bat,31,0.4193548387096774,141.8709677419355,146.48387096774192,4.451612903225806,7.709677419354839,30,0.5666666666666667,151.13333333333333,145.1,5.266666666666667,7.8954050785973395,-0.1473118279569892,-9.262365591397838,1.3838709677419274,-0.8150537634408606,-0.1857276592425005,1,5,3,0.6,5,2,0.4,0.19999999999999996,4,1,3,0.25,7,156.14285714285714,0.5714285714285714,0,1,0,1
419113,2010-03-16,2009/10,Kolkata Knight Riders,Chennai Super Kings,Eden Gardens,Chennai Super Kings,bat,28,0.3928571428571428,143.25,138.28571428571428,4.428571428571429,7.70547263681592,31,0.5483870967741935,158.38709677419354,149.8709677419355,5.419354838709677,7.87012987012987,-0.1555299539170506,-15.137096774193536,-11.58525345622121,-0.9907834101382482,-0.1646572333139495,0,5,4,0.8,5,2,0.4,0.4,3,1,2,0.3333333333333333,8,139.25,0.75,0,1,0,1
419114,2010-03-17,2009/10,Delhi Capitals,Mumbai Indians,Feroz Shah Kotla,Delhi Capitals,field,31,0.6129032258064516,146.3548387096774,146.70967741935485,5.967741935483871,7.673790776152981,28,0.4642857142857143,149.60714285714286,142.85714285714286,5.678571428571429,7.559055118110237,0.1486175115207373,-3.252304147465452,3.8525345622119858,0.2891705069124421,0.1147356580427443,0,5,3,0.6,5,2,0.4,0.19999999999999996,4,3,1,0.75,6,165.83333333333334,0.6666666666666666,1,0,1,0
419115,2010-03-18,2009/10,Royal Challengers Bengaluru,Rajasthan Royals,M Chinnaswamy Stadium,Royal Challengers Bengaluru,field,32,0.4375,143.8125,148.15625,4.40625,7.784893267651888,31,0.6129032258064516,150.19354838709677,144.93548387096774,5.935483870967742,7.484175458078845,-0.1754032258064516,-6.381048387096769,3.220766129032256,-1.529233870967742,0.3007178095730438,1,5,3,0.6,5,1,0.2,0.39999999999999997,4,1,3,0.25,8,162.0,0.625,1,0,1,0
419116,2010-03-19,2009/10,Delhi Capitals,Chennai Super Kings,Feroz Shah Kotla,Delhi Capitals,bat,32,0.59375,145.53125,148.8125,5.96875,7.772578890097933,32,0.5625,158.5625,148.4375,5.53125,7.79114270092947,0.03125,-13.03125,0.375,0.4375,-0.0185638108315364,0,5,3,0.6,5,2,0.4,0.19999999999999996,4,2,2,0.5,7,173.28571428571428,0.5714285714285714,1,0,0,1
419117,2010-03-19,2009/10,Deccan Chargers,Punjab Kings,Barabati Stadium,Punjab Kings,field,32,0.375,155.53125,152.84375,5.3125,7.865451621549182,31,0.5483870967741935,152.80645161290323,146.96774193548387,5.161290322580645,7.990646009938615,-0.1733870967741935,2.7247983870967687,5.876008064516128,0.1512096774193549,-0.1251943883894331,1,5,3,0.6,5,2,0.4,0.19999999999999996,4,0,4,0.0,0,0.0,0.5,0,1,1,0
419118,2010-03-20,2009/10,Rajasthan Royals,Kolkata Knight Riders,"Sardar Patel Stadium, Motera",Rajasthan Royals,bat,32,0.59375,148.375,143.3125,5.75,7.505728314238953,29,0.3793103448275862,142.06896551724137,139.10344827586206,4.379310344827586,7.7205741626794255,0.2144396551724138,6.306034482758633,4.209051724137936,1.3706896551724137,-0.2148458484404729,1,5,0,0.0,5,4,0.8,-0.8,4,3,1,0.75,1,141.0,1.0,1,0,0,1
419119,2010-03-20,2009/10,Mumbai Indians,Royal Challengers Bengaluru,Brabourne Stadium,Mumbai Indians,bat,29,0.4827586206896552,151.9655172413793,141.9655172413793,5.758620689655173,7.544899205864387,33,0.4545454545454545,142.27272727272728,146.3939393939394,4.515151515151516,7.6824807845216,0.0282131661442006,9.692789968652022,-4.428422152560103,1.243469174503657,-0.1375815786572136,0,5,2,0.4,5,3,0.6,-0.19999999999999996,4,2,2,0.5,1,212.0,0.0,1,0,0,1
419120,2010-03-21,2009/10,Deccan Chargers,Delhi Capitals,Barabati Stadium,Deccan Chargers,bat,33,0.3939393939393939,155.96969696969697,152.87878787878788,5.363636363636363,7.860296027005972,33,0.5757575757575758,146.72727272727272,150.0,5.909090909090909,7.834344500131891,-0.1818181818181818,9.24242424242425,2.878787878787876,-0.5454545454545459,0.0259515268740804,1,5,4,0.8,5,2,0.4,0.4,5,1,4,0.2,1,170.0,0.0,1,0,0,1
419121,2010-03-21,2009/10,Chennai Super Kings,Punjab Kings,"MA Chidambaram Stadium, Chepauk",Chennai Super Kings,field,33,0.5757575757575758,159.5151515151515,149.42424242424244,5.545454545454546,7.831127580730546,32,0.53125,153.15625,147.6875,5.15625,8.00790737079921,0.0445075757575758,6.358901515151501,1.7367424242424363,0.3892045454545458,-0.1767797900686636,0,5,3,0.6,5,1,0.2,0.39999999999999997,5,5,0,1.0,8,172.0,0.375,1,0,1,0
419122,2010-03-22,2009/10,Mumbai Indians,Kolkata Knight Riders,Brabourne Stadium,Kolkata Knight Riders,bat,30,0.4666666666666667,151.93333333333334,142.33333333333334,5.633333333333334,7.559752139274122,30,0.3666666666666666,141.8,139.9,4.433333333333334,7.736405529953917,0.1,10.133333333333326,2.433333333333337,1.2000000000000002,-0.1766533906797951,1,5,2,0.4,5,3,0.6,-0.19999999999999996,4,4,0,1.0,2,181.5,0.5,0,1,0,1
419123,2010-03-23,2009/10,Royal Challengers Bengaluru,Chennai Super Kings,M Chinnaswamy Stadium,Chennai Super Kings,field,34,0.4705882352941176,142.64705882352942,146.23529411764707,4.647058823529412,7.662984844592859,34,0.5588235294117647,159.08823529411765,149.26470588235293,5.588235294117647,7.803690415171706,-0.088235294117647,-16.441176470588232,-3.029411764705856,-0.9411764705882346,-0.1407055705788478,1,5,3,0.6,5,2,0.4,0.19999999999999996,5,3,2,0.6,9,154.22222222222223,0.6666666666666666,0,1,1,0
419124,2010-03-24,2009/10,Punjab Kings,Rajasthan Royals,"Punjab Cricket Association Stadium, Mohali",Punjab Kings,field,33,0.5454545454545454,152.93939393939394,147.45454545454547,5.242424242424242,7.9639934533551555,33,0.6060606060606061,148.96969696969697,142.9090909090909,5.696969696969697,7.473851030110935,-0.0606060606060606,3.969696969696969,4.545454545454561,-0.454545454545455,0.4901424232442206,0,5,1,0.2,5,1,0.2,0.0,4,2,2,0.5,8,179.875,0.5,1,0,1,0
419125,2010-03-25,2009/10,Chennai Super Kings,Mumbai Indians,"Brabourne Stadium, Mumbai",Mumbai Indians,field,35,0.5428571428571428,158.4,149.6,5.571428571428571,7.811039283938339,31,0.4838709677419355,152.06451612903226,142.4516129032258,5.548387096774194,7.550869193502422,0.0589861751152073,6.3354838709677495,7.148387096774201,0.0230414746543772,0.260170090435917,0,5,2,0.4,5,3,0.6,-0.19999999999999996,4,2,2,0.5,0,0.0,0.5,0,1,1,0
419128,2010-03-25,2009/10,Royal Challengers Bengaluru,Delhi Capitals,M Chinnaswamy Stadium,Royal Challengers Bengaluru,field,35,0.4857142857142857,143.45714285714286,145.77142857142857,4.685714285714286,7.62820832295041,34,0.5588235294117647,147.14705882352942,150.58823529411765,5.882352941176471,7.85476860138072,-0.073109243697479,-3.6899159663865646,-4.81680672268908,-1.196638655462185,-0.22656027843031,0,5,4,0.8,5,2,0.4,0.4,4,1,3,0.25,10,155.9,0.6,1,0,1,0
419126,2010-03-26,2009/10,Rajasthan Royals,Deccan Chargers,"Sardar Patel Stadium, Motera",Deccan Chargers,bat,34,0.6176470588235294,149.97058823529412,143.11764705882354,5.794117647058823,7.484234811586773,34,0.4117647058823529,156.41176470588235,153.02941176470588,5.411764705882353,7.861495844875346,0.2058823529411765,-6.441176470588232,-9.911764705882348,0.3823529411764701,-0.3772610332885735,1,5,2,0.4,5,4,0.8,-0.4,4,3,1,0.75,2,154.5,0.5,0,1,0,1
419127,2010-03-27,2009/10,Punjab Kings,Kolkata Knight Riders,"Punjab Cricket Association Stadium, Mohali",Kolkata Knight Riders,bat,34,0.5294117647058824,152.91176470588235,148.41176470588235,5.176470588235294,7.996830427892235,31,0.3548387096774194,142.2258064516129,140.4193548387097,4.387096774193548,7.759358288770054,0.174573055028463,10.685958254269451,7.992409867172682,0.7893738140417463,0.2374721391221808,0,5,1,0.2,5,2,0.4,-0.2,4,2,2,0.5,9,180.22222222222223,0.4444444444444444,0,1,0,1
419129,2010-03-28,2009/10,Rajasthan Royals,Chennai Super Kings,"Sardar Patel Stadium, Motera",Rajasthan Royals,bat,35,0.6285714285714286,150.0,143.14285714285714,5.8,7.475752300422781,36,0.5277777777777778,159.0,150.36111111111111,5.555555555555555,7.852514506769825,0.1007936507936507,-9.0,-7.218253968253975,0.2444444444444444,-0.3767622063470446,1,5,3,0.6,5,2,0.4,0.19999999999999996,5,3,2,0.6,3,152.33333333333334,0.6666666666666666,1,0,0,1
419130,2010-03-28,2009/10,Deccan Chargers,Mumbai Indians,Dr DY Patil Sports Academy,Deccan Chargers,field,35,0.4,156.17142857142858,152.85714285714286,5.285714285714286,7.8966789667896675,32,0.5,152.96875,143.5,5.4375,7.592174152659134,-0.0999999999999999,3.202678571428578,9.35714285714286,-0.1517857142857144,0.3045048141305333,0,5,3,0.6,5,4,0.8,-0.20000000000000007,4,3,1,0.75,5,148.6,0.6,1,0,1,0
419131,2010-03-29,2009/10,Delhi Capitals,Kolkata Knight Riders,Feroz Shah Kotla,Delhi Capitals,bat,35,0.5714285714285714,148.17142857142858,150.71428571428572,5.885714285714286,7.851649714710989,32,0.375,143.5,140.5,4.4375,7.738382099827883,0.1964285714285714,4.671428571428578,10.214285714285722,1.448214285714286,0.1132676148831057,1,5,2,0.4,5,2,0.4,0.0,3,2,1,0.6666666666666666,8,174.75,0.625,1,0,0,1
419132,2010-03-30,2009/10,Mumbai Indians,Punjab Kings,Brabourne Stadium,Mumbai Indians,field,33,0.5151515151515151,153.54545454545453,142.9090909090909,5.575757575757576,7.575903614457832,35,0.5142857142857142,152.65714285714284,149.17142857142858,5.171428571428572,8.019969278033795,0.0008658008658009,0.8883116883116884,-6.262337662337671,0.4043290043290044,-0.4440656635759632,1,5,4,0.8,5,1,0.2,0.6000000000000001,4,1,3,0.25,3,172.66666666666666,0.6666666666666666,1,0,1,0
419133,2010-03-31,2009/10,Chennai Super Kings,Royal Challengers Bengaluru,"MA Chidambaram Stadium, Chepauk",Royal Challengers Bengaluru,bat,37,0.5135135135135135,159.02702702702703,151.05405405405406,5.567567567567568,7.87922932330827,36,0.4722222222222222,144.08333333333334,146.77777777777777,4.611111111111111,7.670941204935882,0.0412912912912912,14.943693693693689,4.276276276276292,0.9564564564564568,0.2082881183723888,1,5,1,0.2,5,4,0.8,-0.6000000000000001,6,2,4,0.3333333333333333,9,168.0,0.3333333333333333,0,1,0,1
419134,2010-03-31,2009/10,Delhi Capitals,Rajasthan Royals,Feroz Shah Kotla,Delhi Capitals,bat,36,0.5833333333333334,148.97222222222223,150.19444444444446,5.944444444444445,7.81546615273428,36,0.6388888888888888,150.75,143.52777777777777,5.75,7.486597440231828,-0.0555555555555554,-1.7777777777777717,6.666666666666686,0.1944444444444446,0.3288687125024516,1,5,2,0.4,5,4,0.8,-0.4,6,3,3,0.5,9,175.0,0.5555555555555556,1,0,0,1
419135,2010-04-01,2009/10,Kolkata Knight Riders,Deccan Chargers,Eden Gardens,Kolkata Knight Riders,bat,33,0.3636363636363636,143.3030303030303,141.6060606060606,4.424242424242424,7.775374376039934,36,0.3888888888888889,155.47222222222223,153.36111111111111,5.333333333333333,7.915412186379928,-0.0252525252525252,-12.169191919191915,-11.75505050505052,-0.9090909090909092,-0.1400378103399946,1,5,1,0.2,5,3,0.6,-0.39999999999999997,5,3,2,0.6,9,142.0,0.6666666666666666,1,0,0,1
419136,2010-04-02,2009/10,Punjab Kings,Royal Challengers Bengaluru,"Punjab Cricket Association Stadium, Mohali",Punjab Kings,bat,36,0.5,152.94444444444446,149.52777777777777,5.194444444444445,8.028337061894108,37,0.4594594594594595,144.54054054054055,147.02702702702703,4.621621621621622,7.6872350447479985,0.0405405405405405,8.40390390390391,2.50075075075074,0.5728228228228227,0.3411020171461096,0,5,1,0.2,5,3,0.6,-0.39999999999999997,5,3,2,0.6,10,180.5,0.4,1,0,0,1
419137,2010-04-03,2009/10,Chennai Super Kings,Rajasthan Royals,"MA Chidambaram Stadium, Chepauk",Chennai Super Kings,bat,38,0.5263157894736842,159.10526315789474,151.28947368421052,5.5,7.88254113345521,37,0.6216216216216216,149.94594594594594,144.6216216216216,5.72972972972973,7.534850973949777,-0.0953058321479374,9.159317211948805,6.667852062588906,-0.2297297297297298,0.3476901595054329,1,5,1,0.2,5,4,0.8,-0.6000000000000001,6,2,4,0.3333333333333333,10,167.3,0.4,1,0,0,1
419138,2010-04-03,2009/10,Mumbai Indians,Deccan Chargers,Brabourne Stadium,Mumbai Indians,bat,34,0.5294117647058824,153.85294117647058,143.2058823529412,5.647058823529412,7.578210116731517,37,0.3783783783783784,155.51351351351352,154.0,5.351351351351352,7.941463414634146,0.1510333863275039,-1.660572337042936,-10.794117647058812,0.2957074721780603,-0.363253297902629,1,5,4,0.8,5,2,0.4,0.4,5,2,3,0.4,4,170.25,0.75,1,0,0,1
419139,2010-04-04,2009/10,Kolkata Knight Riders,Punjab Kings,Eden Gardens,Kolkata Knight Riders,bat,34,0.3823529411764705,144.41176470588235,142.0,4.441176470588236,7.774557165861514,37,0.4864864864864865,153.7027027027027,150.3783783783784,5.135135135135135,8.067665538907685,-0.1041335453100159,-9.29093799682036,-8.378378378378386,-0.6939586645468996,-0.293108373046171,0,5,2,0.4,5,1,0.2,0.2,5,3,2,0.6,10,145.9,0.6,1,0,0,1
419140,2010-04-04,2009/10,Delhi Capitals,Royal Challengers Bengaluru,Feroz Shah Kotla,Delhi Capitals,bat,37,0.5945945945945946,150.02702702702703,149.40540540540542,6.0,7.7914023960535586,38,0.4736842105263157,145.57894736842104,147.8421052631579,4.605263157894737,7.720568025652772,0.1209103840682788,4.448079658605991,1.5633001422475274,1.3947368421052628,0.070834370400787,1,5,3,0.6,5,3,0.6,0.0,5,4,1,0.8,10,176.3,0.5,1,0,0,1
419141,2010-04-05,2009/10,Deccan Chargers,Rajasthan Royals,"Vidarbha Cricket Association Stadium, Jamtha",Rajasthan Royals,bat,38,0.3684210526315789,154.44736842105263,154.57894736842104,5.342105263157895,7.964745762711864,38,0.6052631578947368,151.8684210526316,147.18421052631578,5.684210526315789,7.659895001141292,-0.2368421052631579,2.5789473684210407,7.39473684210526,-0.3421052631578947,0.304850761570572,0,5,1,0.2,5,3,0.6,-0.39999999999999997,5,1,4,0.2,0,0.0,0.5,0,1,0,1
419142,2010-04-06,2009/10,Chennai Super Kings,Mumbai Indians,"MA Chidambaram Stadium, Chepauk",Chennai Super Kings,bat,39,0.5384615384615384,161.33333333333334,152.87179487179486,5.487179487179487,7.9564056939501775,35,0.5428571428571428,154.54285714285714,142.31428571428572,5.742857142857143,7.537452711223202,-0.0043956043956043,6.790476190476198,10.557509157509145,-0.2556776556776556,0.4189529827269753,1,5,2,0.4,5,5,1.0,-0.6,5,2,3,0.4,11,174.45454545454547,0.36363636363636365,1,0,0,1
419143,2010-04-07,2009/10,Rajasthan Royals,Punjab Kings,Sawai Mansingh Stadium,Punjab Kings,bat,39,0.6153846153846154,152.05128205128204,147.35897435897436,5.769230769230769,7.662666666666666,38,0.5,155.02631578947367,151.6578947368421,5.078947368421052,8.120713950211368,0.1153846153846154,-2.9750337381916268,-4.298920377867745,0.690283400809717,-0.4580472835447011,1,5,3,0.6,5,1,0.2,0.39999999999999997,5,3,2,0.6,7,158.42857142857142,0.7142857142857143,0,1,0,1
419144,2010-04-07,2009/10,Kolkata Knight Riders,Delhi Capitals,Eden Gardens,Kolkata Knight Riders,bat,35,0.3714285714285714,146.0,143.68571428571428,4.371428571428571,7.866006256517205,38,0.6052631578947368,150.92105263157896,149.31578947368422,6.078947368421052,7.777930089102124,-0.2338345864661654,-4.921052631578959,-5.630075187969936,-1.7075187969924812,0.0880761674150809,1,5,2,0.4,5,4,0.8,-0.4,4,1,3,0.25,11,150.8181818181818,0.6363636363636364,1,0,0,1
419145,2010-04-08,2009/10,Royal Challengers Bengaluru,Deccan Chargers,M Chinnaswamy Stadium,Deccan Chargers,field,39,0.4615384615384615,145.6153846153846,148.64102564102564,4.564102564102564,7.753455193936692,39,0.358974358974359,154.51282051282053,154.53846153846155,5.435897435897436,7.958186619718309,0.1025641025641025,-8.897435897435912,-5.897435897435912,-0.8717948717948723,-0.2047314257816168,0,5,2,0.4,5,0,0.0,0.4,5,3,2,0.6,11,158.36363636363637,0.5454545454545454,0,1,1,0
419146,2010-04-09,2009/10,Punjab Kings,Mumbai Indians,"Punjab Cricket Association Stadium, Mohali",Mumbai Indians,bat,39,0.4871794871794871,154.97435897435898,151.74358974358975,4.974358974358975,8.166513339466421,36,0.5277777777777778,154.16666666666666,142.88888888888889,5.694444444444445,7.555446756425948,-0.0405982905982906,0.8076923076923208,8.854700854700866,-0.7200854700854702,0.6110665830404729,1,5,1,0.2,5,4,0.8,-0.6000000000000001,5,3,2,0.6,11,180.54545454545453,0.45454545454545453,0,1,0,1
419147,2010-04-10,2009/10,Deccan Chargers,Chennai Super Kings,"Vidarbha Cricket Association Stadium, Jamtha",Chennai Super Kings,bat,40,0.375,155.3,155.25,5.45,7.988850771869639,40,0.55,161.425,152.45,5.55,7.9263431542461,-0.175,-6.125,2.800000000000012,-0.0999999999999996,0.062507617623539,1,5,1,0.2,5,3,0.6,-0.39999999999999997,5,3,2,0.6,1,159.0,0.0,0,1,0,1
419148,2010-04-10,2009/10,Royal Challengers Bengaluru,Kolkata Knight Riders,M Chinnaswamy Stadium,Royal Challengers Bengaluru,field,40,0.45,146.575,149.525,4.525,7.797913950456324,36,0.3888888888888889,146.97222222222223,144.19444444444446,4.416666666666667,7.8731041456016175,0.0611111111111111,-0.3972222222222399,5.330555555555549,0.1083333333333333,-0.0751901951452937,1,5,1,0.2,5,3,0.6,-0.39999999999999997,5,2,3,0.4,12,160.5,0.5833333333333334,1,0,1,0
419149,2010-04-11,2009/10,Delhi Capitals,Punjab Kings,Feroz Shah Kotla,Delhi Capitals,bat,39,0.5897435897435898,151.33333333333334,150.10256410256412,5.974358974358975,7.81054036024016,40,0.5,155.05,151.725,5.05,8.149955237242615,0.0897435897435897,-3.716666666666669,-1.622435897435878,0.9243589743589746,-0.3394148770024552,0,5,4,0.8,5,2,0.4,0.4,5,2,3,0.4,11,177.0,0.45454545454545453,1,0,0,1
419150,2010-04-11,2009/10,Rajasthan Royals,Mumbai Indians,Sawai Mansingh Stadium,Rajasthan Royals,field,40,0.625,152.175,147.45,5.75,7.65974025974026,37,0.5135135135135135,154.16216216216216,143.27027027027026,5.648648648648648,7.571054510830755,0.1114864864864865,-1.98716216216215,4.179729729729729,0.1013513513513517,0.0886857489095049,0,5,3,0.6,5,3,0.6,0.0,4,2,2,0.5,8,157.75,0.75,1,0,1,0
419151,2010-04-12,2009/10,Deccan Chargers,Royal Challengers Bengaluru,"Vidarbha Cricket Association Stadium, Jamtha",Royal Challengers Bengaluru,field,41,0.3902439024390244,154.90243902439025,154.70731707317074,5.487804878048781,7.955267558528428,41,0.4634146341463415,146.9512195121951,149.7560975609756,4.585365853658536,7.801778907242694,-0.073170731707317,7.951219512195138,4.951219512195138,0.9024390243902448,0.153488651285734,1,5,2,0.4,5,2,0.4,0.0,6,3,3,0.5,2,148.5,0.5,0,1,1,0
419152,2010-04-13,2009/10,Mumbai Indians,Delhi Capitals,Brabourne Stadium,Mumbai Indians,bat,38,0.5263157894736842,154.68421052631578,143.07894736842104,5.631578947368421,7.549641286739181,40,0.575,150.325,149.025,5.9,7.760034714688653,-0.0486842105263157,4.359210526315792,-5.946052631578965,-0.2684210526315791,-0.2103934279494721,1,5,3,0.6,5,3,0.6,0.0,5,2,3,0.4,5,171.8,0.6,1,0,0,1
419153,2010-04-13,2009/10,Chennai Super Kings,Kolkata Knight Riders,"MA Chidambaram Stadium, Chepauk",Kolkata Knight Riders,bat,41,0.5365853658536586,160.85365853658536,152.0731707317073,5.512195121951219,7.907419150285352,37,0.3783783783783784,147.32432432432432,144.59459459459458,4.378378378378378,7.908351810790835,0.1582069874752801,13.529334212261034,7.478576137112725,1.133816743572841,-0.0009326605054829,1,5,3,0.6,5,2,0.4,0.19999999999999996,4,3,1,0.75,12,173.66666666666666,0.3333333333333333,0,1,0,1
419154,2010-04-14,2009/10,Rajasthan Royals,Royal Challengers Bengaluru,Sawai Mansingh Stadium,Rajasthan Royals,bat,41,0.6097560975609756,151.8048780487805,148.0,5.7317073170731705,7.681012658227848,42,0.4523809523809524,146.73809523809524,149.6904761904762,4.595238095238095,7.790582403965303,0.1573751451800232,5.066782810685254,-1.690476190476204,1.1364692218350756,-0.1095697457374553,0,5,2,0.4,5,2,0.4,0.0,5,3,2,0.6,9,159.55555555555554,0.6666666666666666,1,0,0,1
419155,2010-04-15,2009/10,Chennai Super Kings,Delhi Capitals,"MA Chidambaram Stadium, Chepauk",Chennai Super Kings,bat,42,0.5476190476190477,160.42857142857142,151.61904761904762,5.571428571428571,7.876314162028447,41,0.5609756097560976,150.17073170731706,149.73170731707316,5.853658536585366,7.788961725523367,-0.0133565621370499,10.257839721254356,1.8873403019744612,-0.2822299651567945,0.0873524365050801,0,5,4,0.8,5,2,0.4,0.4,5,3,2,0.6,13,171.0,0.38461538461538464,1,0,0,1
419156,2010-04-16,2009/10,Punjab Kings,Deccan Chargers,Himachal Pradesh Cricket Association Stadium,Deccan Chargers,field,41,0.5121951219512195,154.0,150.6829268292683,5.121951219512195,8.082860880941997,42,0.4047619047619047,154.8095238095238,154.21428571428572,5.571428571428571,7.927784577723378,0.1074332171893147,-0.809523809523796,-3.5313588850174256,-0.4494773519163759,0.1550763032186184,0,5,3,0.6,5,3,0.6,0.0,5,4,1,0.8,0,0.0,0.5,0,1,1,0
419157,2010-04-17,2009/10,Royal Challengers Bengaluru,Mumbai Indians,M Chinnaswamy Stadium,Royal Challengers Bengaluru,field,43,0.4651162790697674,146.3953488372093,149.11627906976744,4.604651162790698,7.753325272067714,39,0.5384615384615384,155.4102564102564,142.94871794871796,5.615384615384615,7.532087367709976,-0.073345259391771,-9.014907573047113,6.167561121049488,-1.0107334525939171,0.2212379043577383,0,5,2,0.4,5,3,0.6,-0.19999999999999996,5,3,2,0.6,13,160.46153846153845,0.6153846153846154,1,0,1,0
419158,2010-04-17,2009/10,Kolkata Knight Riders,Rajasthan Royals,Eden Gardens,Rajasthan Royals,bat,38,0.3684210526315789,147.10526315789474,144.5,4.289473684210527,7.957971014492753,42,0.5952380952380952,151.28571428571428,147.5952380952381,5.690476190476191,7.694249069093918,-0.2268170426065163,-4.180451127819538,-3.095238095238102,-1.401002506265664,0.2637219453988351,1,5,2,0.4,5,2,0.4,0.0,5,1,4,0.2,12,153.33333333333334,0.5833333333333334,0,1,0,1
419159,2010-04-18,2009/10,Punjab Kings,Chennai Super Kings,Himachal Pradesh Cricket Association Stadium,Chennai Super Kings,field,42,0.5,154.47619047619048,151.1904761904762,5.119047619047619,8.104658583280154,43,0.5348837209302325,159.30232558139534,150.6279069767442,5.534883720930233,7.83034454966754,-0.0348837209302325,-4.826135105204855,0.5625692137320186,-0.415836101882614,0.2743140336126135,0,5,3,0.6,5,3,0.6,0.0,6,1,5,0.16666666666666666,1,174.0,1.0,0,1,1,0
419160,2010-04-18,2009/10,Delhi Capitals,Deccan Chargers,Feroz Shah Kotla,Deccan Chargers,bat,42,0.5714285714285714,149.28571428571428,148.83333333333334,5.904761904761905,7.73319587628866,43,0.4186046511627907,155.34883720930233,154.6046511627907,5.511627906976744,7.942652329749104,0.1528239202657806,-6.063122923588054,-5.77131782945736,0.3931339977851609,-0.2094564534604446,0,5,2,0.4,5,4,0.8,-0.4,6,4,2,0.6666666666666666,12,171.5,0.5,0,1,0,1
419161,2010-04-19,2009/10,Kolkata Knight Riders,Mumbai Indians,Eden Gardens,Mumbai Indians,bat,39,0.3846153846153846,146.74358974358975,144.15384615384616,4.384615384615385,7.918309859154929,40,0.55,156.3,142.65,5.7,7.506248629686473,-0.1653846153846154,-9.55641025641026,1.5038461538461547,-1.3153846153846152,0.4120612294684562,1,5,2,0.4,5,3,0.6,-0.19999999999999996,5,0,5,0.0,13,151.69230769230768,0.6153846153846154,0,1,0,1
419162,2010-04-21,2009/10,Royal Challengers Bengaluru,Mumbai Indians,Dr DY Patil Sports Academy,Mumbai Indians,bat,44,0.4545454545454545,146.11363636363637,149.97727272727272,4.590909090909091,7.791027154663518,41,0.5365853658536586,155.73170731707316,142.41463414634146,5.585365853658536,7.508358336905273,-0.082039911308204,-9.618070953436783,7.562638580931264,-0.9944567627494454,0.2826688177582452,0,5,2,0.4,5,3,0.6,-0.19999999999999996,6,3,3,0.5,6,152.5,0.5,0,1,0,1
419163,2010-04-22,2009/10,Chennai Super Kings,Deccan Chargers,Dr DY Patil Sports Academy,Chennai Super Kings,bat,44,0.5454545454545454,160.11363636363637,151.52272727272728,5.477272727272728,7.869761951603384,44,0.4318181818181818,155.11363636363637,154.0909090909091,5.5227272727272725,7.911318553092182,0.1136363636363635,5.0,-2.568181818181813,-0.0454545454545449,-0.0415566014887982,1,5,3,0.6,5,5,1.0,-0.4,6,2,4,0.3333333333333333,7,157.0,0.42857142857142855,1,0,0,1
419164,2010-04-24,2009/10,Royal Challengers Bengaluru,Deccan Chargers,Dr DY Patil Sports Academy,Deccan Chargers,bat,45,0.4444444444444444,146.17777777777778,150.6888888888889,4.5777777777777775,7.821222606689735,45,0.4222222222222222,153.9777777777778,153.53333333333333,5.533333333333333,7.877993158494869,0.0222222222222222,-7.800000000000011,-2.8444444444444343,-0.9555555555555556,-0.0567705518051342,1,5,2,0.4,5,4,0.8,-0.4,7,3,4,0.42857142857142855,8,155.125,0.375,0,1,0,1
419165,2010-04-25,2009/10,Chennai Super Kings,Mumbai Indians,Dr DY Patil Sports Academy,Chennai Super Kings,bat,45,0.5555555555555556,159.7111111111111,150.42222222222222,5.5777777777777775,7.811886901327179,42,0.5476190476190477,156.4047619047619,142.52380952380952,5.642857142857143,7.504387797743418,0.0079365079365079,3.3063492063492106,7.898412698412699,-0.0650793650793657,0.3074991035837602,1,5,3,0.6,5,4,0.8,-0.20000000000000007,6,3,3,0.5,9,147.0,0.4444444444444444,1,0,0,1
501198,2011-04-08,2011,Chennai Super Kings,Kolkata Knight Riders,"MA Chidambaram Stadium, Chepauk",Chennai Super Kings,bat,46,0.5652173913043478,159.8913043478261,150.17391304347825,5.586956521739131,7.792442188381274,40,0.4,146.45,143.775,4.45,7.878082191780821,0.1652173913043477,13.441304347826105,6.398913043478245,1.1369565217391306,-0.085640003399547,1,5,4,0.8,5,3,0.6,0.20000000000000007,5,4,1,0.8,14,166.78571428571428,0.42857142857142855,1,0,0,1
501199,2011-04-09,2011,Deccan Chargers,Rajasthan Royals,"Rajiv Gandhi International Stadium, Uppal",Rajasthan Royals,field,46,0.4130434782608695,152.41304347826087,152.02173913043478,5.434782608695652,7.849953227315248,43,0.5813953488372093,150.8372093023256,147.25581395348837,5.604651162790698,7.704725207868586,-0.1683518705763397,1.5758341759352843,4.765925176946411,-0.1698685540950455,0.1452280194466615,0,5,3,0.6,5,2,0.4,0.19999999999999996,6,1,5,0.16666666666666666,7,173.42857142857142,0.7142857142857143,0,1,1,0
501200,2011-04-09,2011,Kochi Tuskers Kerala,Royal Challengers Bengaluru,Nehru Stadium,Kochi Tuskers Kerala,bat,0,0.5,0.0,0.0,0.0,0.0,46,0.4565217391304347,144.8695652173913,149.17391304347825,4.695652173913044,7.749294184076793,0.0434782608695652,-144.8695652173913,-149.17391304347825,-4.695652173913044,-7.749294184076793,0,0,0,0.5,5,2,0.4,0.09999999999999998,0,0,0,0.5,0,0.0,0.5,1,0,0,1
501201,2011-04-10,2011,Delhi Capitals,Mumbai Indians,Feroz Shah Kotla,Delhi Capitals,bat,43,0.5581395348837209,148.93023255813952,148.69767441860466,5.906976744186046,7.719114688128772,43,0.5348837209302325,156.1627906976744,143.04651162790697,5.604651162790698,7.522625356706074,0.0232558139534884,-7.232558139534888,5.651162790697697,0.3023255813953485,0.1964893314226978,0,5,1,0.2,5,3,0.6,-0.39999999999999997,6,3,3,0.5,13,169.46153846153845,0.46153846153846156,1,0,0,1
501202,2011-04-10,2011,Pune Warriors,Punjab Kings,Dr DY Patil Sports Academy,Punjab Kings,bat,0,0.5,0.0,0.0,0.0,0.0,43,0.4883720930232558,155.34883720930233,152.09302325581396,5.093023255813954,8.142768209172027,0.0116279069767442,-155.34883720930233,-152.09302325581396,-5.093023255813954,-8.142768209172027,1,0,0,0.5,5,2,0.4,0.09999999999999998,0,0,0,0.5,10,149.1,0.4,0,1,0,1
501203,2011-04-11,2011,Kolkata Knight Riders,Deccan Chargers,Eden Gardens,Kolkata Knight Riders,bat,41,0.3902439024390244,146.5609756097561,143.97560975609755,4.439024390243903,7.870666666666667,47,0.4042553191489361,152.08510638297872,151.74468085106383,5.361702127659575,7.840234518138512,-0.0140114167099117,-5.524130773222623,-7.769071094966279,-0.9226777374156718,0.0304321485281544,1,5,2,0.4,5,2,0.4,0.0,6,4,2,0.6666666666666666,14,150.35714285714286,0.6428571428571429,1,0,0,1
501204,2011-04-12,2011,Rajasthan Royals,Delhi Capitals,Sawai Mansingh Stadium,Delhi Capitals,bat,44,0.5909090909090909,150.61363636363637,147.02272727272728,5.659090909090909,7.684418926945159,44,0.5454545454545454,147.70454545454547,147.47727272727272,5.795454545454546,7.677775586669297,0.0454545454545455,2.9090909090909065,-0.454545454545439,-0.1363636363636367,0.0066433402758621,1,5,2,0.4,5,1,0.2,0.2,7,3,4,0.42857142857142855,10,156.6,0.7,0,1,0,1
501205,2011-04-12,2011,Royal Challengers Bengaluru,Mumbai Indians,M Chinnaswamy Stadium,Mumbai Indians,field,47,0.4680851063829787,145.2340425531915,149.36170212765958,4.702127659574468,7.752622860298178,44,0.5454545454545454,154.86363636363637,141.95454545454547,5.659090909090909,7.477254588986432,-0.0773694390715666,-9.629593810444874,7.407156673114116,-0.9569632495164412,0.2753682713117458,0,5,3,0.6,5,3,0.6,0.0,7,3,4,0.42857142857142855,14,162.64285714285714,0.5714285714285714,0,1,1,0
501206,2011-04-13,2011,Punjab Kings,Chennai Super Kings,"Punjab Cricket Association Stadium, Mohali",Punjab Kings,field,44,0.4772727272727273,154.36363636363637,151.1818181818182,5.045454545454546,8.148632094732543,47,0.574468085106383,159.74468085106383,150.17021276595744,5.574468085106383,7.785990071704357,-0.0971953578336557,-5.381044487427459,1.0116054158607426,-0.529013539651837,0.3626420230281857,1,5,2,0.4,5,4,0.8,-0.4,7,1,6,0.14285714285714285,12,178.33333333333334,0.5,1,0,1,0
501207,2011-04-13,2011,Pune Warriors,Kochi Tuskers Kerala,Dr DY Patil Sports Academy,Kochi Tuskers Kerala,bat,1,1.0,113.0,108.0,7.0,5.445378151260504,1,0.0,161.0,158.0,4.0,8.464285714285714,1.0,-48.0,-50.0,3.0,-3.018907563025209,1,1,1,1.0,1,0,0.0,1.0,0,0,0,0.5,11,145.72727272727272,0.45454545454545453,0,1,0,1
501208,2011-04-14,2011,Deccan Chargers,Royal Challengers Bengaluru,"Rajiv Gandhi International Stadium, Uppal",Royal Challengers Bengaluru,field,48,0.3958333333333333,152.125,151.83333333333334,5.333333333333333,7.839368949444245,48,0.4583333333333333,145.125,149.20833333333334,4.625,7.751082251082251,-0.0625,7.0,2.625,0.708333333333333,0.0882866983619941,1,5,1,0.2,5,2,0.4,-0.2,8,4,4,0.5,8,168.875,0.75,0,1,1,0
501209,2011-04-15,2011,Rajasthan Royals,Kolkata Knight Riders,Sawai Mansingh Stadium,Kolkata Knight Riders,field,45,0.6,150.64444444444445,147.0222222222222,5.666666666666667,7.676658286598337,42,0.4047619047619047,146.95238095238096,144.0952380952381,4.5,7.85974025974026,0.1952380952380952,3.6920634920634825,2.926984126984109,1.166666666666667,-0.1830819731419231,0,5,2,0.4,5,3,0.6,-0.19999999999999996,6,4,2,0.6666666666666666,11,156.0909090909091,0.7272727272727273,0,1,1,0
501210,2011-04-15,2011,Mumbai Indians,Kochi Tuskers Kerala,Wankhede Stadium,Kochi Tuskers Kerala,field,45,0.5555555555555556,154.6,141.66666666666666,5.622222222222222,7.45323460639127,2,0.0,154.5,154.0,4.5,8.213333333333333,0.5555555555555556,0.0999999999999943,-12.333333333333345,1.1222222222222218,-0.7600987269420632,0,5,3,0.6,2,0,0.0,0.6,0,0,0,0.5,6,146.83333333333334,0.6666666666666666,0,1,1,0
501211,2011-04-16,2011,Chennai Super Kings,Royal Challengers Bengaluru,"MA Chidambaram Stadium, Chepauk",Chennai Super Kings,bat,48,0.5625,160.33333333333334,151.0625,5.520833333333333,7.833273316528628,49,0.4489795918367347,145.0612244897959,149.69387755102042,4.63265306122449,7.7701271186440675,0.1135204081632653,15.272108843537438,1.368622448979579,0.8881802721088432,0.0631461978845608,1,5,4,0.8,5,2,0.4,0.4,7,3,4,0.42857142857142855,15,165.86666666666667,0.4,1,0,0,1
501212,2011-04-16,2011,Deccan Chargers,Punjab Kings,"Rajiv Gandhi International Stadium, Uppal",Punjab Kings,field,49,0.4081632653061224,152.59183673469389,151.57142857142858,5.408163265306122,7.820638820638821,45,0.4888888888888889,155.22222222222223,151.93333333333334,5.022222222222222,8.174970107612594,-0.0807256235827664,-2.6303854875283434,-0.3619047619047535,0.3859410430838998,-0.3543312869737738,0,5,1,0.2,5,2,0.4,-0.2,6,2,4,0.3333333333333333,9,169.55555555555554,0.6666666666666666,0,1,1,0
501213,2011-04-17,2011,Pune Warriors,Delhi Capitals,Dr DY Patil Sports Academy,Delhi Capitals,field,2,1.0,132.0,126.0,6.5,6.3263598326359824,45,0.5333333333333333,147.77777777777777,147.37777777777777,5.755555555555556,7.678888460054034,0.4666666666666667,-15.777777777777771,-21.37777777777777,0.7444444444444445,-1.3525286274180512,0,2,2,1.0,5,1,0.2,0.8,0,0,0,0.5,12,145.91666666666666,0.5,0,1,1,0
501214,2011-04-17,2011,Kolkata Knight Riders,Rajasthan Royals,Eden Gardens,Kolkata Knight Riders,field,43,0.4186046511627907,147.25581395348837,144.27906976744185,4.488372093023256,7.853164556962025,46,0.5869565217391305,150.82608695652175,147.30434782608697,5.543478260869565,7.697084437712987,-0.1683518705763397,-3.5702730030333782,-3.025278058645114,-1.0551061678463096,0.1560801192490384,1,5,4,0.8,5,2,0.4,0.4,7,3,4,0.42857142857142855,15,151.2,0.6,1,0,1,0
501215,2011-04-18,2011,Kochi Tuskers Kerala,Chennai Super Kings,Nehru Stadium,Kochi Tuskers Kerala,field,3,0.3333333333333333,164.33333333333334,159.66666666666666,3.333333333333333,8.330434782608696,49,0.5714285714285714,160.79591836734693,151.22448979591837,5.551020408163265,7.8357419809658095,-0.238095238095238,3.5374149659864145,8.442176870748284,-2.217687074829932,0.4946928016428868,1,3,1,0.3333333333333333,5,4,0.8,-0.46666666666666673,0,0,0,0.5,1,161.0,1.0,1,0,1,0
501216,2011-04-19,2011,Delhi Capitals,Deccan Chargers,Feroz Shah Kotla,Deccan Chargers,bat,46,0.5434782608695652,148.69565217391303,148.19565217391303,5.739130434782608,7.714447378347794,50,0.4,152.84,151.72,5.34,7.842177808407994,0.1434782608695651,-4.144347826086971,-3.5243478260869665,0.3991304347826085,-0.1277304300602004,0,5,2,0.4,5,1,0.2,0.2,7,4,3,0.5714285714285714,14,164.14285714285714,0.5,0,1,0,1
501218,2011-04-20,2011,Mumbai Indians,Pune Warriors,Wankhede Stadium,Pune Warriors,bat,46,0.5434782608695652,155.19565217391303,142.52173913043478,5.543478260869565,7.498284407167365,3,0.6666666666666666,150.33333333333334,147.0,6.333333333333333,7.453521126760564,-0.1231884057971014,4.8623188405796895,-4.478260869565219,-0.7898550724637676,0.0447632804068014,1,5,3,0.6,3,2,0.6666666666666666,-0.06666666666666665,0,0,0,0.5,7,151.85714285714286,0.7142857142857143,0,1,0,1
501219,2011-04-20,2011,Kolkata Knight Riders,Kochi Tuskers Kerala,Eden Gardens,Kolkata Knight Riders,field,44,0.4318181818181818,145.8409090909091,142.8181818181818,4.568181818181818,7.80298013245033,4,0.5,157.0,152.25,3.25,8.174496644295303,-0.0681818181818181,-11.159090909090908,-9.431818181818189,1.3181818181818183,-0.3715165118449723,0,5,4,0.8,4,2,0.5,0.30000000000000004,0,0,0,0.5,16,146.8125,0.625,1,0,1,0
501220,2011-04-21,2011,Punjab Kings,Rajasthan Royals,"Punjab Cricket Association Stadium, Mohali",Rajasthan Royals,field,46,0.5,155.45652173913044,152.15217391304347,5.086956521739131,8.173219151420787,47,0.574468085106383,149.3404255319149,145.89361702127658,5.468085106382978,7.668592730661697,-0.074468085106383,6.1160962072155485,6.258556891766887,-0.3811285846438474,0.5046264207590898,1,5,2,0.4,5,2,0.4,0.0,6,2,4,0.3333333333333333,13,179.07692307692307,0.5384615384615384,0,1,1,0
501221,2011-04-22,2011,Mumbai Indians,Chennai Super Kings,Wankhede Stadium,Chennai Super Kings,field,47,0.5531914893617021,154.53191489361703,141.87234042553192,5.638297872340425,7.478130841121495,50,0.56,160.2,150.88,5.5,7.852879944482998,-0.0068085106382979,-5.668085106382961,-9.00765957446808,0.1382978723404253,-0.3747491033615029,1,5,3,0.6,5,3,0.6,0.0,7,3,4,0.42857142857142855,8,147.625,0.75,0,1,1,0
501222,2011-04-22,2011,Kolkata Knight Riders,Royal Challengers Bengaluru,Eden Gardens,Royal Challengers Bengaluru,field,45,0.4222222222222222,145.4,142.46666666666667,4.622222222222222,7.767770597738287,50,0.44,145.4,150.3,4.64,7.795643153526971,-0.0177777777777777,0.0,-7.833333333333343,-0.0177777777777778,-0.0278725557886838,0,5,3,0.6,5,2,0.4,0.19999999999999996,6,3,3,0.5,17,145.94117647058823,0.5882352941176471,0,1,1,0
501223,2011-04-23,2011,Delhi Capitals,Punjab Kings,Feroz Shah Kotla,Punjab Kings,field,47,0.5319148936170213,148.7659574468085,148.5531914893617,5.702127659574468,7.726300258207304,47,0.5106382978723404,156.29787234042553,152.0212765957447,5.127659574468085,8.153290224419932,0.0212765957446808,-7.531914893617028,-3.4680851063830005,0.5744680851063828,-0.4269899662126279,1,5,1,0.2,5,3,0.6,-0.39999999999999997,6,2,4,0.3333333333333333,15,164.4,0.4666666666666667,0,1,1,0
501224,2011-04-24,2011,Deccan Chargers,Mumbai Indians,"Rajiv Gandhi International Stadium, Uppal",Deccan Chargers,field,51,0.4117647058823529,153.13725490196077,151.58823529411765,5.372549019607843,7.830182309250506,48,0.5625,154.72916666666666,142.14583333333334,5.708333333333333,7.484095063985375,-0.150735294117647,-1.591911764705884,9.44240196078431,-0.3357843137254903,0.3460872452651307,0,5,2,0.4,5,4,0.8,-0.4,6,3,3,0.5,10,169.1,0.7,1,0,1,0
501225,2011-04-24,2011,Rajasthan Royals,Kochi Tuskers Kerala,Sawai Mansingh Stadium,Rajasthan Royals,field,48,0.5625,149.29166666666666,146.77083333333334,5.479166666666667,7.706472196900639,5,0.6,152.0,145.4,4.0,7.693121693121693,-0.0374999999999999,-2.708333333333343,1.3708333333333371,1.479166666666667,0.0133505037789456,1,5,2,0.4,5,3,0.6,-0.19999999999999996,0,0,0,0.5,12,156.33333333333334,0.75,1,0,1,0
501226,2011-04-25,2011,Chennai Super Kings,Pune Warriors,"MA Chidambaram Stadium, Chepauk",Pune Warriors,field,51,0.5490196078431373,160.11764705882354,151.09803921568627,5.470588235294118,7.857919782460911,4,0.5,142.25,139.25,5.5,7.03578947368421,0.0490196078431373,17.867647058823536,11.84803921568627,-0.0294117647058822,0.8221303087767007,1,5,2,0.4,4,2,0.5,-0.09999999999999998,0,0,0,0.5,16,166.9375,0.375,0,1,1,0
501227,2011-04-26,2011,Delhi Capitals,Royal Challengers Bengaluru,Feroz Shah Kotla,Royal Challengers Bengaluru,field,48,0.5416666666666666,150.47916666666666,149.625,5.708333333333333,7.775532298809095,51,0.4509803921568627,145.9803921568627,150.7058823529412,4.627450980392157,7.810975609756097,0.0906862745098038,4.498774509803923,-1.0808823529411882,1.0808823529411755,-0.0354433109470022,0,5,2,0.4,5,2,0.4,0.0,6,5,1,0.8333333333333334,16,168.5625,0.4375,0,1,1,0
501228,2011-04-27,2011,Pune Warriors,Chennai Super Kings,Dr DY Patil Sports Academy,Pune Warriors,bat,5,0.4,137.2,139.6,5.6,7.038655462184874,52,0.5576923076923077,159.76923076923077,150.3846153846154,5.5,7.814790139906729,-0.1576923076923077,-22.569230769230785,-10.784615384615392,0.0999999999999996,-0.7761346777218554,0,5,2,0.4,5,2,0.4,0.0,1,0,1,0.0,13,149.07692307692307,0.5384615384615384,1,0,0,1
501229,2011-04-27,2011,Kochi Tuskers Kerala,Deccan Chargers,Nehru Stadium,Kochi Tuskers Kerala,field,6,0.5,144.83333333333334,139.5,3.5,7.702453987730061,52,0.4038461538461538,152.78846153846155,151.92307692307693,5.346153846153846,7.842488418266049,0.0961538461538461,-7.955128205128204,-12.423076923076934,-1.8461538461538456,-0.1400344305359881,0,5,3,0.6,5,2,0.4,0.19999999999999996,0,0,0,0.5,2,146.0,1.0,1,0,1,0
501230,2011-04-28,2011,Delhi Capitals,Kolkata Knight Riders,Feroz Shah Kotla,Delhi Capitals,field,49,0.5306122448979592,150.6734693877551,149.6734693877551,5.714285714285714,7.775932143488249,46,0.4130434782608695,145.95652173913044,143.17391304347825,4.543478260869565,7.807943094250148,0.1175687666370896,4.716947648624654,6.49955634427684,1.170807453416149,-0.032010950761899,0,5,2,0.4,5,3,0.6,-0.19999999999999996,5,3,2,0.6,17,168.05882352941177,0.47058823529411764,1,0,1,0
501231,2011-04-29,2011,Rajasthan Royals,Mumbai Indians,Sawai Mansingh Stadium,Rajasthan Royals,field,49,0.5714285714285714,148.51020408163265,145.87755102040816,5.530612244897959,7.651739518287243,49,0.5714285714285714,155.08163265306123,141.89795918367346,5.6938775510204085,7.462969588550984,0.0,-6.571428571428584,3.9795918367346985,-0.1632653061224491,0.1887699297362592,1,5,2,0.4,5,4,0.8,-0.4,5,2,3,0.4,13,152.69230769230768,0.7692307692307693,1,0,1,0
501232,2011-04-29,2011,Royal Challengers Bengaluru,Pune Warriors,M Chinnaswamy Stadium,Pune Warriors,field,52,0.4615384615384615,146.26923076923077,150.80769230769232,4.634615384615385,7.8107569721115535,6,0.3333333333333333,137.83333333333334,140.16666666666666,5.0,7.087078651685393,0.1282051282051282,8.43589743589743,10.641025641025664,-0.365384615384615,0.7236783204261608,1,5,2,0.4,5,1,0.2,0.2,0,0,0,0.5,15,161.13333333333333,0.6,0,1,1,0
501233,2011-04-30,2011,Kochi Tuskers Kerala,Delhi Capitals,Nehru Stadium,Delhi Capitals,bat,7,0.4285714285714285,134.71428571428572,137.71428571428572,3.857142857142857,7.492227979274612,50,0.52,150.28,149.6,5.72,7.766049489531061,-0.0914285714285714,-15.56571428571428,-11.885714285714272,-1.8628571428571423,-0.2738215102564485,0,5,3,0.6,5,2,0.4,0.19999999999999996,0,0,0,0.5,3,140.33333333333334,0.6666666666666666,0,1,0,1
501234,2011-04-30,2011,Kolkata Knight Riders,Punjab Kings,Eden Gardens,Kolkata Knight Riders,field,47,0.425531914893617,146.0,142.85106382978722,4.595744680851064,7.775332947307469,48,0.5,157.25,153.625,5.104166666666667,8.22685013015991,-0.0744680851063829,-11.25,-10.773936170212778,-0.5084219858156027,-0.4515171828524407,1,5,3,0.6,5,3,0.6,0.0,6,3,3,0.5,18,147.33333333333334,0.6111111111111112,1,0,1,0
501235,2011-05-01,2011,Rajasthan Royals,Pune Warriors,Sawai Mansingh Stadium,Rajasthan Royals,field,50,0.58,147.44,144.78,5.58,7.586724890829695,7,0.2857142857142857,140.28571428571428,145.85714285714286,5.0,7.36298076923077,0.2942857142857142,7.15428571428572,-1.07714285714286,0.5800000000000001,0.2237441215989246,1,5,2,0.4,5,0,0.0,0.4,0,0,0,0.5,14,148.5,0.7857142857142857,1,0,1,0
501236,2011-05-01,2011,Chennai Super Kings,Deccan Chargers,"MA Chidambaram Stadium, Chepauk",Chennai Super Kings,bat,53,0.5660377358490566,159.49056603773585,150.18867924528303,5.509433962264151,7.798824297844546,53,0.4150943396226415,152.33962264150944,150.39622641509433,5.433962264150943,7.785446850073254,0.150943396226415,7.15094339622641,-0.2075471698113062,0.0754716981132075,0.0133774477712922,1,5,3,0.6,5,3,0.6,0.0,7,3,4,0.42857142857142855,17,165.47058823529412,0.35294117647058826,1,0,0,1
501237,2011-05-02,2011,Mumbai Indians,Punjab Kings,Wankhede Stadium,Punjab Kings,field,50,0.56,153.86,140.94,5.64,7.419196350236883,49,0.4897959183673469,156.46938775510205,152.91836734693877,5.040816326530612,8.20102152499088,0.0702040816326531,-2.609387755102034,-11.978367346938768,0.5991836734693878,-0.7818251747539966,1,5,3,0.6,5,3,0.6,0.0,6,2,4,0.3333333333333333,9,149.44444444444446,0.6666666666666666,0,1,1,0
501238,2011-05-02,2011,Delhi Capitals,Kochi Tuskers Kerala,Feroz Shah Kotla,Kochi Tuskers Kerala,field,51,0.5294117647058824,150.41176470588235,148.94117647058823,5.803921568627451,7.735234215885947,8,0.375,132.75,139.125,4.0,7.486547085201794,0.1544117647058823,17.661764705882348,9.816176470588232,1.8039215686274508,0.2486871306841527,0,5,2,0.4,5,2,0.4,0.0,1,1,0,1.0,18,166.94444444444446,0.4444444444444444,0,1,1,0
501239,2011-05-03,2011,Deccan Chargers,Kolkata Knight Riders,"Rajiv Gandhi International Stadium, Uppal",Deccan Chargers,field,54,0.4074074074074074,152.22222222222223,150.57407407407408,5.407407407407407,7.78955771994252,48,0.4375,145.45833333333334,142.33333333333334,4.5625,7.732880588568195,-0.0300925925925926,6.763888888888886,8.240740740740733,0.8449074074074074,0.0566771313743252,0,5,2,0.4,5,3,0.6,-0.19999999999999996,7,2,5,0.2857142857142857,11,169.36363636363637,0.6363636363636364,1,0,1,0
501240,2011-05-04,2011,Chennai Super Kings,Rajasthan Royals,"MA Chidambaram Stadium, Chepauk",Rajasthan Royals,bat,54,0.5740740740740741,159.59259259259258,150.07407407407408,5.537037037037037,7.787315823190262,51,0.5882352941176471,147.37254901960785,144.68627450980392,5.568627450980392,7.574679213002566,-0.014161220043573,12.220043572984736,5.3877995642701535,-0.0315904139433547,0.2126366101876957,1,5,3,0.6,5,3,0.6,0.0,7,3,4,0.42857142857142855,18,165.44444444444446,0.3333333333333333,0,1,0,1
501241,2011-05-04,2011,Pune Warriors,Mumbai Indians,Dr DY Patil Sports Academy,Pune Warriors,field,8,0.25,140.625,144.5,4.875,7.308746048472076,51,0.5686274509803921,153.9607843137255,140.62745098039215,5.686274509803922,7.39508506616257,-0.3186274509803921,-13.335784313725496,3.872549019607845,-0.8112745098039218,-0.0863390176904941,0,5,0,0.0,5,4,0.8,-0.8,1,0,1,0.0,14,148.5,0.5714285714285714,1,0,1,0
501242,2011-05-05,2011,Kochi Tuskers Kerala,Kolkata Knight Riders,Nehru Stadium,Kolkata Knight Riders,field,9,0.4444444444444444,133.66666666666666,139.0,4.222222222222222,7.41699604743083,49,0.4489795918367347,145.9387755102041,142.44897959183675,4.591836734693878,7.725511898173768,-0.0045351473922902,-12.272108843537438,-3.4489795918367463,-0.3696145124716556,-0.3085158507429382,1,5,2,0.4,5,3,0.6,-0.19999999999999996,1,1,0,1.0,4,144.5,0.5,0,1,1,0
501243,2011-05-05,2011,Deccan Chargers,Delhi Capitals,"Rajiv Gandhi International Stadium, Uppal",Delhi Capitals,field,55,0.4,152.16363636363636,150.83636363636364,5.381818181818182,7.798214005953314,52,0.5192307692307693,150.21153846153845,148.73076923076923,5.730769230769231,7.757271815446339,-0.1192307692307692,1.952097902097904,2.1055944055944167,-0.348951048951049,0.0409421905069748,0,5,2,0.4,5,2,0.4,0.0,8,4,4,0.5,12,169.33333333333334,0.5833333333333334,0,1,1,0
501244,2011-05-06,2011,Royal Challengers Bengaluru,Punjab Kings,M Chinnaswamy Stadium,Punjab Kings,field,53,0.4716981132075472,146.9245283018868,150.81132075471697,4.6415094339622645,7.8056640625,50,0.48,156.06,152.98,5.04,8.192431274544806,-0.0083018867924528,-9.135471698113207,-2.168679245283016,-0.3984905660377356,-0.3867672120448056,1,5,3,0.6,5,2,0.4,0.19999999999999996,6,3,3,0.5,16,162.375,0.5625,0,1,1,0
501245,2011-05-07,2011,Kolkata Knight Riders,Chennai Super Kings,Eden Gardens,Chennai Super Kings,bat,50,0.44,145.8,142.7,4.58,7.726042230644288,55,0.5818181818181818,159.4,149.92727272727274,5.545454545454546,7.774355751099937,-0.1418181818181818,-13.599999999999994,-7.227272727272748,-0.9654545454545458,-0.0483135204556486,1,5,3,0.6,5,4,0.8,-0.20000000000000007,6,1,5,0.16666666666666666,19,145.8421052631579,0.631578947368421,0,1,0,1
501246,2011-05-07,2011,Mumbai Indians,Delhi Capitals,Wankhede Stadium,Delhi Capitals,field,52,0.5769230769230769,154.07692307692307,140.51923076923077,5.6923076923076925,7.3820508503115,53,0.5283018867924528,150.75471698113208,149.1509433962264,5.69811320754717,7.772861356932153,0.048621190130624,3.322206095790989,-8.631712626995636,-0.0058055152394773,-0.3908105066206531,1,5,4,0.8,5,2,0.4,0.4,7,4,3,0.5714285714285714,10,150.4,0.6,0,1,1,0
501247,2011-05-08,2011,Royal Challengers Bengaluru,Kochi Tuskers Kerala,M Chinnaswamy Stadium,Kochi Tuskers Kerala,bat,54,0.4814814814814814,148.0,150.24074074074073,4.703703703703703,7.771072796934866,10,0.5,135.9,138.9,4.3,7.362190812720849,-0.0185185185185185,12.099999999999994,11.340740740740728,0.4037037037037034,0.408881984214017,1,5,4,0.8,5,2,0.4,0.4,1,1,0,1.0,17,164.88235294117646,0.5294117647058824,0,1,0,1
501248,2011-05-08,2011,Punjab Kings,Pune Warriors,"Punjab Cricket Association Stadium, Mohali",Punjab Kings,bat,51,0.4705882352941176,155.35294117647058,153.90196078431373,5.0588235294117645,8.230339042292904,9,0.2222222222222222,140.44444444444446,145.0,5.111111111111111,7.324602432179607,0.2483660130718954,14.908496732026125,8.90196078431373,-0.0522875816993462,0.9057366101132968,0,5,1,0.2,5,0,0.0,0.2,1,0,1,0.0,14,180.21428571428572,0.5,1,0,0,1
501249,2011-05-09,2011,Rajasthan Royals,Chennai Super Kings,Sawai Mansingh Stadium,Rajasthan Royals,field,52,0.5769230769230769,147.3653846153846,144.76923076923077,5.5,7.582340104079234,56,0.5714285714285714,158.58928571428572,148.32142857142858,5.482142857142857,7.757783312577833,0.0054945054945054,-11.22390109890111,-3.55219780219781,0.0178571428571432,-0.1754432084985984,0,5,3,0.6,5,4,0.8,-0.20000000000000007,8,4,4,0.5,15,148.13333333333333,0.8,1,0,1,0
501250,2011-05-10,2011,Deccan Chargers,Pune Warriors,"Rajiv Gandhi International Stadium, Uppal",Deccan Chargers,bat,56,0.3928571428571428,152.57142857142858,151.32142857142858,5.392857142857143,7.825765738032938,10,0.3,138.4,142.0,5.4,7.165685449957948,0.0928571428571428,14.171428571428578,9.321428571428584,-0.0071428571428571,0.6600802880749903,0,5,1,0.2,5,1,0.2,0.0,0,0,0,0.5,13,169.76923076923077,0.6153846153846154,1,0,0,1
501251,2011-05-10,2011,Punjab Kings,Mumbai Indians,"Punjab Cricket Association Stadium, Mohali",Mumbai Indians,field,52,0.4615384615384615,154.65384615384616,153.15384615384616,5.057692307692308,8.203261802575106,53,0.5849056603773585,154.52830188679246,140.60377358490567,5.754716981132075,7.380653681082866,-0.1233671988388969,0.1255442670536979,12.550072568940491,-0.6970246734397678,0.82260812149224,1,5,0,0.0,5,4,0.8,-0.8,7,4,3,0.5714285714285714,15,176.13333333333333,0.5333333333333333,0,1,1,0
501252,2011-05-11,2011,Rajasthan Royals,Royal Challengers Bengaluru,Sawai Mansingh Stadium,Royal Challengers Bengaluru,field,53,0.5660377358490566,147.0943396226415,145.69811320754718,5.433962264150943,7.624156656244858,55,0.4909090909090909,147.63636363636363,149.78181818181818,4.745454545454545,7.742481203007519,0.0751286449399656,-0.5420240137221128,-4.083704974271001,0.6885077186963979,-0.1183245467626612,0,5,3,0.6,5,5,1.0,-0.4,6,3,3,0.5,16,151.125,0.75,0,1,1,0
501253,2011-05-12,2011,Chennai Super Kings,Delhi Capitals,"MA Chidambaram Stadium, Chepauk",Chennai Super Kings,bat,57,0.5789473684210527,159.24561403508773,148.05263157894737,5.543859649122807,7.741018192936859,54,0.5185185185185185,150.66666666666666,149.64814814814815,5.666666666666667,7.792671166827387,0.0604288499025341,8.578947368421069,-1.5955165692007824,-0.1228070175438595,-0.051652973890528,1,5,4,0.8,5,2,0.4,0.4,6,3,3,0.5,19,164.47368421052633,0.3684210526315789,1,0,0,1
501254,2011-05-13,2011,Kochi Tuskers Kerala,Punjab Kings,Holkar Cricket Stadium,Punjab Kings,field,11,0.4545454545454545,134.9090909090909,137.72727272727272,4.0,7.506193228736581,53,0.4716981132075472,154.81132075471697,151.88679245283018,5.132075471698113,8.183666553710607,-0.0171526586620926,-19.902229845626067,-14.15951972555746,-1.132075471698113,-0.6774733249740255,0,5,2,0.4,5,1,0.2,0.2,0,0,0,0.5,0,0.0,0.5,0,1,1,0
501255,2011-05-14,2011,Royal Challengers Bengaluru,Kolkata Knight Riders,M Chinnaswamy Stadium,Royal Challengers Bengaluru,field,56,0.5,147.69642857142858,149.67857142857142,4.75,7.732472324723247,51,0.4509803921568627,144.13725490196077,142.07843137254903,4.549019607843137,7.679915209326974,0.0490196078431372,3.5591736694678104,7.600140056022383,0.2009803921568629,0.0525571153962731,1,5,5,1.0,5,4,0.8,0.19999999999999996,7,4,3,0.5714285714285714,18,162.66666666666666,0.5555555555555556,1,0,1,0
501256,2011-05-14,2011,Mumbai Indians,Deccan Chargers,Wankhede Stadium,Deccan Chargers,bat,54,0.5740740740740741,153.27777777777777,140.74074074074073,5.777777777777778,7.381029459371964,57,0.3859649122807017,152.28070175438597,151.0701754385965,5.368421052631579,7.819887997578325,0.1881091617933723,0.9970760233917986,-10.32943469785576,0.4093567251461989,-0.438858538206361,0,5,3,0.6,5,1,0.2,0.39999999999999997,7,4,3,0.5714285714285714,11,152.9090909090909,0.5454545454545454,0,1,0,1
501257,2011-05-15,2011,Punjab Kings,Delhi Capitals,Himachal Pradesh Cricket Association Stadium,Delhi Capitals,field,54,0.4814814814814814,155.2962962962963,152.2962962962963,5.12962962962963,8.193955496512787,55,0.509090909090909,150.8,150.0909090909091,5.618181818181818,7.809839167455062,-0.0276094276094275,4.496296296296293,2.2053872053872112,-0.4885521885521884,0.3841163290577256,1,5,2,0.4,5,2,0.4,0.0,7,4,3,0.5714285714285714,2,183.0,1.0,0,1,1,0
501258,2011-05-15,2011,Kochi Tuskers Kerala,Rajasthan Royals,Holkar Cricket Stadium,Kochi Tuskers Kerala,field,12,0.4166666666666667,138.5,141.16666666666666,4.0,7.6767371601208465,54,0.5555555555555556,147.07407407407408,145.75925925925927,5.351851851851852,7.642984301666937,-0.1388888888888889,-8.574074074074076,-4.592592592592609,-1.351851851851852,0.0337528584539095,1,5,2,0.4,5,2,0.4,0.0,1,0,1,0.0,1,178.0,1.0,1,0,1,0
501259,2011-05-16,2011,Pune Warriors,Deccan Chargers,Dr DY Patil Sports Academy,Deccan Chargers,field,11,0.3636363636363636,138.27272727272728,141.45454545454547,5.636363636363637,7.132161955691368,58,0.396551724137931,151.98275862068965,150.44827586206895,5.396551724137931,7.782964174223279,-0.0329153605015674,-13.71003134796237,-8.993730407523486,0.239811912225706,-0.6508022185319113,0,5,2,0.4,5,1,0.2,0.2,1,1,0,1.0,15,149.26666666666668,0.5333333333333333,0,1,1,0
501260,2011-05-17,2011,Punjab Kings,Royal Challengers Bengaluru,Himachal Pradesh Cricket Association Stadium,Punjab Kings,bat,55,0.4909090909090909,155.56363636363636,152.01818181818183,5.181818181818182,8.167697818300228,57,0.5087719298245614,146.94736842105263,148.52631578947367,4.7368421052631575,7.717411121239745,-0.0178628389154705,8.616267942583733,3.4918660287081598,0.4449760765550241,0.4502866970604833,1,5,3,0.6,5,5,1.0,-0.4,7,3,4,0.42857142857142855,3,178.66666666666666,0.6666666666666666,1,0,0,1
501261,2011-05-18,2011,Chennai Super Kings,Kochi Tuskers Kerala,"MA Chidambaram Stadium, Chepauk",Chennai Super Kings,bat,58,0.5862068965517241,159.5344827586207,148.06896551724137,5.551724137931035,7.735775409097733,13,0.4615384615384615,135.3846153846154,137.69230769230768,4.384615384615385,7.48432055749129,0.1246684350132625,24.14986737400531,10.376657824933687,1.1671087533156497,0.251454851606443,1,5,4,0.8,5,3,0.6,0.20000000000000007,1,0,1,0.0,20,165.05,0.35,1,0,0,1
501262,2011-05-19,2011,Pune Warriors,Kolkata Knight Riders,Dr DY Patil Sports Academy,Kolkata Knight Riders,field,12,0.3333333333333333,138.08333333333334,141.16666666666666,5.5,7.132631578947368,52,0.4423076923076923,143.07692307692307,141.3653846153846,4.557692307692308,7.690671316477768,-0.1089743589743589,-4.993589743589723,-0.198717948717956,0.9423076923076924,-0.5580397375303994,0,5,2,0.4,5,3,0.6,-0.19999999999999996,0,0,0,0.5,16,148.4375,0.5625,0,1,1,0
501263,2011-05-20,2011,Mumbai Indians,Rajasthan Royals,Wankhede Stadium,Mumbai Indians,bat,55,0.5636363636363636,152.76363636363635,140.56363636363636,5.781818181818182,7.365195300095268,55,0.5454545454545454,146.16363636363636,144.8,5.290909090909091,7.678611602121163,0.0181818181818181,6.599999999999994,-4.236363636363649,0.4909090909090912,-0.3134163020258951,0,5,3,0.6,5,1,0.2,0.39999999999999997,6,3,3,0.5,12,151.41666666666666,0.5,1,0,0,1
501264,2011-05-21,2011,Punjab Kings,Deccan Chargers,Himachal Pradesh Cricket Association Stadium,Punjab Kings,field,56,0.5,156.92857142857142,151.375,5.267857142857143,8.145739910313901,59,0.4067796610169492,151.74576271186442,150.1864406779661,5.440677966101695,7.764860522856725,0.0932203389830508,5.182808716707001,1.1885593220339103,-0.1728208232445514,0.3808793874571767,0,5,4,0.8,5,2,0.4,0.4,7,5,2,0.7142857142857143,4,192.0,0.5,1,0,1,0
501266,2011-05-22,2011,Royal Challengers Bengaluru,Chennai Super Kings,M Chinnaswamy Stadium,Royal Challengers Bengaluru,field,58,0.5,146.5,149.60344827586206,4.689655172413793,7.768128916741271,59,0.5932203389830508,159.40677966101694,147.91525423728814,5.52542372881356,7.721869930688689,-0.0932203389830508,-12.90677966101694,1.6881940385739256,-0.835768556399767,0.0462589860525826,1,5,4,0.8,5,4,0.8,0.0,8,4,4,0.5,19,158.78947368421052,0.5789473684210527,1,0,1,0
501267,2011-05-22,2011,Kolkata Knight Riders,Mumbai Indians,Eden Gardens,Mumbai Indians,field,53,0.4528301886792453,142.62264150943398,140.8679245283019,4.60377358490566,7.650896669513236,56,0.5535714285714286,152.41071428571428,140.44642857142858,5.678571428571429,7.400031362709739,-0.1007412398921833,-9.788072776280302,0.421495956873315,-1.0747978436657686,0.2508653068034974,0,5,3,0.6,5,2,0.4,0.19999999999999996,6,1,5,0.16666666666666666,20,144.25,0.65,0,1,1,0
501268,2011-05-24,2011,Royal Challengers Bengaluru,Chennai Super Kings,Wankhede Stadium,Chennai Super Kings,field,59,0.5084745762711864,146.20338983050848,149.16949152542372,4.745762711864407,7.740545294635004,60,0.5833333333333334,158.88333333333333,147.56666666666666,5.466666666666667,7.711424009290172,-0.0748587570621469,-12.67994350282484,1.6028248587570602,-0.7209039548022602,0.0291212853448321,0,5,4,0.8,5,3,0.6,0.20000000000000007,9,5,4,0.5555555555555556,13,150.0,0.5384615384615384,0,1,1,0
501269,2011-05-25,2011,Mumbai Indians,Kolkata Knight Riders,Wankhede Stadium,Mumbai Indians,field,57,0.5614035087719298,152.859649122807,141.0,5.649122807017544,7.422194859165769,54,0.4444444444444444,143.22222222222223,141.38888888888889,4.611111111111111,7.66694560669456,0.1169590643274853,9.637426900584783,-0.3888888888888857,1.038011695906433,-0.2447507475287915,1,5,2,0.4,5,2,0.4,0.0,7,6,1,0.8571428571428571,14,151.78571428571428,0.5714285714285714,1,0,1,0
501270,2011-05-27,2011,Royal Challengers Bengaluru,Mumbai Indians,"MA Chidambaram Stadium, Chepauk",Mumbai Indians,field,60,0.5,146.68333333333334,149.6,4.733333333333333,7.760230547550432,58,0.5689655172413793,152.77586206896552,141.06896551724137,5.655172413793103,7.419072087048512,-0.0689655172413793,-6.092528735632186,8.531034482758628,-0.9218390804597698,0.3411584605019193,1,5,3,0.6,5,2,0.4,0.19999999999999996,8,3,5,0.375,21,164.42857142857142,0.3333333333333333,0,1,1,0
501271,2011-05-28,2011,Chennai Super Kings,Royal Challengers Bengaluru,"MA Chidambaram Stadium, Chepauk",Chennai Super Kings,bat,61,0.5901639344262295,159.18032786885246,147.86885245901638,5.442622950819672,7.721500927379084,61,0.5081967213114754,147.31147540983608,149.44262295081967,4.786885245901639,7.747308781869687,0.081967213114754,11.86885245901638,-1.5737704918032875,0.6557377049180326,-0.0258078544906039,1,5,4,0.8,5,3,0.6,0.20000000000000007,10,5,5,0.5,22,165.36363636363637,0.3181818181818182,1,0,0,1
548306,2012-04-04,2012,Chennai Super Kings,Mumbai Indians,"MA Chidambaram Stadium, Chepauk",Mumbai Indians,field,62,0.5967741935483871,159.9193548387097,147.79032258064515,5.483870967741935,7.711881049235516,59,0.559322033898305,152.59322033898306,141.8135593220339,5.627118644067797,7.451684726139232,0.037452159650082,7.3261344997266065,5.976763258611243,-0.1432476763258616,0.2601963230962845,0,5,4,0.8,5,2,0.4,0.4,8,4,4,0.5,23,167.08695652173913,0.30434782608695654,0,1,1,0
548307,2012-04-05,2012,Kolkata Knight Riders,Delhi Capitals,Eden Gardens,Delhi Capitals,field,55,0.4363636363636363,143.29090909090908,141.45454545454547,4.618181818181818,7.663766212444591,56,0.5,150.625,150.41071428571428,5.625,7.820798514391829,-0.0636363636363636,-7.334090909090918,-8.95616883116881,-1.0068181818181818,-0.1570323019472388,0,5,2,0.4,5,1,0.2,0.2,6,3,3,0.5,21,145.71428571428572,0.6666666666666666,0,1,1,0
548308,2012-04-06,2012,Mumbai Indians,Pune Warriors,Wankhede Stadium,Mumbai Indians,field,60,0.5666666666666667,151.96666666666667,141.23333333333332,5.65,7.415985997666278,13,0.3076923076923077,136.53846153846155,139.3846153846154,5.307692307692308,7.129180327868853,0.2589743589743589,15.42820512820512,1.8487179487179333,0.3423076923076928,0.2868056697974248,0,5,3,0.6,5,2,0.4,0.19999999999999996,2,2,0,1.0,15,151.46666666666667,0.6,1,0,1,0
548309,2012-04-06,2012,Rajasthan Royals,Punjab Kings,Sawai Mansingh Stadium,Punjab Kings,field,56,0.5535714285714286,145.94642857142858,144.55357142857142,5.285714285714286,7.65725997162226,57,0.4912280701754385,156.21052631578948,152.05263157894737,5.2105263157894735,8.17127592708988,0.06234335839599,-10.264097744360896,-7.4990601503759535,0.0751879699248121,-0.5140159554676202,1,5,1,0.2,5,4,0.8,-0.6000000000000001,7,4,3,0.5714285714285714,17,150.8235294117647,0.7647058823529411,0,1,1,0
548310,2012-04-07,2012,Royal Challengers Bengaluru,Delhi Capitals,M Chinnaswamy Stadium,Delhi Capitals,field,62,0.5,147.30645161290323,150.2258064516129,4.790322580645161,7.783286908077994,57,0.5087719298245614,149.73684210526315,149.3859649122807,5.649122807017544,7.819100091827365,-0.0087719298245614,-2.430390492359919,0.8398415393321841,-0.8588002263723826,-0.0358131837493713,1,5,2,0.4,5,2,0.4,0.0,7,2,5,0.2857142857142857,20,157.25,0.6,0,1,1,0
548311,2012-04-07,2012,Deccan Chargers,Chennai Super Kings,Dr. Y.S. Rajasekhara Reddy ACA-VDCA Cricket Stadium,Deccan Chargers,field,60,0.4166666666666667,152.51666666666668,149.58333333333334,5.5,7.73595747737394,63,0.5873015873015873,159.15873015873015,147.22222222222223,5.428571428571429,7.697095435684647,-0.1706349206349206,-6.642063492063471,2.3611111111111143,0.0714285714285711,0.0388620416892928,0,5,3,0.6,5,3,0.6,0.0,8,4,4,0.5,0,0.0,0.5,1,0,1,0
548312,2012-04-08,2012,Rajasthan Royals,Kolkata Knight Riders,Sawai Mansingh Stadium,Kolkata Knight Riders,field,57,0.5614035087719298,146.73684210526315,144.75438596491227,5.333333333333333,7.659910258393934,56,0.4285714285714285,142.46428571428572,140.64285714285714,4.571428571428571,7.673920103929848,0.1328320802005012,4.272556390977428,4.111528822055135,0.7619047619047619,-0.0140098455359138,1,5,2,0.4,5,1,0.2,0.2,8,4,4,0.5,18,153.05555555555554,0.7222222222222222,0,1,1,0
548313,2012-04-08,2012,Pune Warriors,Punjab Kings,Subrata Roy Sahara Stadium,Pune Warriors,bat,14,0.3571428571428571,136.0,136.57142857142858,5.571428571428571,6.97386018237082,58,0.4827586206896552,156.27586206896552,152.58620689655172,5.189655172413793,8.189389265885255,-0.125615763546798,-20.275862068965523,-16.01477832512313,0.3817733990147784,-1.2155290835144354,1,5,3,0.6,5,3,0.6,0.0,2,2,0,1.0,0,0.0,0.5,1,0,0,1
548314,2012-04-09,2012,Deccan Chargers,Mumbai Indians,Dr. Y.S. Rajasekhara Reddy ACA-VDCA Cricket Stadium,Deccan Chargers,bat,61,0.4098360655737705,151.9672131147541,150.24590163934425,5.508196721311475,7.7658522807513055,61,0.5573770491803278,151.13114754098362,140.95081967213116,5.672131147540983,7.395068807339449,-0.1475409836065573,0.836065573770469,9.295081967213092,-0.1639344262295079,0.3707834734118567,0,5,3,0.6,5,3,0.6,0.0,8,4,4,0.5,1,193.0,0.0,1,0,0,1
548315,2012-04-10,2012,Royal Challengers Bengaluru,Kolkata Knight Riders,M Chinnaswamy Stadium,Royal Challengers Bengaluru,field,63,0.5079365079365079,147.46031746031747,149.984126984127,4.809523809523809,7.766301369863013,57,0.4210526315789473,142.4561403508772,141.05263157894737,4.543859649122807,7.683975788467666,0.0868838763575605,5.004177109440263,8.931495405179618,0.2656641604010019,0.0823255813953478,0,5,3,0.6,5,1,0.2,0.39999999999999997,8,5,3,0.625,21,157.23809523809524,0.5714285714285714,1,0,1,0
548316,2012-04-10,2012,Delhi Capitals,Chennai Super Kings,Feroz Shah Kotla,Delhi Capitals,field,58,0.5,149.51724137931035,149.44827586206895,5.672413793103448,7.81605049594229,64,0.59375,159.6875,146.765625,5.5,7.685531160507296,-0.09375,-10.170258620689651,2.6826508620689538,0.1724137931034484,0.1305193354349949,1,5,1,0.2,5,3,0.6,-0.39999999999999997,7,3,4,0.42857142857142855,19,165.52631578947367,0.47368421052631576,1,0,1,0
548317,2012-04-11,2012,Mumbai Indians,Rajasthan Royals,Wankhede Stadium,Rajasthan Royals,field,62,0.5645161290322581,150.98387096774192,140.88709677419354,5.725806451612903,7.385851183765501,58,0.5689655172413793,147.0344827586207,144.67241379310346,5.413793103448276,7.647880905362296,-0.0044493882091212,3.949388209121224,-3.7853170189099217,0.3120133481646272,-0.2620297215967948,1,5,3,0.6,5,3,0.6,0.0,7,3,4,0.42857142857142855,16,150.0625,0.5625,0,1,1,0
548318,2012-04-12,2012,Chennai Super Kings,Royal Challengers Bengaluru,"MA Chidambaram Stadium, Chepauk",Royal Challengers Bengaluru,bat,65,0.5846153846153846,158.92307692307693,146.2,5.430769230769231,7.6916228247673,64,0.5,147.078125,150.15625,4.859375,7.77088948787062,0.0846153846153846,11.844951923076934,-3.9562500000000114,0.571394230769231,-0.0792666631033194,1,5,3,0.6,5,2,0.4,0.19999999999999996,11,6,5,0.5454545454545454,24,164.79166666666666,0.3333333333333333,0,1,0,1
548319,2012-04-12,2012,Punjab Kings,Pune Warriors,"Punjab Cricket Association Stadium, Mohali",Punjab Kings,field,59,0.4745762711864407,156.0677966101695,152.6949152542373,5.186440677966102,8.185039370078739,15,0.4,138.0,136.66666666666666,5.6,6.96883852691218,0.0745762711864406,18.06779661016949,16.02824858757063,-0.4135593220338975,1.2162008431665583,1,5,2,0.4,5,3,0.6,-0.19999999999999996,3,0,3,0.0,16,175.3125,0.5,1,0,1,0
548320,2012-04-13,2012,Kolkata Knight Riders,Rajasthan Royals,Eden Gardens,Rajasthan Royals,bat,58,0.4310344827586206,142.8448275862069,140.70689655172413,4.620689655172414,7.653329165364177,59,0.559322033898305,147.42372881355934,145.45762711864407,5.423728813559322,7.681933462628673,-0.1282875511396843,-4.578901227352446,-4.750730566919941,-0.8030391583869081,-0.0286042972644962,1,5,1,0.2,5,3,0.6,-0.39999999999999997,9,4,5,0.4444444444444444,22,143.5,0.6818181818181818,0,1,0,1
548322,2012-04-14,2012,Pune Warriors,Chennai Super Kings,Subrata Roy Sahara Stadium,Chennai Super Kings,bat,16,0.375,136.5625,135.375,5.4375,6.946018172100482,66,0.5909090909090909,159.66666666666666,147.06060606060606,5.454545454545454,7.730784547988849,-0.2159090909090909,-23.104166666666657,-11.685606060606062,-0.0170454545454541,-0.784766375888367,1,5,2,0.4,5,3,0.6,-0.19999999999999996,2,0,2,0.0,1,166.0,0.0,0,1,0,1
548323,2012-04-15,2012,Kolkata Knight Riders,Punjab Kings,Eden Gardens,Kolkata Knight Riders,field,59,0.4406779661016949,142.74576271186442,140.52542372881356,4.610169491525424,7.632095734888003,60,0.4833333333333333,155.4,151.95,5.233333333333333,8.142601964870497,-0.0426553672316384,-12.65423728813559,-11.424576271186424,-0.6231638418079095,-0.5105062299824938,0,5,2,0.4,5,2,0.4,0.0,7,4,3,0.5714285714285714,23,142.95652173913044,0.6956521739130435,1,0,1,0
548324,2012-04-15,2012,Royal Challengers Bengaluru,Rajasthan Royals,M Chinnaswamy Stadium,Rajasthan Royals,bat,65,0.4923076923076923,147.96923076923076,151.03076923076924,4.861538461538461,7.811936339522546,60,0.55,147.15,145.21666666666667,5.4,7.666520017597888,-0.0576923076923077,0.8192307692307566,5.814102564102569,-0.5384615384615392,0.1454163219246584,0,5,2,0.4,5,3,0.6,-0.19999999999999996,7,4,3,0.5714285714285714,22,157.5909090909091,0.5454545454545454,0,1,0,1
548325,2012-04-16,2012,Mumbai Indians,Delhi Capitals,Wankhede Stadium,Delhi Capitals,field,63,0.5714285714285714,151.71428571428572,141.33333333333334,5.7936507936507935,7.405600221790962,59,0.5084745762711864,148.864406779661,148.74576271186442,5.6440677966101696,7.773250664304695,0.0629539951573849,2.849878934624712,-7.412429378531073,0.1495829970406239,-0.3676504425137326,0,5,3,0.6,5,2,0.4,0.19999999999999996,8,5,3,0.625,17,152.8235294117647,0.5294117647058824,0,1,1,0
548326,2012-04-17,2012,Rajasthan Royals,Deccan Chargers,Sawai Mansingh Stadium,Deccan Chargers,bat,61,0.5573770491803278,147.9344262295082,145.04918032786884,5.475409836065574,7.651772845200346,62,0.4032258064516129,151.74193548387098,150.0483870967742,5.5,7.751423413414803,0.1541512427287149,-3.8075092543627695,-4.999206768905367,-0.0245901639344259,-0.0996505682144563,1,5,3,0.6,5,3,0.6,0.0,7,6,1,0.8571428571428571,19,153.6315789473684,0.6842105263157895,0,1,0,1
548327,2012-04-17,2012,Royal Challengers Bengaluru,Pune Warriors,M Chinnaswamy Stadium,Pune Warriors,bat,66,0.4848484848484848,147.78787878787878,151.62121212121212,4.818181818181818,7.838381201044386,17,0.4117647058823529,137.7058823529412,136.47058823529412,5.411764705882353,6.991461577096937,0.0730837789661319,10.081996434937594,15.150623885918009,-0.5935828877005349,0.846919623947449,1,5,1,0.2,5,3,0.6,-0.39999999999999997,1,1,0,1.0,23,159.2173913043478,0.5217391304347826,0,1,0,1
548328,2012-04-18,2012,Punjab Kings,Kolkata Knight Riders,"Punjab Cricket Association Stadium, Mohali",Punjab Kings,bat,61,0.4918032786885246,155.04918032786884,151.50819672131146,5.262295081967213,8.109388710149165,60,0.4333333333333333,142.56666666666666,140.31666666666666,4.666666666666667,7.609822235613137,0.0584699453551912,12.482513661202177,11.1915300546448,0.5956284153005464,0.499566474536028,0,5,2,0.4,5,2,0.4,0.0,8,4,4,0.5,17,171.76470588235293,0.5294117647058824,1,0,0,1
548321,2012-04-19,2012,Delhi Capitals,Deccan Chargers,Feroz Shah Kotla,Deccan Chargers,bat,60,0.5166666666666667,147.93333333333334,147.73333333333332,5.7,7.71901306240929,63,0.3968253968253968,152.44444444444446,150.79365079365078,5.492063492063492,7.787949173384343,0.1198412698412699,-4.51111111111112,-3.060317460317464,0.207936507936508,-0.068936110975053,1,5,3,0.6,5,2,0.4,0.19999999999999996,9,5,4,0.5555555555555556,20,162.75,0.5,0,1,0,1
548330,2012-04-19,2012,Chennai Super Kings,Pune Warriors,"MA Chidambaram Stadium, Chepauk",Pune Warriors,field,67,0.582089552238806,159.59701492537314,147.16417910447765,5.388059701492537,7.734344358739705,18,0.3888888888888889,140.16666666666666,139.11111111111111,5.333333333333333,7.117006158218854,0.1932006633499171,19.430348258706488,8.053067993366511,0.054726368159204,0.6173382005208508,1,5,2,0.4,5,3,0.6,-0.19999999999999996,3,2,1,0.6666666666666666,25,166.4,0.36,0,1,1,0
548331,2012-04-20,2012,Punjab Kings,Royal Challengers Bengaluru,"Punjab Cricket Association Stadium, Mohali",Royal Challengers Bengaluru,field,62,0.4838709677419355,154.5483870967742,151.0483870967742,5.209677419354839,8.100043246360098,67,0.4925373134328358,148.3582089552239,152.01492537313433,4.8059701492537314,7.854755784061696,-0.0086663456909003,6.190178141550319,-0.9665382763601258,0.4037072701011075,0.2452874622984016,0,5,2,0.4,5,2,0.4,0.0,8,4,4,0.5,18,169.11111111111111,0.5555555555555556,0,1,1,0
548332,2012-04-21,2012,Chennai Super Kings,Rajasthan Royals,"MA Chidambaram Stadium, Chepauk",Rajasthan Royals,bat,68,0.5882352941176471,159.66176470588235,147.11764705882354,5.411764705882353,7.726090873986356,62,0.5645161290322581,148.7258064516129,145.83870967741936,5.419354838709677,7.686596769623123,0.0237191650853889,10.935958254269451,1.278937381404177,-0.0075901328273237,0.039494104363233,1,5,3,0.6,5,3,0.6,0.0,9,5,4,0.5555555555555556,26,166.30769230769232,0.34615384615384615,0,1,0,1
548333,2012-04-21,2012,Delhi Capitals,Pune Warriors,Feroz Shah Kotla,Delhi Capitals,field,61,0.5245901639344263,148.1639344262295,147.88524590163934,5.721311475409836,7.721255349500714,19,0.3684210526315789,140.73684210526315,140.3684210526316,5.315789473684211,7.172568354997759,0.1561691113028473,7.427092320966352,7.516824849007747,0.4055220017256253,0.5486869945029547,0,5,4,0.8,5,2,0.4,0.4,1,1,0,1.0,21,162.47619047619048,0.5238095238095238,1,0,1,0
548334,2012-04-22,2012,Mumbai Indians,Punjab Kings,Wankhede Stadium,Mumbai Indians,bat,64,0.5625,150.78125,140.5,5.75,7.387648911406271,63,0.4761904761904761,154.68253968253967,151.28571428571428,5.206349206349207,8.10688970796711,0.0863095238095238,-3.9012896825396695,-10.785714285714278,0.5436507936507935,-0.7192407965608387,0,5,3,0.6,5,2,0.4,0.19999999999999996,8,3,5,0.375,18,149.44444444444446,0.5555555555555556,1,0,0,1
548335,2012-04-22,2012,Deccan Chargers,Kolkata Knight Riders,Barabati Stadium,Kolkata Knight Riders,field,64,0.390625,152.515625,150.96875,5.46875,7.798224374495561,61,0.4426229508196721,142.31147540983608,140.0327868852459,4.688524590163935,7.583900562296538,-0.0519979508196721,10.204149590163922,10.935963114754088,0.7802254098360653,0.2143238121990229,0,5,1,0.2,5,3,0.6,-0.39999999999999997,8,2,6,0.25,2,170.5,0.0,0,1,1,0
548336,2012-04-23,2012,Rajasthan Royals,Royal Challengers Bengaluru,Sawai Mansingh Stadium,Rajasthan Royals,field,63,0.5555555555555556,148.68253968253967,145.84126984126985,5.380952380952381,7.680133741989413,68,0.5,148.61764705882354,152.10294117647058,4.823529411764706,7.855443037974683,0.0555555555555555,0.0648926237161333,-6.261671335200731,0.5574229691876758,-0.1753092959852704,0,5,2,0.4,5,2,0.4,0.0,8,4,4,0.5,20,155.75,0.7,1,0,1,0
548337,2012-04-24,2012,Pune Warriors,Delhi Capitals,Subrata Roy Sahara Stadium,Pune Warriors,bat,20,0.4,143.3,141.85,5.35,7.240323266695023,62,0.5161290322580645,148.5483870967742,148.53225806451613,5.67741935483871,7.749509116409538,-0.1161290322580644,-5.248387096774195,-6.682258064516134,-0.3274193548387103,-0.5091858497145143,0,5,2,0.4,5,3,0.6,-0.19999999999999996,2,1,1,0.5,2,160.5,0.5,1,0,0,1
548339,2012-04-25,2012,Punjab Kings,Mumbai Indians,"Punjab Cricket Association Stadium, Mohali",Punjab Kings,bat,64,0.484375,154.828125,151.453125,5.1875,8.106774463339837,65,0.5538461538461539,150.96923076923076,140.86153846153846,5.723076923076923,7.40377358490566,-0.0694711538461538,3.8588942307692378,10.591586538461542,-0.5355769230769232,0.7030008784341772,0,5,3,0.6,5,2,0.4,0.19999999999999996,9,6,3,0.6666666666666666,19,168.78947368421052,0.5789473684210527,1,0,0,1
548341,2012-04-26,2012,Pune Warriors,Deccan Chargers,Subrata Roy Sahara Stadium,Deccan Chargers,bat,21,0.3809523809523809,143.42857142857142,141.9047619047619,5.142857142857143,7.306906416019616,65,0.3846153846153846,152.1076923076923,150.56923076923076,5.461538461538462,7.779809220985691,-0.0036630036630037,-8.679120879120887,-8.664468864468859,-0.3186813186813184,-0.4729028049660755,0,5,2,0.4,5,0,0.0,0.4,2,1,1,0.5,3,155.66666666666666,0.6666666666666666,0,1,0,1
548342,2012-04-27,2012,Delhi Capitals,Mumbai Indians,Feroz Shah Kotla,Mumbai Indians,field,63,0.5238095238095238,148.53968253968253,148.4126984126984,5.619047619047619,7.737931034482759,66,0.5606060606060606,151.27272727272728,141.27272727272728,5.681818181818182,7.419628647214854,-0.0367965367965367,-2.73304473304475,7.139971139971124,-0.062770562770563,0.3183023872679058,1,5,4,0.8,5,3,0.6,0.20000000000000007,9,4,5,0.4444444444444444,22,163.8181818181818,0.5,0,1,1,0
548343,2012-04-28,2012,Chennai Super Kings,Punjab Kings,"MA Chidambaram Stadium, Chepauk",Punjab Kings,bat,69,0.5942028985507246,159.47826086956522,147.05797101449275,5.391304347826087,7.717327924958804,65,0.4769230769230769,155.03076923076924,151.69230769230768,5.2,8.111888111888112,0.1172798216276476,4.447491638795981,-4.634336677814929,0.1913043478260867,-0.3945601869293078,0,5,3,0.6,5,2,0.4,0.19999999999999996,8,6,2,0.75,27,165.55555555555554,0.37037037037037035,0,1,0,1
548344,2012-04-28,2012,Kolkata Knight Riders,Royal Challengers Bengaluru,Eden Gardens,Kolkata Knight Riders,bat,62,0.4516129032258064,142.06451612903226,139.7741935483871,4.709677419354839,7.559755742948532,69,0.5072463768115942,149.20289855072463,151.8985507246377,4.855072463768116,7.841147132169576,-0.0556334735857877,-7.13838242169237,-12.124357176250584,-0.1453950444132772,-0.281391389221044,1,5,4,0.8,5,3,0.6,0.20000000000000007,9,4,5,0.4444444444444444,24,142.58333333333334,0.6666666666666666,1,0,0,1
548345,2012-04-29,2012,Delhi Capitals,Rajasthan Royals,Feroz Shah Kotla,Delhi Capitals,bat,64,0.53125,149.453125,148.75,5.65625,7.75033921302578,64,0.546875,148.59375,146.359375,5.34375,7.701013976431899,-0.015625,0.859375,2.390625,0.3125,0.0493252365938809,1,5,4,0.8,5,2,0.4,0.4,8,4,4,0.5,23,165.69565217391303,0.4782608695652174,1,0,0,1
548346,2012-04-29,2012,Mumbai Indians,Deccan Chargers,Wankhede Stadium,Mumbai Indians,field,67,0.5522388059701493,151.55223880597015,142.22388059701493,5.6716417910447765,7.46396866840731,66,0.3939393939393939,152.4848484848485,150.65151515151516,5.46969696969697,7.780125195618154,0.1582994120307553,-0.9326096788783502,-8.42763455450023,0.2019448213478067,-0.3161565272108433,1,5,2,0.4,5,1,0.2,0.2,9,5,4,0.5555555555555556,19,150.1578947368421,0.5789473684210527,1,0,1,0
548347,2012-04-30,2012,Chennai Super Kings,Kolkata Knight Riders,"MA Chidambaram Stadium, Chepauk",Chennai Super Kings,bat,70,0.5857142857142857,159.32857142857142,147.18571428571428,5.4,7.71856661256087,63,0.4603174603174603,142.82539682539684,139.79365079365078,4.73015873015873,7.551014575593027,0.1253968253968254,16.503174603174585,7.3920634920634996,0.6698412698412701,0.1675520369678427,0,5,3,0.6,5,4,0.8,-0.20000000000000007,7,5,2,0.7142857142857143,28,165.21428571428572,0.35714285714285715,1,0,0,1
548348,2012-05-01,2012,Deccan Chargers,Pune Warriors,Barabati Stadium,Deccan Chargers,bat,67,0.3880597014925373,151.70149253731344,149.8955223880597,5.462686567164179,7.748231966053748,22,0.3636363636363636,144.13636363636363,143.0909090909091,5.045454545454546,7.358005453837165,0.0244233378561736,7.565128900949816,6.80461329715061,0.4172320217096334,0.3902265122165831,1,5,1,0.2,5,1,0.2,0.0,3,2,1,0.6666666666666666,3,155.66666666666666,0.3333333333333333,1,0,0,1
548349,2012-05-01,2012,Rajasthan Royals,Delhi Capitals,Sawai Mansingh Stadium,Rajasthan Royals,bat,65,0.5384615384615384,148.63076923076923,146.36923076923077,5.3538461538461535,7.695335669991912,65,0.5384615384615384,149.4923076923077,148.7846153846154,5.6,7.747129506008011,0.0,-0.8615384615384585,-2.415384615384625,-0.2461538461538461,-0.0517938360160989,0,5,2,0.4,5,4,0.8,-0.4,9,4,5,0.4444444444444444,21,157.33333333333334,0.6666666666666666,1,0,0,1
548350,2012-05-02,2012,Royal Challengers Bengaluru,Punjab Kings,M Chinnaswamy Stadium,Punjab Kings,field,70,0.5,149.11428571428573,152.42857142857142,4.842857142857143,7.864864864864864,66,0.4848484848484848,155.04545454545453,151.6060606060606,5.227272727272728,8.098745447187374,0.0151515151515151,-5.9311688311688044,0.8225108225108215,-0.384415584415585,-0.2338805823225103,0,5,3,0.6,5,2,0.4,0.19999999999999996,9,5,4,0.5555555555555556,24,160.16666666666666,0.5416666666666666,0,1,1,0
548351,2012-05-03,2012,Pune Warriors,Mumbai Indians,Subrata Roy Sahara Stadium,Mumbai Indians,bat,23,0.3478260869565217,145.3913043478261,144.52173913043478,5.0,7.422404168217343,68,0.5588235294117647,150.80882352941177,141.5735294117647,5.735294117647059,7.432063818836851,-0.210997442455243,-5.417519181585675,2.948209718670085,-0.7352941176470589,-0.0096596506195076,0,5,1,0.2,5,2,0.4,-0.2,3,1,2,0.3333333333333333,4,161.0,0.5,0,1,0,1
548352,2012-05-04,2012,Chennai Super Kings,Deccan Chargers,"MA Chidambaram Stadium, Chepauk",Chennai Super Kings,bat,71,0.5774647887323944,159.04225352112675,147.0281690140845,5.394366197183099,7.706902916205242,68,0.3970588235294117,152.2058823529412,150.22058823529412,5.441176470588236,7.761175129796125,0.1804059652029826,6.836371168185565,-3.1924192212096045,-0.0468102734051365,-0.0542722135908828,1,5,2,0.4,5,2,0.4,0.0,9,5,4,0.5555555555555556,29,164.31034482758622,0.3793103448275862,1,0,0,1
548353,2012-05-05,2012,Kolkata Knight Riders,Pune Warriors,Eden Gardens,Kolkata Knight Riders,bat,64,0.46875,142.78125,139.734375,4.71875,7.538353470075864,24,0.3333333333333333,144.29166666666666,143.33333333333334,5.0,7.353045956537229,0.1354166666666666,-1.5104166666666572,-3.598958333333343,-0.28125,0.1853075135386355,1,5,4,0.8,5,1,0.2,0.6000000000000001,1,1,0,1.0,25,144.48,0.64,1,0,0,1
548354,2012-05-05,2012,Punjab Kings,Rajasthan Royals,"Punjab Cricket Association Stadium, Mohali",Rajasthan Royals,bat,67,0.4925373134328358,155.16417910447765,151.6865671641791,5.223880597014926,8.094782954998008,66,0.5303030303030303,148.5151515151515,146.21212121212122,5.333333333333333,7.709720372836218,-0.0377657168701944,6.649027589326124,5.474445952057891,-0.1094527363184072,0.3850625821617903,0,5,3,0.6,5,1,0.2,0.39999999999999997,8,3,5,0.375,20,168.75,0.6,0,1,0,1
548355,2012-05-06,2012,Mumbai Indians,Chennai Super Kings,Wankhede Stadium,Mumbai Indians,field,69,0.5652173913043478,150.36231884057972,141.2463768115942,5.739130434782608,7.40952863659402,72,0.5833333333333334,159.05555555555554,147.04166666666666,5.361111111111111,7.702437249909058,-0.0181159420289855,-8.693236714975825,-5.795289855072468,0.3780193236714977,-0.2929086133150376,1,5,3,0.6,5,3,0.6,0.0,9,5,4,0.5555555555555556,20,147.65,0.6,1,0,1,0
548356,2012-05-06,2012,Royal Challengers Bengaluru,Deccan Chargers,M Chinnaswamy Stadium,Royal Challengers Bengaluru,field,71,0.4929577464788732,149.2394366197183,152.54929577464787,4.816901408450704,7.868507083181983,69,0.391304347826087,152.17391304347825,150.28985507246378,5.449275362318841,7.761007858301109,0.1016533986527862,-2.9344764237599463,2.2594407021840937,-0.6323739538681368,0.1074992248808737,1,5,3,0.6,5,2,0.4,0.19999999999999996,9,4,5,0.4444444444444444,25,160.08,0.56,1,0,1,0
548357,2012-05-07,2012,Delhi Capitals,Kolkata Knight Riders,Feroz Shah Kotla,Delhi Capitals,bat,66,0.5454545454545454,149.4090909090909,148.63636363636363,5.606060606060606,7.734559789750329,65,0.4769230769230769,142.8923076923077,139.72307692307692,4.753846153846154,7.528599060513954,0.0685314685314684,6.51678321678321,8.913286713286709,0.8522144522144526,0.2059607292363745,0,5,4,0.8,5,5,1.0,-0.19999999999999996,7,4,3,0.5714285714285714,24,165.125,0.4583333333333333,1,0,0,1
548358,2012-05-08,2012,Pune Warriors,Rajasthan Royals,Subrata Roy Sahara Stadium,Pune Warriors,bat,25,0.32,144.24,143.36,5.0,7.346771438332764,67,0.5373134328358209,148.9402985074627,145.955223880597,5.373134328358209,7.689908256880733,-0.2173134328358208,-4.700298507462691,-2.59522388059699,-0.3731343283582093,-0.3431368185479693,0,5,0,0.0,5,1,0.2,-0.2,1,0,1,0.0,5,152.8,0.4,1,0,0,1
548359,2012-05-08,2012,Deccan Chargers,Punjab Kings,"Rajiv Gandhi International Stadium, Uppal",Deccan Chargers,field,70,0.3857142857142857,152.5857142857143,150.75714285714287,5.442857142857143,7.788191881918819,68,0.4852941176470588,154.85294117647058,152.02941176470588,5.235294117647059,8.105056840454724,-0.099579831932773,-2.267226890756291,-1.2722689075630171,0.2075630252100841,-0.3168649585359047,0,5,2,0.4,5,3,0.6,-0.19999999999999996,8,3,5,0.375,14,167.35714285714286,0.6428571428571429,1,0,1,0
548360,2012-05-09,2012,Mumbai Indians,Royal Challengers Bengaluru,Wankhede Stadium,Royal Challengers Bengaluru,field,70,0.5714285714285714,150.7,141.64285714285714,5.757142857142857,7.425112331502746,72,0.5,149.73611111111111,152.90277777777777,4.763888888888889,7.88327962764053,0.0714285714285714,0.9638888888888744,-11.259920634920633,0.9932539682539678,-0.4581672961377832,0,5,4,0.8,5,3,0.6,0.20000000000000007,9,5,4,0.5555555555555556,21,148.85714285714286,0.6190476190476191,0,1,1,0
548329,2012-05-10,2012,Deccan Chargers,Delhi Capitals,"Rajiv Gandhi International Stadium, Uppal",Deccan Chargers,bat,71,0.380281690140845,152.4788732394366,151.0,5.422535211267606,7.797090909090909,67,0.5373134328358209,149.46268656716418,148.5820895522388,5.582089552238806,7.735042735042735,-0.1570317426949758,3.016186672272425,2.4179104477611872,-0.1595543409711997,0.0620481740481739,0,5,1,0.2,5,4,0.8,-0.6000000000000001,10,4,6,0.4,15,167.53333333333333,0.6,1,0,0,1
548361,2012-05-10,2012,Rajasthan Royals,Chennai Super Kings,Sawai Mansingh Stadium,Chennai Super Kings,field,68,0.5441176470588235,148.60294117647058,145.5441176470588,5.367647058823529,7.662193548387096,73,0.5753424657534246,159.24657534246575,147.41095890410958,5.383561643835616,7.716744352814629,-0.0312248186946011,-10.643634165995168,-1.866841257050765,-0.0159145850120872,-0.0545508044275333,0,5,2,0.4,5,2,0.4,0.0,10,4,6,0.4,22,156.5909090909091,0.6818181818181818,0,1,1,0
548362,2012-05-11,2012,Pune Warriors,Royal Challengers Bengaluru,Subrata Roy Sahara Stadium,Pune Warriors,field,26,0.3076923076923077,143.5,142.69230769230768,4.923076923076923,7.358677685950413,73,0.5068493150684932,149.63013698630138,152.67123287671234,4.780821917808219,7.867984468761031,-0.1991570073761854,-6.13013698630138,-9.97892518440466,0.1422550052687041,-0.5093067828106177,0,5,0,0.0,5,3,0.6,-0.6,2,0,2,0.0,6,148.16666666666666,0.5,1,0,1,0
548363,2012-05-12,2012,Kolkata Knight Riders,Mumbai Indians,Eden Gardens,Mumbai Indians,bat,66,0.4848484848484848,143.06060606060606,139.87878787878788,4.7727272727272725,7.528132644740419,71,0.5633802816901409,150.56338028169014,141.61971830985917,5.690140845070423,7.429802955665025,-0.078531796841656,-7.502774221084081,-1.7409304310712912,-0.9174135723431504,0.0983296890753937,0,5,5,1.0,5,3,0.6,0.4,8,1,7,0.125,26,144.69230769230768,0.6153846153846154,0,1,0,1
548364,2012-05-12,2012,Chennai Super Kings,Delhi Capitals,"MA Chidambaram Stadium, Chepauk",Chennai Super Kings,field,74,0.581081081081081,158.8108108108108,147.04054054054055,5.391891891891892,7.692470837751856,68,0.5441176470588235,150.10294117647058,149.13235294117646,5.544117647058823,7.758990053557766,0.0369634340222575,8.707869634340227,-2.0918124006359164,-0.1522257551669312,-0.0665192158059104,1,5,2,0.4,5,4,0.8,-0.4,8,4,4,0.5,30,164.16666666666666,0.36666666666666664,1,0,1,0
548365,2012-05-13,2012,Rajasthan Royals,Pune Warriors,Sawai Mansingh Stadium,Rajasthan Royals,bat,69,0.5362318840579711,148.2753623188406,145.2753623188406,5.36231884057971,7.65288204606184,27,0.2962962962962963,143.2962962962963,143.66666666666666,4.814814814814815,7.400317965023848,0.2399355877616747,4.979066022544288,1.6086956521739353,0.5475040257648951,0.2525640810379927,1,5,2,0.4,5,0,0.0,0.4,2,2,0,1.0,23,155.2608695652174,0.6956521739130435,1,0,0,1
548366,2012-05-13,2012,Punjab Kings,Deccan Chargers,"Punjab Cricket Association Stadium, Mohali",Deccan Chargers,bat,69,0.4927536231884058,155.07246376811594,151.85507246376812,5.260869565217392,8.08799691238904,72,0.375,152.95833333333334,151.41666666666666,5.361111111111111,7.83377245508982,0.1177536231884058,2.114130434782595,0.438405797101467,-0.1002415458937191,0.2542244572992196,1,5,3,0.6,5,1,0.2,0.39999999999999997,9,6,3,0.6666666666666666,21,169.14285714285714,0.5714285714285714,0,1,0,1
548367,2012-05-14,2012,Royal Challengers Bengaluru,Mumbai Indians,M Chinnaswamy Stadium,Mumbai Indians,field,74,0.5135135135135135,149.94594594594594,152.43243243243242,4.837837837837838,7.852419074138531,72,0.5694444444444444,151.0,141.77777777777777,5.666666666666667,7.433009708737864,-0.0559309309309309,-1.0540540540540633,10.65465465465465,-0.8288288288288292,0.419409365400667,0,5,3,0.6,5,4,0.8,-0.20000000000000007,10,5,5,0.5,26,160.8846153846154,0.5769230769230769,0,1,1,0
548368,2012-05-14,2012,Kolkata Knight Riders,Chennai Super Kings,Eden Gardens,Chennai Super Kings,field,67,0.4776119402985074,143.23880597014926,140.47761194029852,4.7164179104477615,7.551751805295534,75,0.5866666666666667,158.22666666666666,146.57333333333332,5.386666666666667,7.663297316138027,-0.1090547263681592,-14.9878606965174,-6.095721393034808,-0.6702487562189052,-0.1115455108424932,0,5,4,0.8,5,3,0.6,0.20000000000000007,8,3,5,0.375,27,146.07407407407408,0.5925925925925926,0,1,1,0
548369,2012-05-15,2012,Delhi Capitals,Punjab Kings,Feroz Shah Kotla,Punjab Kings,bat,69,0.5362318840579711,149.57971014492753,148.63768115942028,5.478260869565218,7.755986891857828,70,0.5,155.62857142857143,152.31428571428572,5.242857142857143,8.104903078677308,0.036231884057971,-6.048861283643902,-3.6766045548654342,0.2354037267080748,-0.3489161868194808,1,5,3,0.6,5,4,0.8,-0.20000000000000007,8,3,5,0.375,25,164.64,0.48,0,1,0,1
548370,2012-05-16,2012,Mumbai Indians,Kolkata Knight Riders,Wankhede Stadium,Mumbai Indians,field,73,0.5753424657534246,151.3013698630137,142.15068493150685,5.6438356164383565,7.447607655502392,68,0.4705882352941176,143.4558823529412,140.7058823529412,4.705882352941177,7.555672545406686,0.1047542304593069,7.845487510072502,1.4448025785656569,0.93795326349718,-0.1080648899042939,0,5,4,0.8,5,3,0.6,0.20000000000000007,9,8,1,0.8888888888888888,22,148.5,0.6363636363636364,1,0,1,0
548371,2012-05-17,2012,Punjab Kings,Chennai Super Kings,Himachal Pradesh Cricket Association Stadium,Punjab Kings,field,71,0.4929577464788732,155.35211267605635,152.1267605633803,5.23943661971831,8.093668040464593,76,0.5921052631578947,158.25,146.69736842105263,5.381578947368421,7.665177036782399,-0.0991475166790214,-2.8978873239436496,5.429392142327657,-0.1421423276501112,0.4284910036821934,1,5,3,0.6,5,4,0.8,-0.20000000000000007,9,3,6,0.3333333333333333,5,193.2,0.4,1,0,1,0
548372,2012-05-17,2012,Delhi Capitals,Royal Challengers Bengaluru,Feroz Shah Kotla,Delhi Capitals,field,70,0.5428571428571428,149.44285714285715,148.4142857142857,5.485714285714286,7.739508318847778,75,0.5066666666666667,150.22666666666666,152.65333333333334,4.826666666666667,7.862424173057113,0.0361904761904761,-0.7838095238095093,-4.239047619047625,0.6590476190476187,-0.1229158542093351,0,5,3,0.6,5,3,0.6,0.0,8,5,3,0.625,26,163.53846153846155,0.5,1,0,1,0
548373,2012-05-18,2012,Deccan Chargers,Rajasthan Royals,"Rajiv Gandhi International Stadium, Uppal",Rajasthan Royals,bat,73,0.3698630136986301,153.46575342465752,151.91780821917808,5.36986301369863,7.855962219598583,70,0.5428571428571428,148.5857142857143,144.95714285714286,5.414285714285715,7.630279483644568,-0.1729941291585127,4.880039138943232,6.960665362035229,-0.0444227005870843,0.225682735954015,1,5,0,0.0,5,3,0.6,-0.6,8,1,7,0.125,16,168.75,0.625,0,1,0,1
548374,2012-05-19,2012,Punjab Kings,Delhi Capitals,Himachal Pradesh Cricket Association Stadium,Delhi Capitals,field,72,0.5,154.90277777777777,151.63888888888889,5.263888888888889,8.060538944259875,71,0.5352112676056338,150.07042253521126,149.35211267605635,5.422535211267606,7.783704428676291,-0.0352112676056337,4.832355242566507,2.2867762128325357,-0.1586463223787166,0.2768345155835838,0,5,3,0.6,5,2,0.4,0.19999999999999996,9,5,4,0.5555555555555556,6,181.0,0.5,0,1,1,0
548375,2012-05-19,2012,Pune Warriors,Kolkata Knight Riders,Subrata Roy Sahara Stadium,Kolkata Knight Riders,bat,28,0.2857142857142857,142.64285714285714,144.60714285714286,4.785714285714286,7.440735068912711,69,0.4782608695652174,143.40579710144928,140.20289855072463,4.782608695652174,7.525476468300273,-0.1925465838509317,-0.7629399585921419,4.404244306418235,0.0031055900621117,-0.0847413993875614,0,5,0,0.0,5,3,0.6,-0.6,2,0,2,0.0,7,151.71428571428572,0.42857142857142855,0,1,0,1
548376,2012-05-20,2012,Deccan Chargers,Royal Challengers Bengaluru,"Rajiv Gandhi International Stadium, Uppal",Royal Challengers Bengaluru,field,74,0.3783783783783784,153.1216216216216,151.52702702702703,5.391891891891892,7.832130384167637,76,0.5131578947368421,151.07894736842104,153.1578947368421,4.881578947368421,7.885288472394715,-0.1347795163584637,2.0426742532005733,-1.630867709815078,0.5103129445234709,-0.0531580882270787,1,5,1,0.2,5,4,0.8,-0.6000000000000001,10,5,5,0.5,17,166.23529411764707,0.6470588235294118,0,1,1,0
548377,2012-05-20,2012,Rajasthan Royals,Mumbai Indians,Sawai Mansingh Stadium,Rajasthan Royals,bat,71,0.5352112676056338,148.26760563380282,144.70422535211267,5.408450704225352,7.618835743418614,74,0.5675675675675675,150.71621621621622,142.04054054054055,5.648648648648648,7.437028301886793,-0.0323562999619337,-2.448610582413409,2.663684811572125,-0.2401979444232962,0.1818074415318209,0,5,3,0.6,5,3,0.6,0.0,8,4,4,0.5,24,155.875,0.6666666666666666,1,0,0,1
548378,2012-05-22,2012,Delhi Capitals,Kolkata Knight Riders,Subrata Roy Sahara Stadium,Kolkata Knight Riders,bat,72,0.5416666666666666,150.0,149.22222222222223,5.458333333333333,7.7723655654690145,70,0.4857142857142857,143.3,139.61428571428573,4.828571428571428,7.486020681731137,0.0559523809523809,6.699999999999989,9.6079365079365,0.6297619047619047,0.2863448837378772,0,5,3,0.6,5,3,0.6,0.0,8,4,4,0.5,8,149.75,0.375,0,1,0,1
548379,2012-05-23,2012,Chennai Super Kings,Mumbai Indians,M Chinnaswamy Stadium,Mumbai Indians,field,77,0.5844155844155844,157.75324675324674,146.35064935064935,5.363636363636363,7.6607749830047585,75,0.5733333333333334,150.88,142.29333333333332,5.64,7.445581395348838,0.011082251082251,6.873246753246747,4.057316017316026,-0.2763636363636363,0.2151935876559205,1,5,3,0.6,5,3,0.6,0.0,10,4,6,0.4,27,161.25925925925927,0.5925925925925926,0,1,1,0
548380,2012-05-25,2012,Delhi Capitals,Chennai Super Kings,"MA Chidambaram Stadium, Chepauk",Delhi Capitals,field,73,0.5342465753424658,149.91780821917808,149.36986301369862,5.424657534246576,7.775612075112908,78,0.5897435897435898,158.12820512820514,146.32051282051282,5.397435897435898,7.654594232059021,-0.0554970144011239,-8.210396909027054,3.049350193185802,0.0272216368106779,0.1210178430538864,0,5,2,0.4,5,4,0.8,-0.4,9,4,5,0.4444444444444444,31,162.5483870967742,0.3870967741935484,1,0,1,0
548381,2012-05-27,2012,Kolkata Knight Riders,Chennai Super Kings,"MA Chidambaram Stadium, Chepauk",Chennai Super Kings,bat,71,0.4929577464788732,143.56338028169014,139.54929577464787,4.873239436619718,7.474915126367408,79,0.5949367088607594,158.9367088607595,146.13924050632912,5.430379746835443,7.656681772963414,-0.1019789623818862,-15.373328579069351,-6.589944731681243,-0.5571403102157246,-0.1817666465960057,1,5,3,0.6,5,4,0.8,-0.20000000000000007,9,3,6,0.3333333333333333,32,164.40625,0.375,0,1,0,1
597998,2013-04-03,2013,Kolkata Knight Riders,Delhi Capitals,Eden Gardens,Kolkata Knight Riders,field,72,0.5,144.23611111111111,140.20833333333334,4.847222222222222,7.5027870680044595,74,0.527027027027027,149.72972972972974,150.33783783783784,5.405405405405405,7.821654558237638,-0.0270270270270269,-5.493618618618626,-10.129504504504496,-0.5581831831831829,-0.3188674902331785,1,5,4,0.8,5,2,0.4,0.4,9,5,4,0.5555555555555556,28,146.5,0.6071428571428571,1,0,1,0
597999,2013-04-04,2013,Royal Challengers Bengaluru,Mumbai Indians,M Chinnaswamy Stadium,Mumbai Indians,field,77,0.5064935064935064,150.71428571428572,152.80519480519482,4.909090909090909,7.864097137128216,76,0.5657894736842105,150.85526315789474,142.85526315789474,5.631578947368421,7.470412844036698,-0.059295967190704,-0.1409774436090174,9.949931647300076,-0.7224880382775121,0.3936842930915185,1,5,3,0.6,5,3,0.6,0.0,11,5,6,0.45454545454545453,28,162.17857142857142,0.5714285714285714,0,1,1,0
598000,2013-04-05,2013,Sunrisers Hyderabad,Pune Warriors,"Rajiv Gandhi International Stadium, Uppal",Pune Warriors,field,0,0.5,0.0,0.0,0.0,0.0,29,0.2758620689655172,141.24137931034485,144.13793103448276,4.758620689655173,7.409158050221566,0.2241379310344827,-141.24137931034485,-144.13793103448276,-4.758620689655173,-7.409158050221566,1,0,0,0.5,5,0,0.0,0.5,0,0,0,0.5,18,164.33333333333334,0.6111111111111112,0,1,1,0
598001,2013-04-06,2013,Delhi Capitals,Rajasthan Royals,Feroz Shah Kotla,Rajasthan Royals,bat,75,0.52,149.44,150.01333333333332,5.386666666666667,7.807772380291464,72,0.5277777777777778,148.45833333333334,144.93055555555554,5.333333333333333,7.636297109403586,-0.0077777777777777,0.9816666666666548,5.082777777777778,0.0533333333333336,0.1714752708878784,0,5,1,0.2,5,2,0.4,-0.2,10,6,4,0.6,27,165.44444444444446,0.48148148148148145,0,1,0,1
598002,2013-04-06,2013,Chennai Super Kings,Mumbai Indians,"MA Chidambaram Stadium, Chepauk",Mumbai Indians,bat,80,0.5875,159.325,146.7,5.425,7.683142389525368,77,0.5584415584415584,150.8961038961039,142.88311688311688,5.623376623376624,7.467420814479638,0.0290584415584416,8.42889610389608,3.8168831168831048,-0.1983766233766237,0.2157215750457304,0,5,3,0.6,5,2,0.4,0.19999999999999996,11,5,6,0.45454545454545453,33,165.1818181818182,0.3939393939393939,0,1,0,1
598003,2013-04-07,2013,Pune Warriors,Punjab Kings,Subrata Roy Sahara Stadium,Pune Warriors,bat,30,0.2666666666666666,140.0,143.5,4.8,7.369472182596292,73,0.4931506849315068,154.7123287671233,151.5205479452055,5.2465753424657535,8.057059609080977,-0.2264840182648401,-14.712328767123296,-8.020547945205493,-0.4465753424657537,-0.6875874264846846,0,5,0,0.0,5,3,0.6,-0.6,4,3,1,0.75,9,151.11111111111111,0.3333333333333333,1,0,0,1
598004,2013-04-07,2013,Sunrisers Hyderabad,Royal Challengers Bengaluru,"Rajiv Gandhi International Stadium, Uppal",Royal Challengers Bengaluru,bat,1,1.0,126.0,104.0,9.0,5.52212389380531,78,0.5128205128205128,150.78205128205127,152.75641025641025,4.897435897435898,7.858634714741123,0.4871794871794872,-24.78205128205127,-48.75641025641025,4.102564102564102,-2.3365108209358123,1,1,1,1.0,5,3,0.6,0.4,0,0,0,0.5,19,162.31578947368422,0.5789473684210527,0,1,0,1
598005,2013-04-08,2013,Rajasthan Royals,Kolkata Knight Riders,Sawai Mansingh Stadium,Kolkata Knight Riders,field,73,0.5342465753424658,148.68493150684932,145.06849315068493,5.328767123287672,7.637937252073566,73,0.5068493150684932,144.02739726027397,140.02739726027397,4.904109589041096,7.4859025997803,0.0273972602739726,4.657534246575352,5.041095890410958,0.4246575342465757,0.152034652293266,1,5,2,0.4,5,5,1.0,-0.6,10,5,5,0.5,25,156.12,0.68,0,1,1,0
598006,2013-04-09,2013,Mumbai Indians,Delhi Capitals,Wankhede Stadium,Mumbai Indians,bat,78,0.5641025641025641,150.85897435897436,142.82051282051282,5.666666666666667,7.459821428571429,76,0.5131578947368421,149.57894736842104,150.17105263157896,5.407894736842105,7.811772758384668,0.0509446693657219,1.280026990553324,-7.350539811066142,0.2587719298245616,-0.3519513298132395,1,5,2,0.4,5,1,0.2,0.2,10,5,5,0.5,23,148.1304347826087,0.6086956521739131,1,0,0,1
598048,2013-04-09,2013,Royal Challengers Bengaluru,Sunrisers Hyderabad,M Chinnaswamy Stadium,Sunrisers Hyderabad,bat,79,0.5063291139240507,150.70886075949366,152.59493670886076,4.911392405063292,7.842350645126314,2,1.0,138.0,124.0,8.5,6.225941422594142,-0.4936708860759493,12.70886075949366,28.59493670886076,-3.5886075949367084,1.6164092225321722,1,5,2,0.4,2,2,1.0,-0.6,1,0,1,0.0,29,161.9655172413793,0.5517241379310345,0,1,0,1
598007,2013-04-10,2013,Punjab Kings,Chennai Super Kings,"Punjab Cricket Association Stadium, Mohali",Chennai Super Kings,field,74,0.5,153.97297297297297,150.78378378378378,5.27027027027027,8.011008735192055,81,0.5802469135802469,159.07407407407408,146.679012345679,5.432098765432099,7.677544426494346,-0.0802469135802469,-5.101101101101108,4.104771438104763,-0.1618284951618287,0.3334643086977094,0,5,3,0.6,5,2,0.4,0.19999999999999996,10,4,6,0.4,22,170.0909090909091,0.5909090909090909,0,1,1,0
598008,2013-04-11,2013,Royal Challengers Bengaluru,Kolkata Knight Riders,M Chinnaswamy Stadium,Royal Challengers Bengaluru,field,80,0.5125,150.85,152.7,4.925,7.845017660280424,74,0.5,143.77027027027026,139.98648648648648,4.905405405405405,7.476723204619271,0.0124999999999999,7.079729729729735,12.713513513513504,0.0195945945945945,0.3682944556611529,1,5,3,0.6,5,4,0.8,-0.20000000000000007,10,5,5,0.5,30,161.93333333333334,0.5666666666666667,1,0,1,0
598009,2013-04-11,2013,Pune Warriors,Rajasthan Royals,Subrata Roy Sahara Stadium,Rajasthan Royals,bat,31,0.2580645161290322,138.67741935483872,142.09677419354838,4.709677419354839,7.38474434199497,74,0.5405405405405406,148.6216216216216,144.72972972972974,5.391891891891892,7.6200640341515475,-0.2824760244115083,-9.944202266782897,-2.632955536181356,-0.6822144725370531,-0.235319692156577,1,5,0,0.0,5,3,0.6,-0.6,3,0,3,0.0,10,145.9,0.4,0,1,0,1
598010,2013-04-12,2013,Delhi Capitals,Sunrisers Hyderabad,Feroz Shah Kotla,Delhi Capitals,bat,77,0.5064935064935064,149.7792207792208,150.85714285714286,5.3896103896103895,7.843349088453747,3,0.6666666666666666,145.66666666666666,136.33333333333334,6.666666666666667,7.113043478260869,-0.1601731601731602,4.112554112554136,14.523809523809518,-1.2770562770562774,0.730305610192878,0,5,0,0.0,3,2,0.6666666666666666,-0.6666666666666666,0,0,0,0.5,28,165.42857142857142,0.4642857142857143,1,0,0,1
598011,2013-04-13,2013,Mumbai Indians,Pune Warriors,Wankhede Stadium,Mumbai Indians,bat,79,0.569620253164557,151.59493670886076,143.0759493670886,5.69620253164557,7.468942731277534,32,0.28125,138.96875,142.09375,4.71875,7.375506893755069,0.288370253164557,12.626186708860756,0.9821993670886116,0.9774525316455698,0.093435837522465,1,5,3,0.6,5,1,0.2,0.39999999999999997,4,3,1,0.75,24,150.66666666666666,0.5833333333333334,1,0,0,1
598012,2013-04-13,2013,Chennai Super Kings,Royal Challengers Bengaluru,"MA Chidambaram Stadium, Chepauk",Chennai Super Kings,field,82,0.5853658536585366,158.82926829268294,146.5,5.475609756097561,7.664610803913229,81,0.5185185185185185,150.93827160493828,152.679012345679,4.950617283950617,7.841276550776709,0.066847335140018,7.890996687744661,-6.179012345679013,0.5249924721469439,-0.1766657468634802,1,5,3,0.6,5,3,0.6,0.0,12,7,5,0.5833333333333334,34,164.6764705882353,0.38235294117647056,1,0,1,0
598013,2013-04-14,2013,Kolkata Knight Riders,Sunrisers Hyderabad,Eden Gardens,Kolkata Knight Riders,bat,75,0.4933333333333333,143.90666666666667,140.22666666666666,4.866666666666666,7.49607982893799,4,0.75,138.0,130.25,7.0,6.72258064516129,-0.2566666666666666,5.906666666666666,9.97666666666666,-2.1333333333333337,0.7734991837766998,1,5,3,0.6,4,3,0.75,-0.15000000000000002,0,0,0,0.5,29,145.86206896551724,0.6206896551724138,1,0,0,1
598014,2013-04-14,2013,Rajasthan Royals,Punjab Kings,Sawai Mansingh Stadium,Rajasthan Royals,field,75,0.5333333333333333,148.57333333333332,144.74666666666667,5.36,7.622703335283791,75,0.4933333333333333,153.76,150.61333333333334,5.2,8.0104006618603,0.0399999999999999,-5.186666666666667,-5.866666666666674,0.1600000000000001,-0.3876973265765091,1,5,2,0.4,5,2,0.4,0.0,9,6,3,0.6666666666666666,26,155.65384615384616,0.6538461538461539,1,0,1,0
598015,2013-04-15,2013,Chennai Super Kings,Pune Warriors,"MA Chidambaram Stadium, Chepauk",Pune Warriors,bat,83,0.5903614457831325,158.9156626506024,146.710843373494,5.481927710843373,7.671356572868543,33,0.2727272727272727,139.06060606060606,143.33333333333334,4.666666666666667,7.431264728986646,0.3176341730558598,19.855056589996337,3.377510040160644,0.8152610441767063,0.2400918438818973,0,5,3,0.6,5,1,0.2,0.39999999999999997,4,3,1,0.75,35,164.68571428571428,0.4,0,1,0,1
598016,2013-04-16,2013,Punjab Kings,Kolkata Knight Riders,"Punjab Cricket Association Stadium, Mohali",Kolkata Knight Riders,field,76,0.4868421052631579,153.3684210526316,150.21052631578948,5.184210526315789,7.986009094088843,76,0.5,144.3815789473684,140.02631578947367,4.894736842105263,7.478566408995081,-0.013157894736842,8.986842105263179,10.184210526315807,0.2894736842105265,0.5074426850937614,1,5,2,0.4,5,3,0.6,-0.19999999999999996,9,4,5,0.4444444444444444,23,168.69565217391303,0.6086956521739131,0,1,1,0
598017,2013-04-16,2013,Royal Challengers Bengaluru,Delhi Capitals,M Chinnaswamy Stadium,Royal Challengers Bengaluru,field,82,0.5121951219512195,151.109756097561,152.82926829268294,4.963414634146342,7.84721352536005,78,0.5,149.32051282051282,150.3846153846154,5.397435897435898,7.818262608309265,0.0121951219512195,1.789243277048172,2.444652908067553,-0.4340212632895559,0.0289509170507846,1,5,3,0.6,5,0,0.0,0.6,9,4,5,0.4444444444444444,31,161.67741935483872,0.5806451612903226,1,0,1,0
598018,2013-04-17,2013,Pune Warriors,Sunrisers Hyderabad,Maharashtra Cricket Association Stadium,Pune Warriors,field,34,0.2941176470588235,139.64705882352942,143.08823529411765,4.764705882352941,7.410510281797411,5,0.6,136.8,139.4,6.0,7.148717948717949,-0.3058823529411764,2.8470588235294088,3.6882352941176464,-1.2352941176470589,0.2617923330794616,0,5,2,0.4,5,3,0.6,-0.19999999999999996,1,0,1,0.0,0,0.0,0.5,1,0,1,0
598019,2013-04-17,2013,Rajasthan Royals,Mumbai Indians,Sawai Mansingh Stadium,Rajasthan Royals,bat,76,0.5394736842105263,148.27631578947367,144.44736842105263,5.394736842105263,7.607761607761608,80,0.575,151.9875,143.05,5.7125,7.463478260869565,-0.0355263157894736,-3.7111842105263406,1.3973684210526187,-0.3177631578947375,0.1442833468920428,1,5,3,0.6,5,3,0.6,0.0,9,4,5,0.4444444444444444,27,154.4814814814815,0.6666666666666666,1,0,0,1
598020,2013-04-18,2013,Delhi Capitals,Chennai Super Kings,Feroz Shah Kotla,Chennai Super Kings,bat,79,0.4936708860759494,149.49367088607596,150.56962025316454,5.39240506329114,7.818799298860648,84,0.5833333333333334,158.63095238095238,146.78571428571428,5.476190476190476,7.671090833678972,-0.0896624472573839,-9.13728149487642,3.7839059674502655,-0.0837854128993367,0.1477084651816769,0,5,0,0.0,5,2,0.4,-0.4,10,4,6,0.4,29,163.6551724137931,0.4827586206896552,0,1,0,1
598021,2013-04-19,2013,Sunrisers Hyderabad,Punjab Kings,"Rajiv Gandhi International Stadium, Uppal",Punjab Kings,bat,6,0.6666666666666666,133.83333333333334,134.16666666666666,6.666666666666667,6.909871244635193,77,0.4935064935064935,153.41558441558442,150.15584415584416,5.220779220779221,7.976543635736461,0.1731601731601731,-19.58225108225108,-15.989177489177507,1.445887445887446,-1.0666723911012683,1,5,3,0.6,5,2,0.4,0.19999999999999996,0,0,0,0.5,20,160.7,0.6,0,1,0,1
598022,2013-04-20,2013,Kolkata Knight Riders,Chennai Super Kings,Eden Gardens,Kolkata Knight Riders,bat,77,0.4935064935064935,144.4935064935065,140.2077922077922,4.9480519480519485,7.4816354816354815,85,0.5882352941176471,158.7529411764706,146.03529411764706,5.517647058823529,7.639552774643554,-0.0947288006111535,-14.259434682964098,-5.8275019098548455,-0.5695951107715809,-0.1579172930080723,0,5,2,0.4,5,3,0.6,-0.19999999999999996,10,4,6,0.4,30,147.0,0.6,1,0,0,1
598023,2013-04-20,2013,Royal Challengers Bengaluru,Rajasthan Royals,M Chinnaswamy Stadium,Royal Challengers Bengaluru,field,83,0.5180722891566265,151.3012048192771,152.93975903614458,4.975903614457831,7.84548825710754,77,0.5454545454545454,148.67532467532467,143.71428571428572,5.441558441558442,7.572536496350366,-0.0273822562979189,2.625880143952429,9.225473321858855,-0.4656548271006109,0.2729517607571745,1,5,3,0.6,5,4,0.8,-0.20000000000000007,9,5,4,0.5555555555555556,32,161.375,0.59375,1,0,1,0
598024,2013-04-21,2013,Delhi Capitals,Mumbai Indians,Feroz Shah Kotla,Mumbai Indians,bat,80,0.4875,148.6625,150.75,5.3625,7.82439446366782,81,0.5679012345679012,151.2469135802469,143.40740740740742,5.666666666666667,7.478111587982833,-0.0804012345679012,-2.584413580246917,7.342592592592581,-0.3041666666666671,0.3462828756849871,1,5,0,0.0,5,3,0.6,-0.6,11,5,6,0.45454545454545453,30,163.83333333333334,0.4666666666666667,0,1,0,1
598025,2013-04-21,2013,Punjab Kings,Pune Warriors,"Punjab Cricket Association Stadium, Mohali",Punjab Kings,field,78,0.4871794871794871,153.02564102564102,149.7948717948718,5.217948717948718,7.957321225879682,35,0.2857142857142857,138.74285714285713,142.4,4.828571428571428,7.367331855136733,0.2014652014652014,14.282783882783889,7.39487179487179,0.3893772893772897,0.5899893707429493,1,5,2,0.4,5,2,0.4,0.0,5,2,3,0.4,24,168.20833333333334,0.5833333333333334,1,0,1,0
598026,2013-04-22,2013,Chennai Super Kings,Rajasthan Royals,"MA Chidambaram Stadium, Chepauk",Rajasthan Royals,bat,86,0.5930232558139535,158.34883720930233,145.6860465116279,5.534883720930233,7.617185125139326,78,0.5384615384615384,148.26923076923077,143.3846153846154,5.410256410256411,7.5610140845070415,0.0545617173524151,10.079606440071558,2.3014311270125063,0.124627310673822,0.0561710406322841,1,5,4,0.8,5,3,0.6,0.20000000000000007,11,7,4,0.6363636363636364,36,164.52777777777777,0.3888888888888889,0,1,0,1
598027,2013-04-23,2013,Royal Challengers Bengaluru,Pune Warriors,M Chinnaswamy Stadium,Pune Warriors,field,84,0.5238095238095238,150.96428571428572,152.51190476190476,5.035714285714286,7.822715245267656,36,0.2777777777777778,140.02777777777777,143.55555555555554,4.777777777777778,7.421732886548588,0.246031746031746,10.936507936507953,8.956349206349216,0.2579365079365079,0.4009823587190686,1,5,4,0.8,5,2,0.4,0.4,3,3,0,1.0,33,160.03030303030303,0.6060606060606061,0,1,1,0
598059,2013-04-23,2013,Delhi Capitals,Punjab Kings,Feroz Shah Kotla,Punjab Kings,field,81,0.4938271604938271,148.8641975308642,150.8641975308642,5.333333333333333,7.826643894107601,79,0.4936708860759494,153.4430379746835,150.18987341772151,5.2025316455696204,7.972004479283315,0.0001562744178777,-4.578840443819331,0.6743241131426885,0.1308016877637126,-0.1453605851757142,0,5,1,0.2,5,2,0.4,-0.2,10,5,5,0.5,31,163.74193548387098,0.4838709677419355,0,1,1,0
598029,2013-04-24,2013,Kolkata Knight Riders,Mumbai Indians,Eden Gardens,Kolkata Knight Riders,bat,78,0.4871794871794871,144.16666666666666,139.93589743589743,4.948717948717949,7.464949276188305,82,0.5609756097560976,151.3658536585366,143.67073170731706,5.609756097560975,7.50222882615156,-0.0737961225766104,-7.1991869918699365,-3.734834271419629,-0.6610381488430264,-0.0372795499632552,0,5,1,0.2,5,3,0.6,-0.39999999999999997,10,2,8,0.2,31,146.09677419354838,0.6129032258064516,1,0,0,1
598030,2013-04-25,2013,Chennai Super Kings,Sunrisers Hyderabad,"MA Chidambaram Stadium, Chepauk",Sunrisers Hyderabad,bat,87,0.5977011494252874,158.66666666666666,146.10344827586206,5.517241379310345,7.634998498348184,7,0.7142857142857143,132.85714285714286,131.85714285714286,6.714285714285714,6.761904761904762,-0.1165845648604269,25.8095238095238,14.246305418719205,-1.1970443349753692,0.8730937364434217,1,5,4,0.8,5,3,0.6,0.20000000000000007,0,0,0,0.5,37,165.0810810810811,0.40540540540540543,0,1,0,1
598031,2013-04-26,2013,Kolkata Knight Riders,Punjab Kings,Eden Gardens,Punjab Kings,bat,79,0.4810126582278481,144.35443037974684,140.16455696202533,4.949367088607595,7.47165991902834,80,0.5,153.0375,149.7625,5.225,7.943204419889503,-0.0189873417721518,-8.68306962025315,-9.59794303797466,-0.275632911392405,-0.4715445008611629,1,5,1,0.2,5,3,0.6,-0.39999999999999997,10,5,5,0.5,32,146.5,0.625,0,1,0,1
598032,2013-04-27,2013,Rajasthan Royals,Sunrisers Hyderabad,Sawai Mansingh Stadium,Sunrisers Hyderabad,bat,79,0.5316455696202531,148.73417721518987,143.873417721519,5.39240506329114,7.582388258839226,8,0.625,136.125,135.25,6.5,6.928495197438634,-0.0933544303797468,12.609177215189874,8.62341772151899,-1.1075949367088604,0.6538930614005922,1,5,2,0.4,5,3,0.6,-0.19999999999999996,0,0,0,0.5,28,155.35714285714286,0.6428571428571429,0,1,0,1
598033,2013-04-27,2013,Mumbai Indians,Royal Challengers Bengaluru,Wankhede Stadium,Mumbai Indians,bat,83,0.5662650602409639,151.49397590361446,143.80722891566265,5.614457831325301,7.505344791448334,85,0.5294117647058824,152.28235294117647,152.27058823529413,5.08235294117647,7.807963000201085,0.0368532955350815,-0.7883770375620145,-8.46335931963148,0.5321048901488306,-0.3026182087527509,1,5,3,0.6,5,4,0.8,-0.20000000000000007,12,6,6,0.5,25,151.96,0.56,1,0,0,1
598034,2013-04-28,2013,Chennai Super Kings,Kolkata Knight Riders,"MA Chidambaram Stadium, Chepauk",Kolkata Knight Riders,field,88,0.6022727272727273,158.6818181818182,146.1931818181818,5.511363636363637,7.635770105846276,80,0.4875,144.425,140.2125,4.95,7.468042609853528,0.1147727272727273,14.256818181818176,5.980681818181807,0.5613636363636365,0.1677274959927475,1,5,4,0.8,5,2,0.4,0.4,11,7,4,0.6363636363636364,38,164.92105263157896,0.42105263157894735,0,1,1,0
598035,2013-04-28,2013,Delhi Capitals,Pune Warriors,Shaheed Veer Narayan Singh International Stadium,Pune Warriors,field,82,0.4878048780487805,148.5121951219512,150.4512195121951,5.317073170731708,7.816473072861669,37,0.2702702702702703,139.83783783783784,146.7027027027027,4.756756756756757,7.577477896696137,0.2175346077785102,8.67435728411337,3.7485168094924006,0.5603164139749506,0.238995176165532,1,5,1,0.2,5,1,0.2,0.0,3,2,1,0.6666666666666666,0,0.0,0.5,0,1,1,0
598036,2013-04-29,2013,Rajasthan Royals,Royal Challengers Bengaluru,Sawai Mansingh Stadium,Rajasthan Royals,field,80,0.5375,148.7,143.85,5.4375,7.576036866359447,86,0.5232558139534884,152.09302325581396,152.6860465116279,5.069767441860465,7.826942181601431,0.0142441860465115,-3.393023255813972,-8.836046511627899,0.3677325581395347,-0.250905315241984,1,5,3,0.6,5,3,0.6,0.0,10,4,6,0.4,29,154.9655172413793,0.6551724137931034,1,0,1,0
598037,2013-04-29,2013,Mumbai Indians,Punjab Kings,Wankhede Stadium,Mumbai Indians,bat,84,0.5714285714285714,152.0,143.6547619047619,5.630952380952381,7.493479610846616,81,0.4938271604938271,152.98765432098764,149.65432098765433,5.209876543209877,7.940174672489083,0.0776014109347442,-0.9876543209876444,-5.999559082892432,0.4210758377425048,-0.4466950616424672,1,5,3,0.6,5,3,0.6,0.0,10,4,6,0.4,26,153.57692307692307,0.5384615384615384,1,0,0,1
598038,2013-04-30,2013,Pune Warriors,Chennai Super Kings,Subrata Roy Sahara Stadium,Chennai Super Kings,bat,38,0.2631578947368421,140.07894736842104,147.10526315789474,4.7631578947368425,7.59167043911272,89,0.6067415730337079,159.14606741573033,146.5505617977528,5.48314606741573,7.650601231791964,-0.3435836782968658,-19.067120047309288,0.5547013601419337,-0.7199881726788879,-0.0589307926792441,0,5,1,0.2,5,5,1.0,-0.8,5,2,3,0.4,11,145.8181818181818,0.45454545454545453,0,1,0,1
598039,2013-05-01,2013,Sunrisers Hyderabad,Mumbai Indians,"Rajiv Gandhi International Stadium, Uppal",Mumbai Indians,bat,9,0.5555555555555556,137.0,136.33333333333334,6.0,7.051724137931035,85,0.5764705882352941,152.25882352941176,143.88235294117646,5.682352941176471,7.501533428746677,-0.0209150326797384,-15.258823529411757,-7.549019607843121,0.3176470588235291,-0.4498092908156428,1,5,2,0.4,5,3,0.6,-0.19999999999999996,0,0,0,0.5,21,158.9047619047619,0.6190476190476191,0,1,0,1
598040,2013-05-01,2013,Delhi Capitals,Kolkata Knight Riders,Shaheed Veer Narayan Singh International Stadium,Kolkata Knight Riders,bat,83,0.4939759036144578,148.6987951807229,150.3975903614458,5.301204819277109,7.810010427528676,81,0.4814814814814814,144.93827160493828,140.93827160493828,4.91358024691358,7.50065703022339,0.0124944221329763,3.7605235757846174,9.459318756507514,0.3876245723635287,0.3093533973052853,1,5,2,0.4,5,1,0.2,0.2,10,4,6,0.4,1,164.0,0.0,0,1,0,1
598041,2013-05-02,2013,Chennai Super Kings,Punjab Kings,"MA Chidambaram Stadium, Chepauk",Chennai Super Kings,bat,90,0.6111111111111112,159.2,146.32222222222222,5.488888888888889,7.6349405739685,82,0.4878048780487805,153.1951219512195,149.91463414634146,5.182926829268292,7.948060344827586,0.1233062330623306,6.004878048780483,-3.592411924119233,0.3059620596205965,-0.3131197708590862,1,5,5,1.0,5,2,0.4,0.6,11,7,4,0.6363636363636364,39,165.82051282051282,0.41025641025641024,1,0,0,1
598042,2013-05-02,2013,Pune Warriors,Royal Challengers Bengaluru,Subrata Roy Sahara Stadium,Royal Challengers Bengaluru,bat,39,0.2564102564102564,139.74358974358975,147.48717948717947,4.717948717948718,7.605112384310268,87,0.5172413793103449,152.31034482758622,152.88505747126436,5.068965517241379,7.835640648011782,-0.2608311229000885,-12.566755083996467,-5.397877984084886,-0.3510167992926609,-0.2305282637015135,0,5,0,0.0,5,3,0.6,-0.6,4,0,4,0.0,12,147.33333333333334,0.4166666666666667,0,1,0,1
598043,2013-05-03,2013,Kolkata Knight Riders,Rajasthan Royals,Eden Gardens,Rajasthan Royals,bat,82,0.4756097560975609,144.82926829268294,140.8780487804878,4.890243902439025,7.502110618032255,81,0.5432098765432098,149.0,144.12345679012347,5.432098765432099,7.585445094217024,-0.0676001204456488,-4.17073170731706,-3.245408009635668,-0.5418548629930742,-0.0833344761847696,1,5,1,0.2,5,3,0.6,-0.39999999999999997,11,5,6,0.45454545454545453,33,146.57575757575756,0.6363636363636364,0,1,0,1
598044,2013-05-04,2013,Sunrisers Hyderabad,Delhi Capitals,"Rajiv Gandhi International Stadium, Uppal",Delhi Capitals,bat,10,0.6,136.3,135.5,5.8,6.984536082474227,84,0.5,148.5595238095238,150.20238095238096,5.309523809523809,7.796292481977344,0.0999999999999999,-12.259523809523785,-14.702380952380963,0.4904761904761905,-0.8117563995031167,1,5,3,0.6,5,3,0.6,0.0,1,1,0,1.0,22,157.54545454545453,0.6363636363636364,0,1,0,1
598046,2013-05-05,2013,Mumbai Indians,Chennai Super Kings,Wankhede Stadium,Mumbai Indians,bat,86,0.5697674418604651,151.98837209302326,143.72093023255815,5.651162790697675,7.498483316481295,91,0.6153846153846154,159.4945054945055,146.56043956043956,5.494505494505495,7.643710000955202,-0.0456171735241502,-7.506133401482231,-2.839509327881416,0.1566572961921801,-0.1452266844739069,1,5,3,0.6,5,5,1.0,-0.4,12,7,5,0.5833333333333334,27,154.33333333333334,0.5185185185185185,1,0,0,1
598047,2013-05-05,2013,Rajasthan Royals,Pune Warriors,Sawai Mansingh Stadium,Pune Warriors,bat,82,0.5365853658536586,148.79268292682926,143.9268292682927,5.390243902439025,7.5832083958020995,40,0.25,140.5,148.45,4.675,7.648776298840704,0.2865853658536585,8.292682926829258,-4.523170731707296,0.7152439024390249,-0.0655679030386044,1,5,2,0.4,5,0,0.0,0.4,4,3,1,0.75,30,155.5,0.6666666666666666,0,1,0,1
598064,2013-05-06,2013,Punjab Kings,Royal Challengers Bengaluru,"Punjab Cricket Association Stadium, Mohali",Punjab Kings,field,83,0.4819277108433735,153.40963855421683,150.33734939759037,5.156626506024097,7.96468085106383,88,0.5227272727272727,152.70454545454547,153.0568181818182,5.102272727272728,7.842212518195051,-0.0407995618838992,0.7050930996713873,-2.7194687842278142,0.054353778751369,0.1224683328687783,1,5,2,0.4,5,3,0.6,-0.19999999999999996,10,5,5,0.5,25,168.88,0.6,1,0,1,0
598049,2013-05-07,2013,Rajasthan Royals,Delhi Capitals,Sawai Mansingh Stadium,Delhi Capitals,bat,83,0.5421686746987951,149.19277108433735,144.33734939759037,5.36144578313253,7.599915415521252,85,0.4941176470588235,147.7529411764706,149.38823529411764,5.294117647058823,7.779842744817727,0.0480510276399716,1.4398299078667662,-5.050885896527262,0.0673281360737068,-0.1799273292964747,1,5,3,0.6,5,3,0.6,0.0,11,5,6,0.45454545454545453,31,156.2258064516129,0.6774193548387096,0,1,0,1
598050,2013-05-07,2013,Mumbai Indians,Kolkata Knight Riders,Wankhede Stadium,Mumbai Indians,bat,87,0.5747126436781609,151.83908045977012,142.9655172413793,5.7011494252873565,7.476257263073532,83,0.4819277108433735,144.6867469879518,140.75903614457832,4.903614457831325,7.489902767389679,0.0927849328347873,7.152333471818309,2.206481096800985,0.7975349674560315,-0.0136455043161465,1,5,4,0.8,5,2,0.4,0.4,11,9,2,0.8181818181818182,28,153.78571428571428,0.5,1,0,0,1
598051,2013-05-08,2013,Sunrisers Hyderabad,Chennai Super Kings,"Rajiv Gandhi International Stadium, Uppal",Sunrisers Hyderabad,field,11,0.6363636363636364,131.27272727272728,130.27272727272728,6.090909090909091,6.722439405785771,92,0.6086956521739131,158.6195652173913,146.47826086956522,5.489130434782608,7.635848522051186,0.0276679841897232,-27.34683794466403,-16.205533596837938,0.6017786561264824,-0.9134091162654148,0,5,3,0.6,5,4,0.8,-0.20000000000000007,1,0,1,0.0,23,154.17391304347825,0.6521739130434783,1,0,1,0
598052,2013-05-09,2013,Punjab Kings,Rajasthan Royals,"Punjab Cricket Association Stadium, Mohali",Rajasthan Royals,field,84,0.4880952380952381,153.89285714285714,150.75,5.130952380952381,7.980882352941176,84,0.5476190476190477,149.26190476190476,144.42857142857142,5.345238095238095,7.599916475255795,-0.0595238095238095,4.63095238095238,6.321428571428584,-0.2142857142857135,0.380965877685381,0,5,2,0.4,5,4,0.8,-0.4,10,3,7,0.3,26,169.69230769230768,0.6153846153846154,0,1,1,0
598053,2013-05-09,2013,Pune Warriors,Kolkata Knight Riders,Subrata Roy Sahara Stadium,Kolkata Knight Riders,bat,41,0.2439024390243902,141.41463414634146,149.26829268292684,4.682926829268292,7.686832740213523,84,0.4761904761904761,144.21428571428572,141.0952380952381,4.892857142857143,7.502057179027324,-0.2322880371660859,-2.7996515679442666,8.173054587688739,-0.2099303135888508,0.1847755611861989,0,5,0,0.0,5,2,0.4,-0.4,3,0,3,0.0,13,150.3846153846154,0.38461538461538464,0,1,0,1
598054,2013-05-10,2013,Delhi Capitals,Royal Challengers Bengaluru,Feroz Shah Kotla,Delhi Capitals,field,86,0.4883720930232558,147.82558139534885,149.43023255813952,5.244186046511628,7.788484848484848,89,0.5168539325842697,153.12359550561797,153.4494382022472,5.089887640449438,7.869201959089599,-0.0284818395610139,-5.298014110269122,-4.019205644107672,0.1542984060621899,-0.080717110604751,0,5,2,0.4,5,2,0.4,0.0,10,5,5,0.5,32,162.375,0.5,1,0,1,0
598055,2013-05-11,2013,Pune Warriors,Mumbai Indians,Subrata Roy Sahara Stadium,Pune Warriors,bat,42,0.238095238095238,140.57142857142858,149.16666666666666,4.714285714285714,7.676128241780682,88,0.5795454545454546,152.04545454545453,142.4318181818182,5.738636363636363,7.451843043995244,-0.3414502164502165,-11.474025974025947,6.73484848484847,-1.024350649350649,0.2242851977854378,0,5,0,0.0,5,4,0.8,-0.8,5,1,4,0.2,14,150.5,0.35714285714285715,1,0,0,1
598056,2013-05-11,2013,Punjab Kings,Sunrisers Hyderabad,"Punjab Cricket Association Stadium, Mohali",Punjab Kings,field,85,0.4823529411764706,153.78823529411764,150.69411764705882,5.094117647058823,7.977371808179364,12,0.5833333333333334,132.5,137.83333333333334,5.833333333333333,7.093638313080772,-0.1009803921568627,21.28823529411764,12.860784313725476,-0.7392156862745098,0.8837334950985918,0,5,1,0.2,5,2,0.4,-0.2,1,0,1,0.0,27,168.77777777777777,0.6296296296296297,1,0,1,0
598057,2013-05-12,2013,Kolkata Knight Riders,Royal Challengers Bengaluru,JSCA International Stadium Complex,Kolkata Knight Riders,field,85,0.4823529411764706,144.30588235294118,140.68235294117648,4.952941176470588,7.476865360566903,90,0.5222222222222223,153.45555555555555,153.66666666666666,5.111111111111111,7.878097408145828,-0.0398692810457516,-9.149673202614366,-12.984313725490182,-0.1581699346405223,-0.4012320475789241,1,5,2,0.4,5,2,0.4,0.0,11,5,6,0.45454545454545453,0,0.0,0.5,1,0,1,0
598058,2013-05-12,2013,Rajasthan Royals,Chennai Super Kings,Sawai Mansingh Stadium,Rajasthan Royals,field,85,0.5529411764705883,149.23529411764707,144.36470588235295,5.352941176470588,7.591874613322335,93,0.6129032258064516,159.31182795698925,146.4731182795699,5.494623655913978,7.632085162013261,-0.0599620493358633,-10.076533839342176,-2.108412397216938,-0.1416824794433901,-0.0402105486909256,1,5,4,0.8,5,4,0.8,0.0,12,4,8,0.3333333333333333,32,156.15625,0.6875,1,0,1,0
598060,2013-05-13,2013,Mumbai Indians,Sunrisers Hyderabad,Wankhede Stadium,Sunrisers Hyderabad,bat,89,0.5842696629213483,151.64044943820224,142.0561797752809,5.752808988764045,7.428319623971798,13,0.6153846153846154,133.84615384615384,136.0,5.923076923076923,6.9835418038183015,-0.0311149524632671,17.7942955920484,6.056179775280896,-0.1702679343128785,0.4447778201534964,1,5,4,0.8,5,3,0.6,0.20000000000000007,1,0,1,0.0,29,154.3448275862069,0.4827586206896552,0,1,0,1
598045,2013-05-14,2013,Royal Challengers Bengaluru,Punjab Kings,M Chinnaswamy Stadium,Punjab Kings,field,91,0.5164835164835165,153.03296703296704,153.24175824175825,5.1098901098901095,7.857075781763546,86,0.4767441860465116,153.3953488372093,150.65116279069767,5.104651162790698,7.969653475497232,0.0397393304370048,-0.3623818042422613,2.5905954510605795,0.0052389470994116,-0.1125776937336855,0,5,2,0.4,5,1,0.2,0.2,11,5,6,0.45454545454545453,34,163.05882352941177,0.5882352941176471,0,1,1,0
598062,2013-05-14,2013,Chennai Super Kings,Delhi Capitals,"MA Chidambaram Stadium, Chepauk",Chennai Super Kings,bat,94,0.6063829787234043,159.11702127659575,146.4468085106383,5.48936170212766,7.639289678135405,87,0.4827586206896552,148.183908045977,149.816091954023,5.218390804597701,7.804790419161677,0.1236243580337491,10.933113230618744,-3.3692834433846883,0.2709708975299589,-0.1655007410262712,1,5,3,0.6,5,2,0.4,0.19999999999999996,11,7,4,0.6363636363636364,40,166.325,0.4,1,0,0,1
598061,2013-05-15,2013,Kolkata Knight Riders,Pune Warriors,JSCA International Stadium Complex,Kolkata Knight Riders,field,86,0.4883720930232558,143.97674418604652,140.36046511627907,5.0,7.454302181967888,43,0.2325581395348837,139.90697674418604,148.3953488372093,4.72093023255814,7.641916167664671,0.2558139534883721,4.069767441860478,-8.034883720930225,0.2790697674418601,-0.1876139856967826,0,5,3,0.6,5,0,0.0,0.6,4,4,0,1.0,1,115.0,1.0,1,0,1,0
598063,2013-05-15,2013,Mumbai Indians,Rajasthan Royals,Wankhede Stadium,Rajasthan Royals,field,90,0.5888888888888889,152.0,142.44444444444446,5.722222222222222,7.444831591173054,86,0.5581395348837209,149.17441860465115,144.2674418604651,5.325581395348837,7.582195966591974,0.0307493540051679,2.8255813953488484,-1.8229974160206552,0.3966408268733854,-0.1373643754189197,1,5,4,0.8,5,4,0.8,0.0,10,5,5,0.5,30,155.13333333333333,0.5,0,1,1,0
598028,2013-05-16,2013,Punjab Kings,Delhi Capitals,Himachal Pradesh Cricket Association Stadium,Delhi Capitals,field,87,0.4827586206896552,153.6551724137931,150.90804597701148,5.103448275862069,7.977921814867328,88,0.4772727272727273,148.0340909090909,150.0,5.193181818181818,7.810650887573964,0.0054858934169279,5.621081504702204,0.9080459770114828,-0.0897335423197489,0.1672709272933632,1,5,2,0.4,5,1,0.2,0.2,11,6,5,0.5454545454545454,7,175.28571428571428,0.5714285714285714,0,1,1,0
598065,2013-05-17,2013,Sunrisers Hyderabad,Rajasthan Royals,"Rajiv Gandhi International Stadium, Uppal",Sunrisers Hyderabad,bat,14,0.5714285714285714,137.0,139.35714285714286,5.714285714285714,7.155256723716381,87,0.5517241379310345,149.20689655172413,144.48275862068965,5.333333333333333,7.589052123163615,0.0197044334975369,-12.206896551724128,-5.12561576354679,0.3809523809523814,-0.4337953994472343,1,5,3,0.6,5,4,0.8,-0.20000000000000007,1,0,1,0.0,24,157.04166666666666,0.625,1,0,0,1
598066,2013-05-18,2013,Punjab Kings,Mumbai Indians,Himachal Pradesh Cricket Association Stadium,Mumbai Indians,field,88,0.4886363636363636,153.85227272727272,150.9431818181818,5.125,7.97458475085051,91,0.5934065934065934,152.15384615384616,142.46153846153845,5.736263736263736,7.442020665901263,-0.1047702297702297,1.6984265734265591,8.48164335664336,-0.6112637362637363,0.5325640849492466,1,5,3,0.6,5,5,1.0,-0.4,11,6,5,0.5454545454545454,8,174.75,0.5,0,1,1,0
598068,2013-05-18,2013,Royal Challengers Bengaluru,Chennai Super Kings,M Chinnaswamy Stadium,Chennai Super Kings,field,92,0.5108695652173914,153.2608695652174,153.44565217391303,5.086956521739131,7.873396542108199,95,0.6105263157894737,159.21052631578948,146.2842105263158,5.526315789473684,7.627332601536772,-0.0996567505720823,-5.949656750572075,7.161441647597229,-0.4393592677345532,0.2460639405714264,1,5,2,0.4,5,3,0.6,-0.19999999999999996,13,5,8,0.38461538461538464,35,163.37142857142857,0.6,0,1,1,0
598067,2013-05-19,2013,Pune Warriors,Delhi Capitals,Subrata Roy Sahara Stadium,Pune Warriors,bat,44,0.25,140.5909090909091,148.63636363636363,4.704545454545454,7.649122807017544,89,0.4719101123595505,148.2134831460674,150.1685393258427,5.179775280898877,7.815789473684211,-0.2219101123595505,-7.62257405515831,-1.532175689479061,-0.4752298263534227,-0.1666666666666669,1,5,1,0.2,5,0,0.0,0.2,4,1,3,0.25,15,147.93333333333334,0.4,1,0,0,1
598069,2013-05-19,2013,Sunrisers Hyderabad,Kolkata Knight Riders,"Rajiv Gandhi International Stadium, Uppal",Kolkata Knight Riders,bat,15,0.6,136.93333333333334,137.33333333333334,5.866666666666666,7.03872437357631,87,0.4827586206896552,144.19540229885058,140.70114942528735,4.977011494252873,7.467059780398536,0.1172413793103447,-7.262068965517244,-3.367816091954012,0.8896551724137929,-0.4283354068222262,1,5,3,0.6,5,3,0.6,0.0,1,0,1,0.0,25,156.2,0.6,0,1,0,1
598070,2013-05-21,2013,Chennai Super Kings,Mumbai Indians,Feroz Shah Kotla,Chennai Super Kings,bat,96,0.6041666666666666,158.40625,145.83333333333334,5.489583333333333,7.6502732240437155,92,0.5869565217391305,151.94565217391303,142.8695652173913,5.75,7.459704880817253,0.0172101449275361,6.460597826086968,2.963768115942031,-0.2604166666666669,0.1905683432264622,1,5,2,0.4,5,4,0.8,-0.4,13,5,8,0.38461538461538464,33,163.0,0.48484848484848486,1,0,0,1
598071,2013-05-22,2013,Rajasthan Royals,Sunrisers Hyderabad,Feroz Shah Kotla,Sunrisers Hyderabad,bat,88,0.5454545454545454,148.79545454545453,144.27272727272728,5.352272727272728,7.573672698349573,16,0.625,136.625,136.4375,5.875,6.981876332622601,-0.0795454545454545,12.170454545454533,7.83522727272728,-0.5227272727272725,0.5917963657269718,1,5,3,0.6,5,3,0.6,0.0,2,1,1,0.5,34,163.85294117647058,0.47058823529411764,0,1,0,1
598072,2013-05-24,2013,Mumbai Indians,Rajasthan Royals,Eden Gardens,Rajasthan Royals,bat,93,0.5806451612903226,151.86021505376343,143.38709677419354,5.698924731182796,7.483164983164984,89,0.550561797752809,148.64044943820224,144.1123595505618,5.348314606741573,7.561013951660445,0.0300833635375136,3.219765615561215,-0.725262776368254,0.3506101244412232,-0.077848968495461,1,5,3,0.6,5,3,0.6,0.0,11,6,5,0.5454545454545454,34,146.14705882352942,0.6470588235294118,0,1,0,1
598073,2013-05-26,2013,Chennai Super Kings,Mumbai Indians,Eden Gardens,Mumbai Indians,bat,97,0.6082474226804123,158.75257731958763,145.7835051546392,5.536082474226804,7.649296790479624,94,0.5851063829787234,152.04255319148936,143.5744680851064,5.702127659574468,7.48945615982242,0.0231410397016889,6.710024128098269,2.2090370695327977,-0.1660451853476638,0.1598406306572046,0,5,3,0.6,5,3,0.6,0.0,14,6,8,0.42857142857142855,35,146.68571428571428,0.6571428571428571,0,1,0,1
729279,2014-04-16,2014,Mumbai Indians,Kolkata Knight Riders,Sheikh Zayed Stadium,Kolkata Knight Riders,bat,95,0.5894736842105263,152.0,143.3578947368421,5.7368421052631575,7.474753018660812,88,0.4772727272727273,144.0340909090909,140.5909090909091,4.965909090909091,7.46125238717459,0.1122009569377989,7.965909090909093,2.766985645933005,0.7709330143540667,0.013500631486222,0,5,3,0.6,5,2,0.4,0.19999999999999996,12,10,2,0.8333333333333334,0,0.0,0.5,0,1,0,1
729281,2014-04-17,2014,Delhi Capitals,Royal Challengers Bengaluru,Sharjah Cricket Stadium,Royal Challengers Bengaluru,field,90,0.4666666666666667,148.05555555555554,150.38888888888889,5.177777777777778,7.823699421965318,93,0.5161290322580645,152.752688172043,152.67741935483872,5.096774193548387,7.883953359244864,-0.0494623655913978,-4.697132616487465,-2.288530465949833,0.081003584229391,-0.0602539372795458,0,5,0,0.0,5,2,0.4,-0.4,11,5,6,0.45454545454545453,0,0.0,0.5,0,1,1,0
729283,2014-04-18,2014,Chennai Super Kings,Punjab Kings,Sheikh Zayed Stadium,Chennai Super Kings,bat,98,0.6020408163265306,158.40816326530611,145.78571428571428,5.561224489795919,7.645558330360328,89,0.4943820224719101,154.17977528089887,150.67415730337078,5.168539325842697,7.959244237807894,0.1076587938546205,4.228387984407249,-4.888443017656499,0.3926851639532218,-0.3136859074475664,0,5,2,0.4,5,3,0.6,-0.19999999999999996,12,8,4,0.6666666666666666,1,163.0,0.0,1,0,0,1
729285,2014-04-18,2014,Sunrisers Hyderabad,Rajasthan Royals,Sheikh Zayed Stadium,Rajasthan Royals,field,17,0.5882352941176471,136.35294117647058,136.35294117647058,5.882352941176471,6.981927710843373,90,0.5444444444444444,148.82222222222222,144.32222222222222,5.355555555555555,7.568612217150626,0.0437908496732026,-12.469281045751645,-7.969281045751643,0.5267973856209158,-0.586684506307253,0,5,3,0.6,5,2,0.4,0.19999999999999996,3,1,2,0.3333333333333333,2,184.0,0.5,0,1,1,0
729287,2014-04-19,2014,Royal Challengers Bengaluru,Mumbai Indians,Dubai International Cricket Stadium,Royal Challengers Bengaluru,field,94,0.5212765957446809,152.68085106382978,152.59574468085106,5.085106382978723,7.876990664470071,96,0.5833333333333334,151.6875,143.52083333333334,5.729166666666667,7.479913137893594,-0.0620567375886524,0.9933510638297776,9.074911347517713,-0.6440602836879439,0.397077526576477,1,5,3,0.6,5,2,0.4,0.19999999999999996,13,6,7,0.46153846153846156,0,0.0,0.5,1,0,1,0
729289,2014-04-19,2014,Kolkata Knight Riders,Delhi Capitals,Dubai International Cricket Stadium,Kolkata Knight Riders,bat,89,0.4831460674157303,144.24719101123594,140.3370786516854,4.98876404494382,7.442645744363888,91,0.4615384615384615,148.021978021978,150.34065934065933,5.142857142857143,7.832633587786259,0.0216076058772687,-3.774787010742074,-10.003580688973926,-0.1540930979133232,-0.3899878434223707,0,5,3,0.6,5,0,0.0,0.6,11,6,5,0.5454545454545454,1,115.0,1.0,1,0,0,1
729291,2014-04-20,2014,Rajasthan Royals,Punjab Kings,Sharjah Cricket Stadium,Punjab Kings,field,91,0.5494505494505495,148.67032967032966,144.13186813186817,5.362637362637362,7.554574253623883,90,0.5,154.75555555555556,151.25555555555556,5.155555555555556,7.984944764884153,0.0494505494505495,-6.085225885225896,-7.123687423687414,0.2070818070818063,-0.4303705112602696,0,5,2,0.4,5,4,0.8,-0.4,11,8,3,0.7272727272727273,1,145.0,1.0,0,1,1,0
729293,2014-04-21,2014,Chennai Super Kings,Delhi Capitals,Sheikh Zayed Stadium,Chennai Super Kings,bat,99,0.5959595959595959,158.87878787878788,146.3838383838384,5.545454545454546,7.677880794701987,92,0.4673913043478261,148.22826086956522,150.5,5.141304347826087,7.837358490566038,0.1285682916117698,10.650527009222657,-4.116161616161605,0.4041501976284589,-0.1594776958640507,1,5,2,0.4,5,1,0.2,0.2,12,8,4,0.6666666666666666,3,167.0,0.6666666666666666,1,0,0,1
729295,2014-04-22,2014,Punjab Kings,Sunrisers Hyderabad,Sharjah Cricket Stadium,Sunrisers Hyderabad,field,91,0.5054945054945055,155.17582417582418,151.65934065934067,5.142857142857143,8.001352787708958,18,0.5555555555555556,136.16666666666666,136.11111111111111,5.888888888888889,6.970128022759602,-0.0500610500610501,19.00915750915752,15.548229548229555,-0.746031746031746,1.0312247649493562,1,5,5,1.0,5,2,0.4,0.6,2,0,2,0.0,2,168.0,1.0,0,1,1,0
729297,2014-04-23,2014,Rajasthan Royals,Chennai Super Kings,Dubai International Cricket Stadium,Rajasthan Royals,field,92,0.5434782608695652,149.1304347826087,144.6086956521739,5.336956521739131,7.581346756577073,100,0.6,159.06,145.76,5.58,7.658814256940187,-0.0565217391304347,-9.929565217391314,-1.151304347826084,-0.2430434782608692,-0.077467500363114,0,5,2,0.4,5,2,0.4,0.0,13,5,8,0.38461538461538464,2,140.5,1.0,1,0,1,0
729299,2014-04-24,2014,Royal Challengers Bengaluru,Kolkata Knight Riders,Sharjah Cricket Stadium,Royal Challengers Bengaluru,field,95,0.5263157894736842,152.29473684210527,152.1578947368421,5.11578947368421,7.85171102661597,90,0.4777777777777778,144.48888888888888,140.56666666666666,4.988888888888889,7.451992931474573,0.0485380116959063,7.805847953216386,11.591228070175449,0.1269005847953215,0.399718095141397,0,5,3,0.6,5,2,0.4,0.19999999999999996,12,6,6,0.5,3,176.33333333333334,0.6666666666666666,1,0,1,0
729301,2014-04-25,2014,Sunrisers Hyderabad,Delhi Capitals,Dubai International Cricket Stadium,Sunrisers Hyderabad,bat,19,0.5263157894736842,135.3684210526316,138.8421052631579,5.894736842105263,7.100942126514132,93,0.4623655913978494,147.53763440860214,150.752688172043,5.150537634408602,7.847014925373134,0.0639501980758347,-12.169213355970555,-11.910582908885118,0.7441992076966608,-0.7460727988590028,1,5,2,0.4,5,1,0.2,0.2,2,2,0,1.0,3,140.33333333333334,0.6666666666666666,1,0,0,1
729303,2014-04-25,2014,Chennai Super Kings,Mumbai Indians,Dubai International Cricket Stadium,Mumbai Indians,bat,101,0.6039603960396039,158.87128712871288,145.63366336633663,5.603960396039604,7.648985959438377,97,0.5773195876288659,151.30927835051546,143.22680412371133,5.701030927835052,7.471363269696154,0.026640808410738,7.562008778197423,2.406859242625302,-0.0970705317954481,0.1776226897422228,1,5,3,0.6,5,2,0.4,0.19999999999999996,15,6,9,0.4,4,151.25,0.5,0,1,0,1
729305,2014-04-26,2014,Rajasthan Royals,Royal Challengers Bengaluru,Sheikh Zayed Stadium,Rajasthan Royals,field,93,0.5376344086021505,148.95698924731184,144.53763440860214,5.333333333333333,7.573668889097568,96,0.5208333333333334,152.25,152.10416666666666,5.135416666666667,7.84631918323482,0.0168010752688171,-3.2930107526881613,-7.566532258064512,0.197916666666666,-0.272650294137251,1,5,2,0.4,5,3,0.6,-0.19999999999999996,11,5,6,0.45454545454545453,4,169.5,0.5,1,0,1,0
729307,2014-04-26,2014,Kolkata Knight Riders,Punjab Kings,Sheikh Zayed Stadium,Kolkata Knight Riders,field,91,0.4835164835164835,144.54945054945054,140.5934065934066,4.989010989010989,7.448476615563749,92,0.5108695652173914,155.58695652173913,151.29347826086956,5.195652173913044,7.980315336837076,-0.0273530817009078,-11.037505972288583,-10.700071667462964,-0.2066411849020548,-0.5318387212733269,0,5,2,0.4,5,5,1.0,-0.6,11,6,5,0.5454545454545454,5,149.6,0.6,1,0,1,0
729309,2014-04-27,2014,Delhi Capitals,Mumbai Indians,Sharjah Cricket Stadium,Mumbai Indians,bat,94,0.4574468085106383,147.88297872340425,151.0744680851064,5.1063829787234045,7.860332103321033,98,0.5714285714285714,151.20408163265307,143.1734693877551,5.673469387755102,7.469257386212403,-0.1139817629179331,-3.321102909248822,7.900998697351298,-0.5670864090316972,0.3910747171086299,1,5,1,0.2,5,2,0.4,-0.2,12,6,6,0.5,4,169.75,0.5,0,1,0,1
729311,2014-04-27,2014,Sunrisers Hyderabad,Chennai Super Kings,Sharjah Cricket Stadium,Sunrisers Hyderabad,bat,20,0.55,137.8,140.75,5.8,7.19029374201788,102,0.6078431372549019,158.7058823529412,145.57843137254903,5.607843137254902,7.642305712815234,-0.0578431372549018,-20.905882352941177,-4.8284313725490335,0.1921568627450982,-0.4520119707973542,0,5,2,0.4,5,3,0.6,-0.19999999999999996,2,0,2,0.0,5,160.8,0.6,1,0,0,1
729313,2014-04-28,2014,Punjab Kings,Royal Challengers Bengaluru,Dubai International Cricket Stadium,Punjab Kings,field,93,0.5161290322580645,155.33333333333334,150.78494623655914,5.236559139784946,7.956312056737588,97,0.5154639175257731,151.4020618556701,151.2577319587629,5.11340206185567,7.829242262540021,0.0006651147322913,3.9312714776632447,-0.4727857222037528,0.1231570779292763,0.1270697941975669,1,5,5,1.0,5,3,0.6,0.4,12,7,5,0.5833333333333334,5,149.2,0.6,1,0,1,0
729315,2014-04-29,2014,Kolkata Knight Riders,Rajasthan Royals,Sheikh Zayed Stadium,Rajasthan Royals,bat,92,0.4782608695652174,144.16304347826087,140.4673913043478,5.021739130434782,7.436984461922117,94,0.5425531914893617,148.12765957446808,143.7127659574468,5.372340425531915,7.547630133159513,-0.0642923219241442,-3.964616096207209,-3.245374653098992,-0.3506012950971326,-0.1106456712373953,0,5,2,0.4,5,2,0.4,0.0,12,6,6,0.5,6,146.66666666666666,0.5,0,1,0,1
729317,2014-04-30,2014,Mumbai Indians,Sunrisers Hyderabad,Dubai International Cricket Stadium,Mumbai Indians,field,99,0.5656565656565656,150.93939393939394,142.9090909090909,5.656565656565657,7.456126482213438,21,0.5238095238095238,138.14285714285714,140.8095238095238,5.761904761904762,7.194647201946472,0.0418470418470418,12.7965367965368,2.0995670995671105,-0.1053391053391052,0.2614792802669665,0,5,1,0.2,5,1,0.2,0.0,2,1,1,0.5,6,145.0,0.6666666666666666,1,0,1,0
733971,2014-05-02,2014,Chennai Super Kings,Kolkata Knight Riders,JSCA International Stadium Complex,Chennai Super Kings,bat,103,0.6116504854368932,158.58252427184465,145.44660194174756,5.601941747572815,7.631686194600102,93,0.4731182795698925,144.36559139784947,140.70967741935485,5.010752688172043,7.440864291129643,0.1385322058670006,14.216932873995177,4.736924522392712,0.5911890594007723,0.1908219034704581,1,5,4,0.8,5,2,0.4,0.4,12,8,4,0.6666666666666666,2,142.5,0.5,1,0,0,1
733973,2014-05-03,2014,Mumbai Indians,Punjab Kings,Wankhede Stadium,Punjab Kings,bat,100,0.56,151.0,143.15,5.65,7.465449804432855,94,0.5212765957446809,155.03191489361703,150.40425531914894,5.26595744680851,7.93155680224404,0.0387234042553191,-4.031914893617028,-7.254255319148939,0.3840425531914899,-0.4661069978111847,1,5,0,0.0,5,5,1.0,-1.0,12,5,7,0.4166666666666667,31,155.48387096774192,0.4838709677419355,0,1,0,1
733975,2014-05-03,2014,Delhi Capitals,Rajasthan Royals,Feroz Shah Kotla,Rajasthan Royals,field,95,0.4631578947368421,147.65263157894736,150.73684210526315,5.094736842105263,7.839416058394161,95,0.5473684210526316,148.2842105263158,143.8736842105263,5.389473684210526,7.54790612057064,-0.0842105263157895,-0.631578947368439,6.863157894736844,-0.2947368421052632,0.2915099378235206,0,5,2,0.4,5,3,0.6,-0.19999999999999996,12,6,6,0.5,35,162.94285714285715,0.4857142857142857,0,1,1,0
733977,2014-05-04,2014,Royal Challengers Bengaluru,Sunrisers Hyderabad,M Chinnaswamy Stadium,Royal Challengers Bengaluru,field,98,0.5102040816326531,151.12244897959184,150.96938775510205,5.112244897959184,7.816324733644449,22,0.5454545454545454,139.6818181818182,141.4090909090909,5.818181818181818,7.218097447795824,-0.0352504638218923,11.44063079777365,9.56029684601114,-0.7059369202226344,0.5982272858486253,1,5,2,0.4,5,2,0.4,0.0,2,1,1,0.5,36,161.77777777777777,0.5833333333333334,1,0,1,0
733979,2014-05-05,2014,Rajasthan Royals,Kolkata Knight Riders,"Sardar Patel Stadium, Motera",Kolkata Knight Riders,field,96,0.5520833333333334,148.36458333333334,143.92708333333334,5.385416666666667,7.5468365953573056,94,0.4680851063829787,144.04255319148936,140.7340425531915,4.98936170212766,7.450159564482823,0.0839982269503546,4.322030141843982,3.1930407801418426,0.3960549645390072,0.0966770308744822,1,5,3,0.6,5,1,0.2,0.39999999999999997,13,7,6,0.5384615384615384,4,158.5,0.5,0,1,1,0
733981,2014-05-05,2014,Delhi Capitals,Chennai Super Kings,Feroz Shah Kotla,Chennai Super Kings,field,96,0.4583333333333333,147.69791666666666,150.78125,5.072916666666667,7.844819799476109,104,0.6153846153846154,158.48076923076923,145.1153846153846,5.625,7.622222222222222,-0.1570512820512821,-10.78285256410257,5.665865384615387,-0.552083333333333,0.2225975772538868,0,5,2,0.4,5,5,1.0,-0.6,13,4,9,0.3076923076923077,36,162.63888888888889,0.5,0,1,1,0
733983,2014-05-06,2014,Mumbai Indians,Royal Challengers Bengaluru,Wankhede Stadium,Royal Challengers Bengaluru,field,101,0.5643564356435643,151.1881188118812,143.32673267326732,5.633663366336633,7.471483870967742,99,0.5151515151515151,151.1919191919192,150.97979797979798,5.121212121212121,7.814062908425547,0.0492049204920491,-0.003800380038001,-7.653065306530664,0.5124512451245122,-0.3425790374578055,1,5,1,0.2,5,2,0.4,-0.2,14,7,7,0.5,32,155.875,0.5,0,1,1,0
733985,2014-05-07,2014,Delhi Capitals,Kolkata Knight Riders,Feroz Shah Kotla,Delhi Capitals,bat,97,0.4536082474226804,148.01030927835052,151.0,5.041237113402062,7.85432120832961,95,0.4631578947368421,144.21052631578948,141.01052631578946,4.989473684210527,7.460181919435678,-0.0095496473141616,3.7997829625610393,9.989473684210536,0.0517634291915349,0.3941392888939319,0,5,1,0.2,5,1,0.2,0.0,12,6,6,0.5,37,163.05405405405406,0.5135135135135135,1,0,0,1
733987,2014-05-07,2014,Punjab Kings,Chennai Super Kings,Barabati Stadium,Chennai Super Kings,field,95,0.5157894736842106,155.16842105263157,150.57894736842104,5.2631578947368425,7.939870490286771,105,0.6190476190476191,158.6952380952381,145.37142857142857,5.609523809523809,7.632,-0.1032581453634085,-3.526817042606524,5.207518796992474,-0.3463659147869666,0.3078704902867715,1,5,4,0.8,5,5,1.0,-0.19999999999999996,13,5,8,0.38461538461538464,4,163.25,0.25,0,1,1,0
733989,2014-05-08,2014,Rajasthan Royals,Sunrisers Hyderabad,"Sardar Patel Stadium, Motera",Rajasthan Royals,field,97,0.5567010309278351,148.58762886597938,144.04123711340208,5.391752577319588,7.54903196758217,23,0.5217391304347826,140.34782608695653,142.08695652173913,5.782608695652174,7.248798521256932,0.0349619004930524,8.239802779022853,1.9542805916629504,-0.3908561183325858,0.3002334463252385,0,5,4,0.8,5,2,0.4,0.4,4,3,1,0.75,5,160.8,0.4,1,0,1,0
733991,2014-05-09,2014,Royal Challengers Bengaluru,Punjab Kings,M Chinnaswamy Stadium,Royal Challengers Bengaluru,field,100,0.51,151.36,151.22,5.11,7.82374752091058,96,0.5208333333333334,155.95833333333334,150.94791666666666,5.260416666666667,7.9548032936871,-0.0108333333333333,-4.598333333333329,0.2720833333333416,-0.1504166666666666,-0.1310557727765191,0,5,1,0.2,5,4,0.8,-0.6000000000000001,13,5,8,0.38461538461538464,37,161.59459459459458,0.5945945945945946,1,0,1,0
733993,2014-05-10,2014,Delhi Capitals,Sunrisers Hyderabad,Feroz Shah Kotla,Sunrisers Hyderabad,field,98,0.4489795918367347,148.1326530612245,150.98979591836735,5.010204081632653,7.857509514116293,24,0.5416666666666666,140.08333333333334,140.20833333333334,5.916666666666667,7.149433427762039,-0.0926870748299319,8.049319727891145,10.781462585034006,-0.9064625850340136,0.7080760863542537,0,5,1,0.2,5,3,0.6,-0.39999999999999997,3,0,3,0.0,38,162.97368421052633,0.5263157894736842,0,1,1,0
733995,2014-05-10,2014,Mumbai Indians,Chennai Super Kings,Wankhede Stadium,Chennai Super Kings,field,102,0.5686274509803921,151.5392156862745,143.50980392156862,5.647058823529412,7.477905491698595,106,0.6132075471698113,158.96226415094338,146.1320754716981,5.59433962264151,7.668316831683168,-0.0445800961894191,-7.423048464668881,-2.622271550129483,0.0527192008879024,-0.190411339984573,0,5,2,0.4,5,4,0.8,-0.4,16,9,7,0.5625,33,156.8181818181818,0.48484848484848486,0,1,1,0
733997,2014-05-11,2014,Punjab Kings,Kolkata Knight Riders,Barabati Stadium,Kolkata Knight Riders,field,97,0.5257731958762887,156.39175257731958,151.09278350515464,5.298969072164948,7.9580090497737555,96,0.46875,144.38541666666666,141.14583333333334,4.979166666666667,7.462823572608775,0.0570231958762886,12.006335910652922,9.9469501718213,0.3198024054982813,0.4951854771649806,0,5,4,0.8,5,1,0.2,0.6000000000000001,12,6,6,0.5,5,176.8,0.2,0,1,1,0
733999,2014-05-11,2014,Royal Challengers Bengaluru,Rajasthan Royals,M Chinnaswamy Stadium,Royal Challengers Bengaluru,bat,101,0.504950495049505,151.5049504950495,151.66336633663366,5.138613861386139,7.843987368780405,98,0.5510204081632653,148.1122448979592,143.83673469387756,5.408163265306122,7.534610244988865,-0.0460699131137603,3.392705597090327,7.826631642756098,-0.2695494039199833,0.3093771237915401,0,5,1,0.2,5,4,0.8,-0.6000000000000001,12,6,6,0.5,38,162.55263157894737,0.5789473684210527,1,0,0,1
734001,2014-05-12,2014,Sunrisers Hyderabad,Mumbai Indians,"Rajiv Gandhi International Stadium, Uppal",Sunrisers Hyderabad,bat,25,0.56,136.24,140.16,5.96,7.141304347826087,103,0.5631067961165048,151.59223300970874,143.61165048543688,5.640776699029126,7.482043500252908,-0.0031067961165047,-15.352233009708726,-3.451650485436886,0.319223300970874,-0.3407391524268215,0,5,3,0.6,5,2,0.4,0.19999999999999996,3,2,1,0.6666666666666666,26,155.19230769230768,0.6153846153846154,1,0,0,1
734003,2014-05-13,2014,Chennai Super Kings,Rajasthan Royals,JSCA International Stadium Complex,Rajasthan Royals,bat,107,0.616822429906542,158.97196261682242,146.2336448598131,5.598130841121495,7.670098039215686,99,0.5555555555555556,148.54545454545453,144.2828282828283,5.404040404040404,7.554341119435875,0.0612668743509864,10.426508071367891,1.9508165769848065,0.1940904370810914,0.1157569197798107,1,5,4,0.8,5,4,0.8,0.0,14,9,5,0.6428571428571429,3,144.33333333333334,0.3333333333333333,0,1,0,1
734005,2014-05-13,2014,Royal Challengers Bengaluru,Delhi Capitals,M Chinnaswamy Stadium,Delhi Capitals,field,102,0.5,151.88235294117646,152.0392156862745,5.137254901960785,7.865426880811496,99,0.4444444444444444,148.08080808080808,149.84848484848484,4.97979797979798,7.859602649006622,0.0555555555555555,3.801544860368381,2.1907308377896584,0.1574569221628046,0.0058242318048735,1,5,1,0.2,5,1,0.2,0.0,12,7,5,0.5833333333333334,39,163.25641025641025,0.5897435897435898,0,1,1,0
734007,2014-05-14,2014,Sunrisers Hyderabad,Punjab Kings,"Rajiv Gandhi International Stadium, Uppal",Punjab Kings,field,26,0.5384615384615384,137.03846153846155,140.92307692307693,5.846153846153846,7.193717277486911,98,0.5204081632653061,156.31632653061226,151.0612244897959,5.255102040816326,7.960566409750851,0.0180533751962322,-19.27786499215071,-10.13814756671897,0.5910518053375196,-0.7668491322639399,0,5,3,0.6,5,3,0.6,0.0,3,2,1,0.6666666666666666,27,155.25925925925927,0.6296296296296297,0,1,1,0
734009,2014-05-14,2014,Kolkata Knight Riders,Mumbai Indians,Barabati Stadium,Kolkata Knight Riders,field,97,0.4742268041237113,144.44329896907217,141.20618556701032,5.0,7.461594334483385,104,0.5673076923076923,151.67307692307693,143.73076923076923,5.605769230769231,7.485227841762644,-0.0930808881839809,-7.22977795400476,-2.524583663758904,-0.6057692307692308,-0.0236335072792588,1,5,2,0.4,5,3,0.6,-0.19999999999999996,13,3,10,0.23076923076923078,6,172.16666666666666,0.3333333333333333,1,0,1,0
734011,2014-05-15,2014,Rajasthan Royals,Delhi Capitals,"Sardar Patel Stadium, Motera",Delhi Capitals,field,100,0.55,148.54,144.3,5.4,7.552996597749281,100,0.44,148.3,150.17,4.96,7.872608125819135,0.11,0.2399999999999806,-5.869999999999976,0.4400000000000004,-0.3196115280698546,1,5,3,0.6,5,0,0.0,0.6,13,7,6,0.5384615384615384,6,156.33333333333334,0.3333333333333333,0,1,1,0
734013,2014-05-18,2014,Chennai Super Kings,Royal Challengers Bengaluru,JSCA International Stadium Complex,Chennai Super Kings,bat,108,0.6203703703703703,158.87962962962962,146.21296296296296,5.611111111111111,7.665533980582524,103,0.5048543689320388,152.2135922330097,152.15533980582524,5.145631067961165,7.868786610878661,0.1155160014383315,6.666037396619913,-5.942376842862274,0.4654800431499453,-0.2032526302961361,0,5,4,0.8,5,2,0.4,0.4,14,8,6,0.5714285714285714,4,145.25,0.5,1,0,0,1
734015,2014-05-18,2014,Sunrisers Hyderabad,Kolkata Knight Riders,"Rajiv Gandhi International Stadium, Uppal",Sunrisers Hyderabad,bat,27,0.5185185185185185,139.55555555555554,143.40740740740742,5.7407407407407405,7.333333333333333,98,0.4795918367346938,144.41836734693877,141.19387755102042,5.0,7.456619364109933,0.0389266817838246,-4.862811791383223,2.213529856386998,0.7407407407407405,-0.1232860307766001,0,5,2,0.4,5,3,0.6,-0.19999999999999996,2,1,1,0.5,28,157.03571428571428,0.6428571428571429,1,0,0,1
734017,2014-05-19,2014,Rajasthan Royals,Mumbai Indians,"Sardar Patel Stadium, Motera",Mumbai Indians,bat,101,0.5544554455445545,149.05940594059405,144.21782178217822,5.425742574257426,7.545195545195545,105,0.5619047619047619,151.57142857142858,143.7047619047619,5.59047619047619,7.4858607574003635,-0.0074493163602074,-2.5120226308345366,0.5130598774163104,-0.164733616218764,0.0593347877951817,0,5,3,0.6,5,3,0.6,0.0,12,5,7,0.4166666666666667,7,162.71428571428572,0.2857142857142857,0,1,0,1
734019,2014-05-19,2014,Delhi Capitals,Punjab Kings,Feroz Shah Kotla,Punjab Kings,field,101,0.4356435643564356,148.20792079207922,150.5742574257426,4.96039603960396,7.890012970168613,99,0.5252525252525253,156.86868686868686,151.59595959595958,5.242424242424242,7.984394396169534,-0.0896089608960896,-8.660766076607644,-1.0217021702169973,-0.2820282028202818,-0.094381426000921,0,5,0,0.0,5,3,0.6,-0.6,12,5,7,0.4166666666666667,39,162.46153846153845,0.5384615384615384,0,1,1,0
734021,2014-05-20,2014,Sunrisers Hyderabad,Royal Challengers Bengaluru,"Rajiv Gandhi International Stadium, Uppal",Royal Challengers Bengaluru,bat,28,0.5,139.64285714285714,143.46428571428572,5.607142857142857,7.33475349969568,104,0.5096153846153846,152.1153846153846,151.9903846153846,5.134615384615385,7.857663628831814,-0.0096153846153845,-12.472527472527474,-8.52609890109889,0.4725274725274717,-0.5229101291361342,1,5,2,0.4,5,2,0.4,0.0,3,1,2,0.3333333333333333,29,156.51724137931035,0.6551724137931034,0,1,0,1
734023,2014-05-20,2014,Kolkata Knight Riders,Chennai Super Kings,Eden Gardens,Kolkata Knight Riders,field,99,0.4848484848484848,144.43434343434345,141.1818181818182,5.02020202020202,7.451750488715123,109,0.6146788990825688,158.6880733944954,146.09174311926606,5.605504587155964,7.656382722974596,-0.1298304142340839,-14.253729960151958,-4.909924937447869,-0.5853025669539438,-0.2046322342594733,1,5,4,0.8,5,3,0.6,0.20000000000000007,13,4,9,0.3076923076923077,36,146.72222222222223,0.6388888888888888,1,0,1,0
734025,2014-05-21,2014,Punjab Kings,Mumbai Indians,"Punjab Cricket Association Stadium, Mohali",Mumbai Indians,field,100,0.53,156.95,151.71,5.26,7.986137918933146,106,0.5660377358490566,151.82075471698113,143.78301886792454,5.613207547169812,7.486982151629277,-0.0360377358490565,5.129245283018861,7.926981132075468,-0.3532075471698119,0.4991557673038684,0,5,4,0.8,5,3,0.6,0.20000000000000007,13,7,6,0.5384615384615384,28,168.10714285714286,0.6071428571428571,0,1,1,0
734027,2014-05-22,2014,Kolkata Knight Riders,Royal Challengers Bengaluru,Eden Gardens,Royal Challengers Bengaluru,field,100,0.49,144.55,141.31,5.0,7.454369614911201,105,0.5047619047619047,152.1904761904762,152.03809523809525,5.104761904761904,7.8588775845093535,-0.0147619047619047,-7.640476190476193,-10.72809523809525,-0.1047619047619043,-0.4045079695981526,1,5,5,1.0,5,2,0.4,0.6,13,7,6,0.5384615384615384,37,146.9189189189189,0.6486486486486487,0,1,1,0
734029,2014-05-22,2014,Chennai Super Kings,Sunrisers Hyderabad,JSCA International Stadium Complex,Sunrisers Hyderabad,field,110,0.6090909090909091,158.64545454545456,146.15454545454546,5.572727272727272,7.66362119647255,29,0.5172413793103449,140.3793103448276,143.93103448275863,5.586206896551724,7.352906635349384,0.0918495297805642,18.266144200626968,2.2235109717868227,-0.0134796238244518,0.3107145611231665,0,5,2,0.4,5,2,0.4,0.0,3,3,0,1.0,5,143.8,0.6,0,1,1,0
734031,2014-05-23,2014,Mumbai Indians,Delhi Capitals,Wankhede Stadium,Delhi Capitals,field,107,0.5700934579439252,151.88785046728972,143.85046728971963,5.616822429906542,7.487595265120805,102,0.4313725490196078,148.36274509803923,150.6764705882353,4.970588235294118,7.8930069331507315,0.1387209089243173,3.525105369250497,-6.826003298515673,0.6462341946124246,-0.4054116680299264,1,5,3,0.6,5,0,0.0,0.6,13,6,7,0.46153846153846156,34,156.8235294117647,0.5,0,1,1,0
734033,2014-05-23,2014,Punjab Kings,Rajasthan Royals,"Punjab Cricket Association Stadium, Mohali",Rajasthan Royals,field,101,0.5247524752475248,156.94059405940595,151.78217821782178,5.237623762376238,7.9899235580264065,102,0.5490196078431373,149.09803921568627,144.5196078431373,5.392156862745098,7.557549346321456,-0.0242671325956125,7.842554843719682,7.262570374684515,-0.1545331003688606,0.4323742117049507,1,5,3,0.6,5,2,0.4,0.19999999999999996,12,4,8,0.3333333333333333,29,167.68965517241378,0.6206896551724138,0,1,1,0
734035,2014-05-24,2014,Royal Challengers Bengaluru,Chennai Super Kings,M Chinnaswamy Stadium,Chennai Super Kings,field,106,0.5,152.31132075471697,152.4245283018868,5.084905660377358,7.876340591485213,111,0.6036036036036037,158.88288288288288,146.53153153153153,5.54954954954955,7.681227863046045,-0.1036036036036036,-6.571562128165908,5.892996770355268,-0.4646438891721915,0.1951127284391676,0,5,2,0.4,5,2,0.4,0.0,15,7,8,0.4666666666666667,40,163.825,0.575,0,1,1,0
734037,2014-05-24,2014,Kolkata Knight Riders,Sunrisers Hyderabad,Eden Gardens,Kolkata Knight Riders,field,101,0.495049504950495,145.04950495049505,141.46534653465346,5.0,7.458500087001914,30,0.5333333333333333,142.0,145.06666666666666,5.466666666666667,7.405558706749859,-0.0382838283828382,3.0495049504950487,-3.6013201320132,-0.4666666666666668,0.0529413802520553,1,5,5,1.0,5,2,0.4,0.6,3,2,1,0.6666666666666666,38,148.18421052631578,0.631578947368421,1,0,1,0
734039,2014-05-25,2014,Punjab Kings,Delhi Capitals,"Punjab Cricket Association Stadium, Mohali",Punjab Kings,field,102,0.5294117647058824,157.15686274509804,151.85294117647058,5.264705882352941,7.989511691884457,103,0.4271844660194174,148.45631067961165,150.83495145631068,4.990291262135922,7.899661016949152,0.1022272986864649,8.700552065486391,1.0179897201599033,0.2744146202170192,0.0898506749353043,1,5,3,0.6,5,0,0.0,0.6,13,8,5,0.6153846153846154,30,168.06666666666666,0.6,1,0,1,0
734041,2014-05-25,2014,Mumbai Indians,Rajasthan Royals,Wankhede Stadium,Mumbai Indians,field,108,0.5740740740740741,152.08333333333334,143.9537037037037,5.601851851851852,7.490123655050587,103,0.5436893203883495,149.23300970873785,144.75728155339806,5.368932038834951,7.566607460035524,0.0303847536857245,2.850323624595489,-0.8035778496943635,0.2329198130169008,-0.076483804984937,1,5,4,0.8,5,2,0.4,0.4,13,8,5,0.6153846153846154,35,157.28571428571428,0.4857142857142857,1,0,1,0
734043,2014-05-27,2014,Punjab Kings,Kolkata Knight Riders,Eden Gardens,Punjab Kings,field,103,0.5339805825242718,156.7864077669903,151.48543689320388,5.300970873786408,7.973596797547057,102,0.5,145.2058823529412,141.5196078431373,4.990196078431373,7.4573790253142755,0.0339805825242718,11.580525414049106,9.965829050066615,0.3107747953550355,0.5162177722327819,0,5,4,0.8,5,5,1.0,-0.19999999999999996,13,6,7,0.46153846153846156,39,148.48717948717947,0.6410256410256411,1,0,1,0
734045,2014-05-28,2014,Chennai Super Kings,Mumbai Indians,Brabourne Stadium,Chennai Super Kings,field,112,0.6071428571428571,158.89285714285714,146.58035714285714,5.553571428571429,7.68046783625731,109,0.5779816513761468,152.47706422018348,144.348623853211,5.587155963302752,7.50787338953396,0.0291612057667103,6.41579292267366,2.231733289646144,-0.0335845347313235,0.17259444672335,1,5,2,0.4,5,4,0.8,-0.4,17,8,9,0.47058823529411764,6,173.66666666666666,0.5,1,0,1,0
734047,2014-05-30,2014,Chennai Super Kings,Punjab Kings,Wankhede Stadium,Chennai Super Kings,field,113,0.6106194690265486,159.04424778761063,146.79646017699116,5.575221238938053,7.688528389339513,104,0.5288461538461539,156.57692307692307,151.55769230769232,5.3173076923076925,7.973358064244162,0.0817733151803947,2.4673247106875635,-4.76123213070116,0.2579135466303608,-0.2848296749046488,0,5,2,0.4,5,3,0.6,-0.19999999999999996,14,8,6,0.5714285714285714,36,158.16666666666666,0.5,1,0,1,0
734049,2014-06-01,2014,Kolkata Knight Riders,Punjab Kings,M Chinnaswamy Stadium,Kolkata Knight Riders,field,103,0.5048543689320388,145.37864077669903,141.4271844660194,5.009708737864078,7.448610874382137,105,0.5333333333333333,157.23809523809524,151.96190476190475,5.314285714285714,7.990651865453636,-0.0284789644012944,-11.859454461396211,-10.534720295885336,-0.3045769764216359,-0.5420409910714987,1,5,5,1.0,5,3,0.6,0.4,14,8,6,0.5714285714285714,41,163.58536585365854,0.5853658536585366,1,0,1,0
829705,2015-04-08,2015,Kolkata Knight Riders,Mumbai Indians,Eden Gardens,Kolkata Knight Riders,field,104,0.5096153846153846,145.90384615384616,141.94230769230768,5.0,7.471908216635734,110,0.5727272727272728,152.66363636363636,144.6090909090909,5.563636363636364,7.523411634873088,-0.0631118881118881,-6.7597902097901965,-2.666783216783216,-0.5636363636363635,-0.0515034182373534,1,5,5,1.0,5,4,0.8,0.19999999999999996,14,4,10,0.2857142857142857,40,148.85,0.625,1,0,1,0
829707,2015-04-09,2015,Chennai Super Kings,Delhi Capitals,"MA Chidambaram Stadium, Chepauk",Delhi Capitals,field,114,0.6052631578947368,159.42105263157896,147.47368421052633,5.5701754385964914,7.720780711825488,104,0.4230769230769231,148.1346153846154,150.48076923076923,4.971153846153846,7.902044938146933,0.1821862348178137,11.286437246963573,-3.007085020242897,0.5990215924426456,-0.1812642263214448,1,5,2,0.4,5,0,0.0,0.4,14,10,4,0.7142857142857143,41,166.3658536585366,0.3902439024390244,0,1,1,0
829709,2015-04-10,2015,Punjab Kings,Rajasthan Royals,Maharashtra Cricket Association Stadium,Punjab Kings,field,106,0.5283018867924528,157.6320754716981,152.41509433962264,5.320754716981132,8.012564060175237,104,0.5384615384615384,149.6153846153846,145.21153846153845,5.355769230769231,7.607421711023424,-0.0101596516690856,8.016690856313488,7.203555878084188,-0.0350145137880986,0.4051423491518129,0,5,3,0.6,5,1,0.2,0.39999999999999997,13,5,8,0.38461538461538464,1,119.0,0.0,1,0,1,0
829711,2015-04-11,2015,Chennai Super Kings,Sunrisers Hyderabad,"MA Chidambaram Stadium, Chepauk",Chennai Super Kings,bat,115,0.6086956521739131,159.33913043478262,147.48695652173913,5.591304347826087,7.718316268486917,31,0.5161290322580645,142.5806451612903,145.5483870967742,5.451612903225806,7.495016611295681,0.0925666199158485,16.758485273492283,1.9385694249649248,0.139691444600281,0.2232996571912355,1,5,3,0.6,5,2,0.4,0.19999999999999996,4,3,1,0.75,42,165.97619047619048,0.38095238095238093,1,0,0,1
829713,2015-04-11,2015,Kolkata Knight Riders,Royal Challengers Bengaluru,Eden Gardens,Royal Challengers Bengaluru,field,105,0.5142857142857142,146.13333333333333,142.1809523809524,4.980952380952381,7.480708201102388,107,0.4953271028037383,152.3271028037383,152.45794392523365,5.05607476635514,7.884485258579024,0.0189586114819759,-6.193769470404988,-10.27699154428126,-0.0751223854027589,-0.4037770574766357,0,5,5,1.0,5,2,0.4,0.6,14,8,6,0.5714285714285714,41,149.3170731707317,0.6341463414634146,0,1,1,0
829715,2015-04-12,2015,Delhi Capitals,Rajasthan Royals,Feroz Shah Kotla,Rajasthan Royals,field,105,0.419047619047619,148.14285714285714,150.37142857142857,4.990476190476191,7.892526868282929,105,0.5428571428571428,149.73333333333332,145.10476190476192,5.3619047619047615,7.598370875238966,-0.1238095238095237,-1.5904761904761813,5.266666666666652,-0.371428571428571,0.2941559930439634,0,5,0,0.0,5,2,0.4,-0.4,14,6,8,0.42857142857142855,40,162.5,0.55,0,1,1,0
829717,2015-04-12,2015,Mumbai Indians,Punjab Kings,Wankhede Stadium,Mumbai Indians,field,111,0.5675675675675675,152.80180180180182,144.81981981981983,5.54054054054054,7.536922716261623,107,0.5233644859813084,157.42990654205607,152.42056074766356,5.336448598130841,8.009003110165331,0.0442030815862591,-4.628104740254258,-7.600740927843731,0.2040919424096996,-0.4720803939037079,0,5,3,0.6,5,2,0.4,0.19999999999999996,14,7,7,0.5,37,160.0,0.4864864864864865,1,0,1,0
829719,2015-04-13,2015,Royal Challengers Bengaluru,Sunrisers Hyderabad,M Chinnaswamy Stadium,Sunrisers Hyderabad,field,108,0.5,152.57407407407408,152.65740740740742,5.046296296296297,7.892292963140258,32,0.5,143.25,147.3125,5.3125,7.578778135048232,0.0,9.324074074074076,5.344907407407419,-0.2662037037037033,0.3135148280920266,0,5,2,0.4,5,2,0.4,0.0,4,2,2,0.5,42,164.42857142857142,0.5952380952380952,0,1,1,0
829721,2015-04-14,2015,Rajasthan Royals,Mumbai Indians,"Sardar Patel Stadium, Motera",Mumbai Indians,bat,106,0.5471698113207547,150.0754716981132,145.45283018867926,5.339622641509434,7.613200559624722,112,0.5625,152.85714285714286,145.08035714285714,5.535714285714286,7.547727800572888,-0.0153301886792452,-2.7816711590296563,0.3724730458221188,-0.1960916442048512,0.0654727590518335,1,5,2,0.4,5,2,0.4,0.0,14,5,9,0.35714285714285715,8,164.625,0.25,0,1,0,1
829725,2015-04-15,2015,Punjab Kings,Delhi Capitals,Maharashtra Cricket Association Stadium,Punjab Kings,bat,108,0.5277777777777778,157.61111111111111,152.4537037037037,5.351851851851852,8.006970335548711,106,0.4150943396226415,148.4811320754717,150.69811320754718,5.009433962264151,7.905963870329127,0.1126834381551362,9.129979035639424,1.7555904961565147,0.3424178895877015,0.1010064652195845,0,5,2,0.4,5,0,0.0,0.4,14,9,5,0.6428571428571429,2,140.5,0.0,1,0,0,1
829727,2015-04-16,2015,Sunrisers Hyderabad,Rajasthan Royals,Dr. Y.S. Rajasekhara Reddy ACA-VDCA Cricket Stadium,Rajasthan Royals,field,33,0.5151515151515151,144.12121212121212,147.75757575757575,5.454545454545454,7.596987795377823,107,0.5514018691588785,150.21495327102804,145.58878504672896,5.336448598130841,7.616983130959172,-0.0362503540073633,-6.093741149815912,2.1687907108467925,0.1180968564146134,-0.0199953355813482,0,5,3,0.6,5,3,0.6,0.0,5,2,3,0.4,2,165.5,0.5,0,1,1,0
829729,2015-04-17,2015,Mumbai Indians,Chennai Super Kings,Wankhede Stadium,Mumbai Indians,bat,113,0.5575221238938053,152.95575221238937,145.2566371681416,5.513274336283186,7.557090239410681,116,0.6120689655172413,159.76724137931035,147.56896551724137,5.594827586206897,7.719503945885005,-0.054546841623436,-6.811489166920978,-2.312328349099772,-0.0815532499237106,-0.1624137064743243,0,5,1,0.2,5,4,0.8,-0.6000000000000001,18,9,9,0.5,38,160.44736842105263,0.47368421052631576,1,0,0,1
829731,2015-04-18,2015,Sunrisers Hyderabad,Delhi Capitals,Dr. Y.S. Rajasekhara Reddy ACA-VDCA Cricket Stadium,Delhi Capitals,bat,34,0.5,143.61764705882354,147.1764705882353,5.411764705882353,7.560815915386552,107,0.4205607476635514,148.6728971962617,150.81308411214954,5.02803738317757,7.908355795148248,0.0794392523364486,-5.055250137438151,-3.636613523914235,0.3837273227047832,-0.3475398797616957,0,5,2,0.4,5,1,0.2,0.2,4,4,0,1.0,3,152.66666666666666,0.6666666666666666,0,1,0,1
829733,2015-04-18,2015,Punjab Kings,Kolkata Knight Riders,Maharashtra Cricket Association Stadium,Kolkata Knight Riders,field,109,0.5229357798165137,157.67889908256882,152.57798165137615,5.339449541284404,8.010435899494261,106,0.5094339622641509,146.4245283018868,142.46226415094338,4.981132075471698,7.495532759761747,0.0135018175523627,11.254370780682024,10.115717500432766,0.3583174658127062,0.5149031397325148,0,5,2,0.4,5,4,0.8,-0.4,15,6,9,0.4,3,148.66666666666666,0.3333333333333333,0,1,1,0
829735,2015-04-19,2015,Rajasthan Royals,Chennai Super Kings,"Sardar Patel Stadium, Motera",Chennai Super Kings,bat,108,0.5555555555555556,150.03703703703704,145.40740740740742,5.324074074074074,7.60422887579695,117,0.6153846153846154,160.01709401709402,147.84615384615384,5.606837606837607,7.730949720670391,-0.0598290598290598,-9.980056980056986,-2.4387464387464206,-0.282763532763532,-0.1267208448734411,1,5,4,0.8,5,4,0.8,0.0,15,5,10,0.3333333333333333,9,164.55555555555554,0.3333333333333333,0,1,0,1
829737,2015-04-19,2015,Royal Challengers Bengaluru,Mumbai Indians,M Chinnaswamy Stadium,Royal Challengers Bengaluru,field,109,0.4954128440366973,152.69724770642202,152.78899082568807,5.018348623853211,7.906630796012027,114,0.5526315789473685,153.21929824561403,145.640350877193,5.5,7.585897045385319,-0.0572187349106712,-0.5220505391920085,7.148639948495088,-0.4816513761467886,0.320733750626708,0,5,1,0.2,5,0,0.0,0.2,15,7,8,0.4666666666666667,43,164.46511627906978,0.6046511627906976,1,0,1,0
829739,2015-04-20,2015,Delhi Capitals,Kolkata Knight Riders,Feroz Shah Kotla,Kolkata Knight Riders,field,108,0.4259259259259259,148.84259259259258,150.89814814814815,5.046296296296297,7.909245328803689,107,0.514018691588785,146.54205607476635,142.48598130841123,5.009345794392523,7.493119266055046,-0.088092765662859,2.300536517826231,8.412166839736926,0.0369505019037736,0.4161260627486429,0,5,2,0.4,5,4,0.8,-0.4,13,6,7,0.46153846153846156,41,163.02439024390245,0.5609756097560976,0,1,1,0
829741,2015-04-21,2015,Rajasthan Royals,Punjab Kings,"Sardar Patel Stadium, Motera",Punjab Kings,field,109,0.5596330275229358,150.10091743119267,145.4862385321101,5.311926605504588,7.605147470226202,110,0.5181818181818182,157.65454545454546,152.62727272727273,5.345454545454546,8.01766953199618,0.0414512093411175,-7.553628023352786,-7.141034195162632,-0.0335279399499581,-0.4125220617699785,0,5,5,1.0,5,1,0.2,0.8,14,9,5,0.6428571428571429,10,163.7,0.4,0,1,1,0
829743,2015-04-22,2015,Sunrisers Hyderabad,Kolkata Knight Riders,Dr. Y.S. Rajasekhara Reddy ACA-VDCA Cricket Stadium,Kolkata Knight Riders,field,35,0.4857142857142857,144.17142857142858,147.65714285714284,5.371428571428571,7.579564898557809,108,0.5185185185185185,146.5462962962963,142.49074074074073,5.027777777777778,7.489779364049319,-0.0328042328042327,-2.374867724867727,5.166402116402111,0.3436507936507933,0.0897855345084899,1,5,1,0.2,5,4,0.8,-0.6000000000000001,4,1,3,0.25,4,156.25,0.5,0,1,1,0
829745,2015-04-22,2015,Royal Challengers Bengaluru,Chennai Super Kings,M Chinnaswamy Stadium,Royal Challengers Bengaluru,field,110,0.4909090909090909,153.04545454545453,153.26363636363635,5.027272727272727,7.92867220567487,118,0.6101694915254238,159.98305084745763,147.92372881355934,5.576271186440678,7.737717029922423,-0.1192604006163328,-6.937596302003101,5.339907550077015,-0.5489984591679509,0.190955175752447,0,5,1,0.2,5,3,0.6,-0.39999999999999997,16,7,9,0.4375,44,165.47727272727272,0.5909090909090909,1,0,1,0
829747,2015-04-23,2015,Delhi Capitals,Mumbai Indians,Feroz Shah Kotla,Mumbai Indians,field,109,0.4220183486238532,148.8165137614679,150.8256880733945,5.036697247706422,7.90891597177678,115,0.5565217391304348,153.70434782608694,146.02608695652174,5.504347826086956,7.603229701177181,-0.1345033905065815,-4.887834064619057,4.799601116872765,-0.4676505783805345,0.3056862705995993,1,5,2,0.4,5,1,0.2,0.2,14,7,7,0.5,42,162.61904761904762,0.5714285714285714,0,1,1,0
829749,2015-04-24,2015,Rajasthan Royals,Royal Challengers Bengaluru,"Sardar Patel Stadium, Motera",Royal Challengers Bengaluru,field,110,0.5545454545454546,150.52727272727273,145.9909090909091,5.3090909090909095,7.624752710295166,111,0.4864864864864865,153.05405405405406,153.45045045045046,5.054054054054054,7.935859605528808,0.068058968058968,-2.5267813267813324,-7.459541359541362,0.2550368550368551,-0.3111068952336424,0,5,4,0.8,5,1,0.2,0.6000000000000001,13,7,6,0.5384615384615384,11,166.1818181818182,0.45454545454545453,0,1,1,0
829751,2015-04-25,2015,Mumbai Indians,Sunrisers Hyderabad,Wankhede Stadium,Mumbai Indians,bat,116,0.5517241379310345,153.69827586206895,146.39655172413794,5.491379310344827,7.619802572539635,36,0.5,145.05555555555554,146.36111111111111,5.333333333333333,7.594042757626711,0.0517241379310344,8.64272030651341,0.0354406130268216,0.1580459770114943,0.0257598149129245,1,5,1,0.2,5,2,0.4,-0.2,4,2,2,0.5,39,161.02564102564102,0.48717948717948717,1,0,0,1
829753,2015-04-25,2015,Chennai Super Kings,Punjab Kings,"MA Chidambaram Stadium, Chepauk",Chennai Super Kings,bat,119,0.6134453781512605,160.1596638655462,147.9327731092437,5.588235294117647,7.735188575613328,111,0.5225225225225225,158.0900900900901,153.0,5.36036036036036,8.031685977772524,0.090922855628738,2.0695737754561208,-5.067226890756302,0.2278749337572865,-0.2964974021591962,1,5,4,0.8,5,2,0.4,0.4,15,8,7,0.5333333333333333,43,166.97674418604652,0.37209302325581395,1,0,0,1
829757,2015-04-26,2015,Delhi Capitals,Royal Challengers Bengaluru,Feroz Shah Kotla,Royal Challengers Bengaluru,field,110,0.4272727272727272,149.1909090909091,150.8272727272727,5.072727272727272,7.905495552731894,112,0.4910714285714285,152.88392857142858,153.23214285714286,5.080357142857143,7.922141867979689,-0.0637987012987013,-3.693019480519496,-2.404870129870148,-0.0076298701298709,-0.0166463152477946,0,5,3,0.6,5,2,0.4,0.19999999999999996,13,5,8,0.38461538461538464,43,163.25581395348837,0.5581395348837209,0,1,1,0
829759,2015-04-27,2015,Punjab Kings,Sunrisers Hyderabad,"Punjab Cricket Association Stadium, Mohali",Punjab Kings,field,112,0.5178571428571429,157.52678571428572,153.33035714285714,5.330357142857143,8.045443897868353,37,0.4864864864864865,144.83783783783784,146.6216216216216,5.405405405405405,7.599813215036189,0.0313706563706563,12.688947876447884,6.708735521235525,-0.075048262548262,0.4456306828321636,0,5,2,0.4,5,2,0.4,0.0,4,2,2,0.5,31,166.3548387096774,0.6129032258064516,1,0,1,0
829765,2015-04-28,2015,Chennai Super Kings,Kolkata Knight Riders,"MA Chidambaram Stadium, Chepauk",Kolkata Knight Riders,field,120,0.6166666666666667,160.425,147.46666666666667,5.616666666666666,7.707876588021778,109,0.5137614678899083,146.12844036697248,142.77981651376146,5.018348623853211,7.501446015424165,0.1029051987767584,14.296559633027528,4.686850152905208,0.5983180428134549,0.206430572597613,1,5,4,0.8,5,3,0.6,0.20000000000000007,14,9,5,0.6428571428571429,44,167.54545454545453,0.36363636363636365,0,1,1,0
829723,2015-04-30,2015,Kolkata Knight Riders,Chennai Super Kings,Eden Gardens,Kolkata Knight Riders,field,110,0.509090909090909,146.0,142.6727272727273,5.0181818181818185,7.49236155315086,121,0.6198347107438017,160.20661157024793,147.32231404958677,5.636363636363637,7.697445124145376,-0.1107438016528926,-14.20661157024793,-4.649586776859479,-0.6181818181818182,-0.2050835709945158,1,5,2,0.4,5,4,0.8,-0.4,15,5,10,0.3333333333333333,42,149.97619047619048,0.6428571428571429,1,0,1,0
829767,2015-05-01,2015,Delhi Capitals,Punjab Kings,Feroz Shah Kotla,Delhi Capitals,field,111,0.4234234234234234,148.7027027027027,150.36036036036035,5.027027027027027,7.913077834847887,113,0.5132743362831859,157.28318584070797,153.2920353982301,5.336283185840708,8.039916453933627,-0.0898509128597624,-8.580483138005263,-2.931675037869724,-0.3092561588136808,-0.1268386190857393,1,5,3,0.6,5,1,0.2,0.39999999999999997,15,6,9,0.4,44,161.70454545454547,0.5681818181818182,1,0,1,0
829769,2015-05-01,2015,Mumbai Indians,Rajasthan Royals,Wankhede Stadium,Rajasthan Royals,field,117,0.5555555555555556,153.72649572649573,146.2991452991453,5.512820512820513,7.612066409724282,111,0.5495495495495496,150.3423423423423,145.83783783783784,5.27027027027027,7.627454059996858,0.0060060060060059,3.384153384153393,0.4613074613074559,0.2425502425502426,-0.0153876502725767,1,5,2,0.4,5,3,0.6,-0.19999999999999996,15,9,6,0.6,40,160.925,0.475,0,1,1,0
829771,2015-05-02,2015,Royal Challengers Bengaluru,Kolkata Knight Riders,M Chinnaswamy Stadium,Royal Challengers Bengaluru,field,113,0.495575221238938,152.4070796460177,152.69911504424778,5.115044247787611,7.898230088495576,111,0.5135135135135135,146.2072072072072,142.74774774774775,5.054054054054054,7.492906683480454,-0.0179382922745754,6.199872438810502,9.951367296500024,0.0609901937335566,0.405323405015122,1,5,2,0.4,5,3,0.6,-0.19999999999999996,15,7,8,0.4666666666666667,45,165.82222222222222,0.5777777777777777,1,0,1,0
829773,2015-05-02,2015,Sunrisers Hyderabad,Chennai Super Kings,"Rajiv Gandhi International Stadium, Uppal",Chennai Super Kings,field,38,0.5,144.97368421052633,146.1315789473684,5.473684210526316,7.567113331819214,122,0.6147540983606558,160.24590163934425,147.45901639344262,5.614754098360656,7.702297702297702,-0.1147540983606557,-15.272217428817925,-1.3274374460742138,-0.1410698878343401,-0.1351843704784885,1,5,2,0.4,5,3,0.6,-0.19999999999999996,5,1,4,0.2,30,156.63333333333333,0.6666666666666666,0,1,1,0
829775,2015-05-03,2015,Punjab Kings,Mumbai Indians,"Punjab Cricket Association Stadium, Mohali",Mumbai Indians,bat,114,0.5087719298245614,156.93859649122808,152.97368421052633,5.298245614035087,8.042582628747118,118,0.559322033898305,154.0084745762712,146.5593220338983,5.516949152542373,7.622979723773142,-0.0505501040737436,2.930121914956885,6.414362176628032,-0.2187035385072855,0.419602904973976,0,5,1,0.2,5,3,0.6,-0.39999999999999997,15,8,7,0.5333333333333333,32,165.84375,0.59375,0,1,0,1
829777,2015-05-03,2015,Rajasthan Royals,Delhi Capitals,Brabourne Stadium,Delhi Capitals,field,112,0.5446428571428571,150.59821428571428,146.17857142857142,5.267857142857143,7.642134744048545,112,0.4285714285714285,148.4375,150.0625,5.053571428571429,7.893698630136987,0.1160714285714285,2.1607142857142776,-3.883928571428584,0.2142857142857144,-0.2515638860884417,1,5,2,0.4,5,3,0.6,-0.19999999999999996,15,9,6,0.6,7,173.57142857142858,0.5714285714285714,0,1,1,0
829779,2015-05-04,2015,Chennai Super Kings,Royal Challengers Bengaluru,"MA Chidambaram Stadium, Chepauk",Chennai Super Kings,bat,123,0.6097560975609756,160.3252032520325,147.8130081300813,5.617886178861789,7.717985000707515,114,0.5,152.07894736842104,152.30701754385964,5.096491228070176,7.9114520048602675,0.1097560975609756,8.246255883611468,-4.494009413778343,0.5213949507916134,-0.1934670041527528,1,5,3,0.6,5,3,0.6,0.0,17,10,7,0.5882352941176471,45,166.8,0.35555555555555557,1,0,0,1
829781,2015-05-04,2015,Kolkata Knight Riders,Sunrisers Hyderabad,Eden Gardens,Sunrisers Hyderabad,field,112,0.5089285714285714,145.89285714285714,142.5,5.035714285714286,7.512945237721637,39,0.5128205128205128,146.17948717948718,146.66666666666666,5.461538461538462,7.587884147689586,-0.0038919413919413,-0.2866300366300436,-4.166666666666657,-0.4258241758241761,-0.0749389099679485,1,5,2,0.4,5,3,0.6,-0.19999999999999996,5,3,2,0.6,43,150.32558139534885,0.6511627906976745,0,1,1,0
829783,2015-05-05,2015,Mumbai Indians,Delhi Capitals,Wankhede Stadium,Delhi Capitals,bat,119,0.5630252100840336,154.1596638655462,146.50420168067228,5.504201680672269,7.617535683076027,113,0.4247787610619469,148.67256637168143,150.38053097345133,5.026548672566372,7.906785575804576,0.1382464490220867,5.4870974938647805,-3.876329292779048,0.4776530081058974,-0.2892498927285487,1,5,4,0.8,5,2,0.4,0.4,15,7,8,0.4666666666666667,41,161.5609756097561,0.4634146341463415,0,1,0,1
829785,2015-05-06,2015,Royal Challengers Bengaluru,Punjab Kings,M Chinnaswamy Stadium,Punjab Kings,field,115,0.4956521739130435,151.83478260869566,152.26956521739132,5.121739130434783,7.906833232992174,115,0.5043478260869565,156.8695652173913,153.11304347826086,5.278260869565218,8.046306169078445,-0.0086956521739129,-5.03478260869565,-0.8434782608695457,-0.1565217391304347,-0.1394729360862712,1,5,3,0.6,5,1,0.2,0.39999999999999997,14,5,9,0.35714285714285715,46,164.6304347826087,0.5869565217391305,0,1,1,0
829761,2015-05-07,2015,Kolkata Knight Riders,Delhi Capitals,Eden Gardens,Kolkata Knight Riders,bat,113,0.5132743362831859,146.0796460176991,142.4070796460177,5.053097345132743,7.504430281361728,114,0.4210526315789473,148.7017543859649,150.39473684210526,5.026315789473684,7.905779280664003,0.0922217047042385,-2.622108368265799,-7.987657196087554,0.0267815556590589,-0.4013489993022752,1,5,2,0.4,5,2,0.4,0.0,14,8,6,0.5714285714285714,44,150.70454545454547,0.6363636363636364,1,0,0,1
829787,2015-05-07,2015,Rajasthan Royals,Sunrisers Hyderabad,Brabourne Stadium,Rajasthan Royals,field,113,0.5486725663716814,150.93805309734512,146.39823008849558,5.283185840707965,7.6505318328965615,40,0.5,145.825,147.025,5.475,7.599827697609304,0.0486725663716813,5.11305309734513,-0.6267699115044252,-0.1918141592920346,0.0507041352872574,0,5,2,0.4,5,3,0.6,-0.19999999999999996,6,4,2,0.6666666666666666,8,175.5,0.5,1,0,1,0
829789,2015-05-08,2015,Chennai Super Kings,Mumbai Indians,"MA Chidambaram Stadium, Chepauk",Chennai Super Kings,bat,124,0.6129032258064516,160.2258064516129,147.61290322580646,5.637096774193548,7.705865843390401,120,0.5666666666666667,154.15,146.525,5.508333333333334,7.616084319953797,0.0462365591397849,6.075806451612891,1.087903225806457,0.1287634408602143,0.0897815234366037,0,5,3,0.6,5,4,0.8,-0.20000000000000007,19,10,9,0.5263157894736842,46,166.3913043478261,0.34782608695652173,1,0,0,1
829791,2015-05-09,2015,Kolkata Knight Riders,Punjab Kings,Eden Gardens,Punjab Kings,bat,114,0.5175438596491229,146.2982456140351,142.52631578947367,5.06140350877193,7.50716155860157,116,0.5,156.27586206896552,153.7155172413793,5.258620689655173,8.074415094339622,0.0175438596491228,-9.977616454930429,-11.189201451905632,-0.1972171808832428,-0.5672535357380522,1,5,3,0.6,5,0,0.0,0.6,16,10,6,0.625,45,151.15555555555557,0.6222222222222222,0,1,0,1
829793,2015-05-09,2015,Delhi Capitals,Sunrisers Hyderabad,Shaheed Veer Narayan Singh International Stadium,Sunrisers Hyderabad,bat,115,0.417391304347826,148.7826086956522,150.54782608695652,5.034782608695652,7.91029546146817,41,0.5121951219512195,147.17073170731706,148.02439024390245,5.512195121951219,7.645181608230106,-0.0948038176033934,1.6118769883351265,2.5234358430540738,-0.4774125132555671,0.2651138532380637,0,5,1,0.2,5,3,0.6,-0.39999999999999997,5,1,4,0.2,2,150.0,0.5,0,1,0,1
829795,2015-05-10,2015,Mumbai Indians,Royal Challengers Bengaluru,Wankhede Stadium,Royal Challengers Bengaluru,bat,121,0.5702479338842975,154.1900826446281,146.6198347107438,5.4958677685950414,7.618522759805326,116,0.5,152.47413793103448,151.67241379310346,5.163793103448276,7.895587135377711,0.0702479338842975,1.7159447135936148,-5.052579082359671,0.3320746651467656,-0.2770643755723849,0,5,5,1.0,5,4,0.8,0.19999999999999996,16,9,7,0.5625,42,161.33333333333334,0.47619047619047616,0,1,0,1
829797,2015-05-10,2015,Chennai Super Kings,Rajasthan Royals,"MA Chidambaram Stadium, Chepauk",Chennai Super Kings,bat,125,0.608,160.208,147.696,5.616,7.709632516703786,114,0.543859649122807,151.31578947368422,146.83333333333334,5.271929824561403,7.67023063998778,0.0641403508771929,8.892210526315779,0.8626666666666551,0.3440701754385964,0.0394018767160062,1,5,2,0.4,5,1,0.2,0.2,16,10,6,0.625,47,166.2127659574468,0.3617021276595745,1,0,0,1
829799,2015-05-11,2015,Sunrisers Hyderabad,Punjab Kings,"Rajiv Gandhi International Stadium, Uppal",Sunrisers Hyderabad,bat,42,0.5238095238095238,147.54761904761904,148.16666666666666,5.476190476190476,7.646528773295105,117,0.4957264957264957,156.5042735042735,153.94871794871796,5.273504273504273,8.083775899468922,0.028083028083028,-8.956654456654462,-5.782051282051299,0.2026862026862028,-0.4372471261738164,1,5,4,0.8,5,0,0.0,0.8,5,3,2,0.6,31,157.7741935483871,0.6451612903225806,1,0,0,1
829801,2015-05-12,2015,Delhi Capitals,Chennai Super Kings,Shaheed Veer Narayan Singh International Stadium,Chennai Super Kings,bat,116,0.4137931034482758,148.85344827586206,150.64655172413794,5.025862068965517,7.912013281014187,126,0.6111111111111112,160.18253968253967,147.65873015873015,5.642857142857143,7.704997239094423,-0.1973180076628353,-11.329091406677604,2.987821565407785,-0.6169950738916263,0.2070160419197639,1,5,1,0.2,5,2,0.4,-0.2,15,4,11,0.26666666666666666,3,154.33333333333334,0.3333333333333333,0,1,0,1
829803,2015-05-13,2015,Punjab Kings,Royal Challengers Bengaluru,"Punjab Cricket Association Stadium, Mohali",Royal Challengers Bengaluru,field,118,0.4915254237288136,156.70338983050848,154.20338983050848,5.262711864406779,8.093705982652532,117,0.5042735042735043,153.17948717948718,152.04273504273505,5.170940170940171,7.912083024462564,-0.0127480805446906,3.5239026510213023,2.1606547877734386,0.0917716934666081,0.1816229581899673,1,5,0,0.0,5,4,0.8,-0.8,15,9,6,0.6,33,166.03030303030303,0.5757575757575758,0,1,1,0
829805,2015-05-14,2015,Mumbai Indians,Kolkata Knight Riders,Wankhede Stadium,Kolkata Knight Riders,field,122,0.5655737704918032,154.5327868852459,147.34426229508196,5.459016393442623,7.653704229349986,115,0.5217391304347826,146.62608695652173,142.84347826086957,5.060869565217391,7.520372348542652,0.0438346400570206,7.90669992872418,4.500784034212387,0.3981468282252312,0.1333318808073347,1,5,4,0.8,5,4,0.8,0.0,15,10,5,0.6666666666666666,43,163.04651162790697,0.46511627906976744,0,1,1,0
829807,2015-05-15,2015,Sunrisers Hyderabad,Royal Challengers Bengaluru,"Rajiv Gandhi International Stadium, Uppal",Sunrisers Hyderabad,bat,43,0.5348837209302325,148.41860465116278,148.8372093023256,5.511627906976744,7.675394763142115,118,0.5,152.59322033898306,151.64406779661016,5.177966101694915,7.923542435424354,0.0348837209302325,-4.174615687820278,-2.806858494284569,0.333661805281829,-0.2481476722822391,0,5,4,0.8,5,3,0.6,0.20000000000000007,5,3,2,0.6,32,158.625,0.625,1,0,0,1
829809,2015-05-16,2015,Punjab Kings,Chennai Super Kings,"Punjab Cricket Association Stadium, Mohali",Punjab Kings,bat,119,0.4957983193277311,156.27731092436974,153.57142857142858,5.26890756302521,8.09284818067754,127,0.6062992125984252,159.85826771653544,147.44094488188978,5.62992125984252,7.701535508637235,-0.1105008932706941,-3.580956792165693,6.130483689538806,-0.3610136968173094,0.3913126720403053,0,5,1,0.2,5,2,0.4,-0.2,16,7,9,0.4375,34,164.26470588235293,0.5588235294117647,1,0,0,1
829811,2015-05-16,2015,Rajasthan Royals,Kolkata Knight Riders,Brabourne Stadium,Rajasthan Royals,bat,115,0.5391304347826087,151.2608695652174,146.91304347826087,5.260869565217392,7.671409111548357,116,0.5172413793103449,146.79310344827587,143.07758620689654,5.051724137931035,7.529260547406623,0.0218890554722638,4.467766116941533,3.8354572713643336,0.2091454272863568,0.1421485641417339,1,5,1,0.2,5,3,0.6,-0.39999999999999997,14,8,6,0.5714285714285714,9,178.33333333333334,0.4444444444444444,1,0,0,1
829815,2015-05-17,2015,Sunrisers Hyderabad,Mumbai Indians,"Rajiv Gandhi International Stadium, Uppal",Sunrisers Hyderabad,bat,44,0.5227272727272727,148.11363636363637,147.3409090909091,5.454545454545454,7.720921000396983,123,0.5691056910569106,154.66666666666666,147.4878048780488,5.463414634146342,7.658739093723614,-0.0463784183296378,-6.553030303030283,-0.1468957871396981,-0.0088691796008877,0.062181906673369,0,5,3,0.6,5,4,0.8,-0.20000000000000007,5,2,3,0.4,33,157.9090909090909,0.6363636363636364,1,0,0,1
829817,2015-05-19,2015,Chennai Super Kings,Mumbai Indians,Wankhede Stadium,Mumbai Indians,bat,128,0.609375,159.65625,147.2578125,5.640625,7.689284742997008,124,0.5725806451612904,154.33870967741936,147.19354838709677,5.491935483870968,7.641082891431761,0.0367943548387096,5.317540322580641,0.0642641129032313,0.148689516129032,0.0482018515652464,0,5,3,0.6,5,4,0.8,-0.20000000000000007,20,10,10,0.5,44,163.22727272727272,0.45454545454545453,0,1,0,1
829819,2015-05-20,2015,Royal Challengers Bengaluru,Rajasthan Royals,Maharashtra Cricket Association Stadium,Royal Challengers Bengaluru,bat,119,0.5042016806722689,152.0084033613445,151.48739495798318,5.159663865546219,7.943742655699177,116,0.5431034482758621,151.67241379310346,147.25862068965515,5.293103448275862,7.686515674216289,-0.0389017676035932,0.3359895682410752,4.22877426832801,-0.1334395827296433,0.257226981482888,1,5,3,0.6,5,2,0.4,0.19999999999999996,14,7,7,0.5,4,150.25,0.5,1,0,0,1
829821,2015-05-22,2015,Chennai Super Kings,Royal Challengers Bengaluru,JSCA International Stadium Complex,Chennai Super Kings,field,129,0.6046511627906976,159.67441860465115,147.56589147286823,5.6434108527131785,7.702724575128135,120,0.5083333333333333,152.24166666666667,151.13333333333333,5.191666666666666,7.925418790968681,0.0963178294573643,7.432751937984477,-3.5674418604650957,0.4517441860465121,-0.222694215840546,1,5,2,0.4,5,4,0.8,-0.4,18,11,7,0.6111111111111112,6,150.66666666666666,0.6666666666666666,1,0,1,0
829823,2015-05-24,2015,Mumbai Indians,Chennai Super Kings,Eden Gardens,Chennai Super Kings,field,125,0.576,154.6,147.304,5.52,7.647653329641423,130,0.6076923076923076,159.52307692307693,147.48461538461538,5.653846153846154,7.695879047364196,-0.0316923076923076,-4.923076923076934,-0.180615384615379,-0.1338461538461546,-0.0482257177227722,1,5,4,0.8,5,3,0.6,0.20000000000000007,21,11,10,0.5238095238095238,46,151.84782608695653,0.6304347826086957,0,1,1,0
980901,2016-04-09,2016,Mumbai Indians,Rising Pune Supergiants,Wankhede Stadium,Mumbai Indians,bat,126,0.5793650793650794,154.97619047619048,147.3968253968254,5.53968253968254,7.650144171357957,0,0.5,0.0,0.0,0.0,0.0,0.0793650793650794,154.97619047619048,147.3968253968254,5.53968253968254,7.650144171357957,0,5,4,0.8,0,0,0.5,0.30000000000000004,0,0,0,0.5,45,163.75555555555556,0.4444444444444444,1,0,0,1
980903,2016-04-10,2016,Kolkata Knight Riders,Delhi Capitals,Eden Gardens,Kolkata Knight Riders,field,117,0.5128205128205128,147.16239316239316,143.52136752136752,5.042735042735043,7.54922823317848,117,0.4188034188034188,148.60683760683762,150.31623931623932,5.034188034188034,7.89126533054143,0.0940170940170939,-1.444444444444457,-6.794871794871796,0.0085470085470085,-0.34203709736295,1,5,3,0.6,5,1,0.2,0.39999999999999997,15,9,6,0.6,47,152.91489361702128,0.6170212765957447,1,0,1,0
980905,2016-04-11,2016,Punjab Kings,Gujarat Lions,"Punjab Cricket Association IS Bindra Stadium, Mohali",Gujarat Lions,field,120,0.4916666666666666,156.05833333333334,153.40833333333333,5.25,8.091868131868132,0,0.5,0.0,0.0,0.0,0.0,-0.0083333333333333,156.05833333333334,153.40833333333333,5.25,8.091868131868132,0,5,1,0.2,0,0,0.5,-0.3,0,0,0,0.5,0,0.0,0.5,0,1,1,0
980907,2016-04-12,2016,Royal Challengers Bengaluru,Sunrisers Hyderabad,M Chinnaswamy Stadium,Sunrisers Hyderabad,field,121,0.5041322314049587,152.13223140495867,151.0082644628099,5.198347107438017,7.9162394396707345,45,0.5111111111111111,147.33333333333334,146.53333333333333,5.355555555555555,7.725834797891037,-0.0069788797061524,4.798898071625331,4.474931129476573,-0.1572084481175384,0.1904046417796978,1,5,3,0.6,5,3,0.6,0.0,6,3,3,0.5,47,165.93617021276594,0.574468085106383,0,1,1,0
980909,2016-04-13,2016,Kolkata Knight Riders,Mumbai Indians,Eden Gardens,Mumbai Indians,field,118,0.5169491525423728,146.75423728813558,143.135593220339,5.084745762711864,7.5334522747546835,127,0.5748031496062992,154.70866141732284,147.2204724409449,5.503937007874016,7.655384195441517,-0.0578539970639263,-7.9544241291872595,-4.084879220605899,-0.4191912451621515,-0.1219319206868334,0,5,3,0.6,5,4,0.8,-0.20000000000000007,16,5,11,0.3125,48,151.77083333333334,0.625,0,1,1,0
980911,2016-04-14,2016,Gujarat Lions,Rising Pune Supergiants,Saurashtra Cricket Association Stadium,Rising Pune Supergiants,bat,1,1.0,162.0,158.0,6.0,7.9,1,1.0,126.0,120.0,8.0,6.0,0.0,36.0,38.0,-2.0,1.9000000000000004,1,1,1,1.0,1,1,1.0,0.0,0,0,0,0.5,0,0.0,0.5,0,1,0,1
980913,2016-04-15,2016,Delhi Capitals,Punjab Kings,Feroz Shah Kotla,Delhi Capitals,field,118,0.4152542372881356,148.17796610169492,149.864406779661,5.0,7.884669688637883,121,0.4876033057851239,156.099173553719,153.45454545454547,5.239669421487603,8.098865949403898,-0.0723490684969883,-7.921207452024078,-3.5901386748844573,-0.2396694214876031,-0.2141962607660144,1,5,1,0.2,5,1,0.2,0.0,16,7,9,0.4375,45,160.73333333333332,0.5777777777777777,1,0,1,0
980915,2016-04-16,2016,Sunrisers Hyderabad,Kolkata Knight Riders,"Rajiv Gandhi International Stadium, Uppal",Sunrisers Hyderabad,bat,46,0.5,148.08695652173913,148.2391304347826,5.326086956521739,7.806525472238122,119,0.5126050420168067,147.0924369747899,143.49579831932772,5.067226890756302,7.551853762806811,-0.0126050420168066,0.9945195469492204,4.743332115454876,0.2588600657654369,0.2546717094313111,0,5,2,0.4,5,2,0.4,0.0,6,2,4,0.3333333333333333,34,156.58823529411765,0.6470588235294118,1,0,0,1
980917,2016-04-16,2016,Mumbai Indians,Gujarat Lions,Wankhede Stadium,Gujarat Lions,field,128,0.578125,154.96875,147.5078125,5.4921875,7.667930147556517,2,1.0,163.0,159.5,5.5,7.975,-0.421875,-8.03125,-11.9921875,-0.0078125,-0.3070698524434823,0,5,4,0.8,2,2,1.0,-0.19999999999999996,0,0,0,0.5,46,162.82608695652175,0.45652173913043476,0,1,1,0
980919,2016-04-17,2016,Punjab Kings,Rising Pune Supergiants,"Punjab Cricket Association IS Bindra Stadium, Mohali",Rising Pune Supergiants,bat,122,0.4836065573770491,155.7295081967213,153.0737704918033,5.213114754098361,8.097853580978537,2,0.5,144.5,138.5,5.5,7.2894736842105265,-0.0163934426229508,11.229508196721298,14.573770491803288,-0.2868852459016393,0.8083798967680105,1,5,1,0.2,2,1,0.5,-0.3,0,0,0,0.5,1,161.0,1.0,0,1,0,1
980921,2016-04-17,2016,Royal Challengers Bengaluru,Delhi Capitals,M Chinnaswamy Stadium,Delhi Capitals,field,122,0.5081967213114754,152.74590163934425,151.24590163934425,5.204918032786885,7.925549430882669,119,0.4201680672268907,147.88235294117646,149.52941176470588,5.016806722689076,7.863592840833762,0.0880286540845846,4.86354869816779,1.71648987463837,0.1881113100978098,0.0619565900489069,0,5,3,0.6,5,2,0.4,0.19999999999999996,14,9,5,0.6428571428571429,48,167.20833333333334,0.5625,0,1,1,0
980923,2016-04-18,2016,Sunrisers Hyderabad,Mumbai Indians,"Rajiv Gandhi International Stadium, Uppal",Sunrisers Hyderabad,field,47,0.4893617021276595,147.95744680851064,148.19148936170214,5.25531914893617,7.809755185946551,129,0.5736434108527132,154.87596899224806,147.4496124031008,5.503875968992248,7.662548677319726,-0.0842817087250536,-6.918522183737423,0.7418769586013525,-0.2485568200560779,0.1472065086268257,1,5,1,0.2,5,3,0.6,-0.39999999999999997,6,2,4,0.3333333333333333,35,156.17142857142858,0.6571428571428571,1,0,1,0
980925,2016-04-19,2016,Punjab Kings,Kolkata Knight Riders,"Punjab Cricket Association IS Bindra Stadium, Mohali",Kolkata Knight Riders,field,123,0.4878048780487805,155.70731707317074,153.0,5.219512195121951,8.090133982947625,120,0.5166666666666667,147.08333333333334,143.45833333333334,5.075,7.54657704391028,-0.0288617886178862,8.6239837398374,9.541666666666655,0.1445121951219512,0.5435569390373454,0,5,2,0.4,5,2,0.4,0.0,17,6,11,0.35294117647058826,2,156.5,1.0,0,1,1,0
980927,2016-04-20,2016,Mumbai Indians,Royal Challengers Bengaluru,Wankhede Stadium,Mumbai Indians,field,130,0.5692307692307692,154.77692307692308,147.41538461538462,5.484615384615385,7.666111074071605,123,0.5040650406504065,153.0569105691057,151.5528455284553,5.186991869918699,7.941351888667992,0.0651657285803627,1.720012507817387,-4.137460913070669,0.2976235146966859,-0.2752408145963869,1,5,2,0.4,5,3,0.6,-0.19999999999999996,17,9,8,0.5294117647058824,47,162.40425531914894,0.46808510638297873,1,0,1,0
980929,2016-04-21,2016,Gujarat Lions,Sunrisers Hyderabad,Saurashtra Cricket Association Stadium,Sunrisers Hyderabad,field,3,1.0,157.66666666666666,153.33333333333334,6.0,7.666666666666667,48,0.5,147.89583333333334,148.02083333333334,5.25,7.791994150977883,0.5,9.770833333333314,5.3125,0.75,-0.1253274843112164,0,3,3,1.0,5,1,0.2,0.8,0,0,0,0.5,1,163.0,1.0,0,1,1,0
980931,2016-04-22,2016,Rising Pune Supergiants,Royal Challengers Bengaluru,Maharashtra Cricket Association Stadium,Rising Pune Supergiants,field,3,0.3333333333333333,147.0,143.33333333333334,5.0,7.588235294117648,124,0.5,153.19354838709677,151.7016129032258,5.17741935483871,7.952790304396843,-0.1666666666666666,-6.193548387096769,-8.36827956989245,-0.1774193548387099,-0.3645550102791954,0,3,1,0.3333333333333333,5,2,0.4,-0.06666666666666671,0,0,0,0.5,5,156.2,0.4,1,0,1,0
980933,2016-04-23,2016,Delhi Capitals,Mumbai Indians,Feroz Shah Kotla,Mumbai Indians,field,120,0.425,148.25,149.80833333333334,5.008333333333334,7.874863108709936,131,0.5725190839694656,154.90076335877862,147.5648854961832,5.488549618320611,7.671539122957867,-0.1475190839694656,-6.650763358778619,2.2434478371501427,-0.4802162849872768,0.2033239857520685,1,5,3,0.6,5,2,0.4,0.19999999999999996,16,8,8,0.5,46,159.65217391304347,0.5869565217391305,0,1,1,0
980935,2016-04-23,2016,Sunrisers Hyderabad,Punjab Kings,"Rajiv Gandhi International Stadium, Uppal",Sunrisers Hyderabad,field,49,0.5102040816326531,147.6734693877551,147.71428571428572,5.306122448979592,7.767483455553568,124,0.4838709677419355,155.56451612903226,152.86290322580646,5.209677419354839,8.088904694167852,0.0263331138907175,-7.891046741277165,-5.14861751152074,0.0964450296247525,-0.3214212386142838,1,5,2,0.4,5,1,0.2,0.2,6,4,2,0.6666666666666666,36,155.77777777777777,0.6666666666666666,1,0,1,0
980937,2016-04-24,2016,Gujarat Lions,Royal Challengers Bengaluru,Saurashtra Cricket Association Stadium,Royal Challengers Bengaluru,bat,4,0.75,152.0,149.0,4.5,7.964365256124722,125,0.504,153.448,151.856,5.192,7.957797652319731,0.246,-1.4480000000000075,-2.8559999999999945,-0.6920000000000002,0.0065676038049913,1,4,3,0.75,5,2,0.4,0.35,0,0,0,0.5,2,149.0,1.0,0,1,0,1
980939,2016-04-24,2016,Rising Pune Supergiants,Kolkata Knight Riders,Maharashtra Cricket Association Stadium,Kolkata Knight Riders,field,4,0.25,153.25,153.75,4.5,8.021739130434781,121,0.5206611570247934,147.03305785123968,143.39669421487602,5.090909090909091,7.540088360976317,-0.2706611570247934,6.2169421487603245,10.35330578512398,-0.5909090909090908,0.4816507694584642,0,4,1,0.25,5,3,0.6,-0.35,0,0,0,0.5,6,161.0,0.3333333333333333,0,1,1,0
980941,2016-04-25,2016,Punjab Kings,Mumbai Indians,"Punjab Cricket Association IS Bindra Stadium, Mohali",Punjab Kings,field,125,0.48,155.464,152.808,5.192,8.0896449495306,132,0.5681818181818182,154.8939393939394,147.66666666666666,5.477272727272728,7.674519325415053,-0.0881818181818182,0.5700606060605935,5.141333333333336,-0.2852727272727273,0.4151256241155465,0,5,1,0.2,5,2,0.4,-0.2,16,8,8,0.5,3,150.33333333333334,1.0,1,0,1,0
980943,2016-04-26,2016,Sunrisers Hyderabad,Rising Pune Supergiants,"Rajiv Gandhi International Stadium, Uppal",Rising Pune Supergiants,field,50,0.52,147.64,147.6,5.3,7.75345823848713,5,0.2,154.6,155.4,5.0,8.079722703639515,0.32,-6.960000000000008,-7.800000000000011,0.2999999999999998,-0.3262644651523851,0,5,3,0.6,5,1,0.2,0.39999999999999997,0,0,0,0.5,37,155.43243243243242,0.6756756756756757,0,1,1,0
980945,2016-04-27,2016,Delhi Capitals,Gujarat Lions,Feroz Shah Kotla,Delhi Capitals,field,121,0.4297520661157025,148.3801652892562,149.83471074380165,5.0,7.872910183107765,5,0.8,158.0,155.0,4.0,8.172231985940247,-0.3702479338842975,-9.619834710743788,-5.165289256198349,1.0,-0.2993218028324813,0,5,4,0.8,5,4,0.8,0.0,0,0,0,0.5,47,159.74468085106383,0.574468085106383,1,0,1,0
980947,2016-04-28,2016,Mumbai Indians,Kolkata Knight Riders,Wankhede Stadium,Mumbai Indians,field,133,0.5714285714285714,155.15037593984962,147.77443609022558,5.488721804511278,7.67784360961,122,0.5245901639344263,147.15573770491804,143.48360655737704,5.081967213114754,7.541466216701372,0.0468384074941451,7.994638234931585,4.290829532848534,0.406754591396524,0.1363773929086278,1,5,2,0.4,5,4,0.8,-0.4,17,12,5,0.7058823529411765,48,162.5625,0.4791666666666667,1,0,1,0
980949,2016-04-29,2016,Rising Pune Supergiants,Gujarat Lions,Maharashtra Cricket Association Stadium,Gujarat Lions,field,6,0.3333333333333333,144.5,148.33333333333334,5.333333333333333,7.661406025824964,6,0.8333333333333334,160.33333333333334,157.33333333333334,4.166666666666667,8.220609579100145,-0.5,-15.833333333333345,-9.0,1.166666666666666,-0.5592035532751813,0,5,1,0.2,5,4,0.8,-0.6000000000000001,1,0,1,0.0,7,160.85714285714286,0.42857142857142855,0,1,1,0
980951,2016-04-30,2016,Delhi Capitals,Kolkata Knight Riders,Feroz Shah Kotla,Kolkata Knight Riders,field,122,0.4262295081967213,148.5655737704918,150.0,5.008196721311475,7.878309535768099,123,0.5203252032520326,147.3739837398374,143.7642276422764,5.073170731707317,7.559529747060919,-0.0940956950553112,1.191590030654396,6.23577235772359,-0.0649740103958418,0.3187797887071797,1,5,3,0.6,5,3,0.6,0.0,16,6,10,0.375,48,160.0,0.5625,0,1,1,0
980953,2016-04-30,2016,Sunrisers Hyderabad,Royal Challengers Bengaluru,"Rajiv Gandhi International Stadium, Uppal",Royal Challengers Bengaluru,field,51,0.5098039215686274,147.05882352941177,146.50980392156862,5.254901960784314,7.760429288558075,126,0.5,153.65873015873015,152.07142857142858,5.182539682539683,7.967703929586249,0.0098039215686274,-6.599906629318383,-5.561624649859965,0.0723622782446309,-0.2072746410281745,1,5,3,0.6,5,2,0.4,0.19999999999999996,7,3,4,0.42857142857142855,38,154.44736842105263,0.6842105263157895,0,1,1,0
980955,2016-05-01,2016,Gujarat Lions,Punjab Kings,Saurashtra Cricket Association Stadium,Gujarat Lions,field,7,0.8571428571428571,165.42857142857142,162.42857142857142,3.7142857142857135,8.432632880098886,126,0.4761904761904761,155.53174603174602,153.0873015873016,5.198412698412699,8.100650941415273,0.3809523809523809,9.896825396825392,9.34126984126982,-1.4841269841269842,0.3319819386836133,0,5,4,0.8,5,1,0.2,0.6000000000000001,1,1,0,1.0,3,159.33333333333334,1.0,1,0,1,0
980957,2016-05-01,2016,Rising Pune Supergiants,Mumbai Indians,Maharashtra Cricket Association Stadium,Mumbai Indians,field,7,0.2857142857142857,151.71428571428572,155.14285714285714,5.285714285714286,7.975520195838434,134,0.5746268656716418,155.32089552238807,147.96268656716418,5.485074626865671,7.685380192518896,-0.2889125799573561,-3.606609808102348,7.180170575692955,-0.1993603411513858,0.2901400033195376,0,5,1,0.2,5,3,0.6,-0.39999999999999997,1,1,0,1.0,8,165.125,0.5,0,1,1,0
980959,2016-05-02,2016,Royal Challengers Bengaluru,Kolkata Knight Riders,M Chinnaswamy Stadium,Kolkata Knight Riders,field,127,0.4960629921259842,153.85826771653544,152.39370078740157,5.173228346456693,7.981579489999312,124,0.5161290322580645,147.46774193548387,144.0483870967742,5.088709677419355,7.571317555634052,-0.0200660401320802,6.390525781051565,8.345313690627364,0.0845186690373376,0.41026193436526,0,5,1,0.2,5,3,0.6,-0.39999999999999997,16,8,8,0.5,49,167.69387755102042,0.5714285714285714,0,1,1,0
980961,2016-05-03,2016,Gujarat Lions,Delhi Capitals,Saurashtra Cricket Association Stadium,Delhi Capitals,field,8,0.75,161.125,161.25,4.375,8.340517241379311,123,0.4308943089430894,148.869918699187,150.0487804878049,5.032520325203252,7.882687927107061,0.3191056910569105,12.255081300813004,11.20121951219511,-0.6575203252032518,0.4578293142722502,0,5,3,0.6,5,4,0.8,-0.20000000000000007,1,1,0,1.0,4,158.0,0.75,0,1,1,0
980963,2016-05-04,2016,Kolkata Knight Riders,Punjab Kings,Eden Gardens,Punjab Kings,field,125,0.52,147.8,144.376,5.096,7.585429071803853,127,0.4803149606299212,155.51968503937007,152.90551181102362,5.2204724409448815,8.087318664538072,0.0396850393700787,-7.719685039370063,-8.52951181102361,-0.1244724409448814,-0.5018895927342193,1,5,3,0.6,5,2,0.4,0.19999999999999996,18,12,6,0.6666666666666666,49,152.48979591836735,0.6326530612244898,0,1,1,0
980965,2016-05-05,2016,Delhi Capitals,Rising Pune Supergiants,Feroz Shah Kotla,Rising Pune Supergiants,field,124,0.4354838709677419,148.8790322580645,150.01612903225808,5.040322580645161,7.877752682100508,8,0.25,152.625,155.375,4.875,8.036637931034484,0.1854838709677419,-3.745967741935488,-5.358870967741922,0.165322580645161,-0.1588852489339762,0,5,4,0.8,5,1,0.2,0.6000000000000001,0,0,0,0.5,49,160.53061224489795,0.5510204081632653,0,1,1,0
980967,2016-05-06,2016,Sunrisers Hyderabad,Gujarat Lions,"Rajiv Gandhi International Stadium, Uppal",Sunrisers Hyderabad,field,52,0.5192307692307693,147.96153846153845,147.1153846153846,5.25,7.783618789214855,9,0.6666666666666666,159.77777777777777,159.88888888888889,4.111111111111111,8.366279069767442,-0.1474358974358973,-11.81623931623932,-12.773504273504273,1.1388888888888893,-0.5826602805525871,1,5,4,0.8,5,3,0.6,0.20000000000000007,1,1,0,1.0,39,155.46153846153845,0.6666666666666666,1,0,1,0
980969,2016-05-07,2016,Royal Challengers Bengaluru,Rising Pune Supergiants,M Chinnaswamy Stadium,Royal Challengers Bengaluru,field,128,0.4921875,154.1015625,152.6328125,5.171875,7.993862520458265,9,0.3333333333333333,154.11111111111111,156.0,4.888888888888889,8.038167938931299,0.1588541666666666,-0.0095486111111142,-3.3671875,0.2829861111111107,-0.0443054184730336,1,5,1,0.2,5,2,0.4,-0.2,1,1,0,1.0,50,168.04,0.58,1,0,1,0
980971,2016-05-07,2016,Punjab Kings,Delhi Capitals,"Punjab Cricket Association IS Bindra Stadium, Mohali",Delhi Capitals,field,128,0.4765625,155.53125,152.9765625,5.1796875,8.087423418462174,125,0.432,148.984,150.136,5.024,7.883637891199328,0.0445625,6.547249999999991,2.8405625000000043,0.1556874999999999,0.2037855272628466,1,5,1,0.2,5,3,0.6,-0.39999999999999997,17,9,8,0.5294117647058824,4,160.0,0.75,0,1,1,0
980973,2016-05-08,2016,Mumbai Indians,Sunrisers Hyderabad,Dr. Y.S. Rajasekhara Reddy ACA-VDCA Cricket Stadium,Mumbai Indians,field,135,0.5777777777777777,155.36296296296297,148.03703703703704,5.481481481481482,7.687031219949996,53,0.5283018867924528,147.60377358490567,146.71698113207546,5.264150943396227,7.75403024763171,0.0494758909853249,7.7591893780573,1.3200559049615777,0.217330538085255,-0.0669990276817138,0,5,4,0.8,5,4,0.8,0.0,7,4,3,0.5714285714285714,5,160.2,0.4,1,0,1,0
980975,2016-05-08,2016,Kolkata Knight Riders,Gujarat Lions,Eden Gardens,Gujarat Lions,field,126,0.5238095238095238,147.92857142857142,144.4126984126984,5.111111111111111,7.584300104202849,10,0.6,156.4,156.5,4.2,8.193717277486911,-0.0761904761904761,-8.47142857142859,-12.087301587301596,0.9111111111111104,-0.6094171732840623,0,5,3,0.6,5,2,0.4,0.19999999999999996,0,0,0,0.5,50,152.72,0.62,0,1,1,0
980977,2016-05-09,2016,Punjab Kings,Royal Challengers Bengaluru,"Punjab Cricket Association IS Bindra Stadium, Mohali",Punjab Kings,field,129,0.4806201550387597,155.72868217054264,153.07751937984497,5.178294573643411,8.089165016726975,129,0.4961240310077519,154.41860465116278,152.92248062015503,5.170542635658915,8.006087662337663,-0.0155038759689922,1.3100775193798595,0.155038759689944,0.0077519379844961,0.0830773543893119,0,5,2,0.4,5,2,0.4,0.0,16,10,6,0.625,5,164.2,0.6,1,0,1,0
980979,2016-05-10,2016,Rising Pune Supergiants,Sunrisers Hyderabad,Dr. Y.S. Rajasekhara Reddy ACA-VDCA Cricket Stadium,Sunrisers Hyderabad,bat,10,0.3,157.8,159.4,4.7,8.209442060085838,54,0.5370370370370371,148.14814814814815,145.66666666666666,5.351851851851852,7.71680837148463,-0.2370370370370371,9.65185185185186,13.733333333333348,-0.6518518518518519,0.4926336886012077,0,5,2,0.4,5,4,0.8,-0.4,1,1,0,1.0,6,163.0,0.3333333333333333,0,1,0,1
980981,2016-05-11,2016,Royal Challengers Bengaluru,Mumbai Indians,M Chinnaswamy Stadium,Mumbai Indians,field,130,0.5,154.57692307692307,153.06153846153848,5.153846153846154,8.010466988727858,136,0.5735294117647058,154.89705882352942,148.23529411764707,5.463235294117647,7.695146001654049,-0.0735294117647058,-0.3201357466063541,4.826244343891403,-0.3093891402714925,0.3153209870738092,0,5,2,0.4,5,3,0.6,-0.19999999999999996,18,8,10,0.4444444444444444,51,168.49019607843138,0.5882352941176471,0,1,1,0
980983,2016-05-12,2016,Sunrisers Hyderabad,Delhi Capitals,"Rajiv Gandhi International Stadium, Uppal",Delhi Capitals,field,55,0.5454545454545454,147.94545454545454,145.4,5.363636363636363,7.694355355997435,126,0.4285714285714285,149.16666666666666,150.34126984126985,5.015873015873016,7.891272651530931,0.1168831168831168,-1.221212121212119,-4.941269841269843,0.3477633477633475,-0.1969172955334963,0,5,4,0.8,5,2,0.4,0.4,6,5,1,0.8333333333333334,40,154.725,0.675,0,1,1,0
980985,2016-05-13,2016,Mumbai Indians,Punjab Kings,Dr. Y.S. Rajasekhara Reddy ACA-VDCA Cricket Stadium,Mumbai Indians,bat,137,0.5766423357664233,154.8832116788321,148.2189781021898,5.445255474452555,7.692152282341056,130,0.4769230769230769,155.86923076923077,153.24615384615385,5.176923076923077,8.09453511207422,0.0997192588433463,-0.9860190903986564,-5.027175743964051,0.2683323975294778,-0.4023828297331642,0,5,4,0.8,5,2,0.4,0.4,17,9,8,0.5294117647058824,7,159.28571428571428,0.2857142857142857,1,0,0,1
980987,2016-05-14,2016,Royal Challengers Bengaluru,Gujarat Lions,M Chinnaswamy Stadium,Gujarat Lions,field,131,0.4961832061068702,154.54961832061068,153.06106870229007,5.145038167938932,8.011854022376133,11,0.6363636363636364,157.0909090909091,156.45454545454547,4.181818181818182,8.156398104265403,-0.1401804302567661,-2.541290770298417,-3.3934767522553955,0.96321998612075,-0.1445440818892702,1,5,2,0.4,5,2,0.4,0.0,1,0,1,0.0,52,168.15384615384616,0.5961538461538461,0,1,1,0
980989,2016-05-14,2016,Kolkata Knight Riders,Rising Pune Supergiants,Eden Gardens,Rising Pune Supergiants,bat,127,0.5196850393700787,148.00787401574803,144.56692913385828,5.102362204724409,7.595669861407985,11,0.2727272727272727,155.54545454545453,157.27272727272728,5.0,8.077821011673151,0.246957766642806,-7.537580529706503,-12.705798138869,0.1023622047244092,-0.4821511502651665,1,5,2,0.4,5,1,0.2,0.2,1,1,0,1.0,51,152.8235294117647,0.6274509803921569,0,1,0,1
980991,2016-05-15,2016,Punjab Kings,Sunrisers Hyderabad,"Punjab Cricket Association IS Bindra Stadium, Mohali",Punjab Kings,bat,131,0.4809160305343511,155.64885496183206,152.9770992366412,5.206106870229007,8.07684556996037,56,0.5357142857142857,147.91071428571428,145.48214285714286,5.321428571428571,7.704018912529551,-0.0547982551799345,7.73814067611778,7.494956379498348,-0.1153217011995639,0.3728266574308181,0,5,3,0.6,5,4,0.8,-0.20000000000000007,7,2,5,0.2857142857142857,6,166.0,0.5,1,0,0,1
980993,2016-05-15,2016,Mumbai Indians,Delhi Capitals,Dr. Y.S. Rajasekhara Reddy ACA-VDCA Cricket Stadium,Delhi Capitals,field,138,0.572463768115942,154.65942028985506,148.0144927536232,5.427536231884058,7.688099868264224,127,0.4330708661417323,149.17322834645668,150.25984251968504,5.031496062992126,7.883908283412518,0.1393929019742097,5.4861919433983815,-2.2453497660618496,0.3960401688919317,-0.1958084151482939,1,5,3,0.6,5,3,0.6,0.0,17,8,9,0.47058823529411764,8,154.875,0.375,0,1,1,0
980995,2016-05-16,2016,Kolkata Knight Riders,Royal Challengers Bengaluru,Eden Gardens,Royal Challengers Bengaluru,field,128,0.5234375,147.3671875,144.2109375,5.1015625,7.581217057977958,132,0.5,155.25757575757575,152.6590909090909,5.181818181818182,7.992199894235854,0.0234375,-7.890388257575751,-8.448153409090907,-0.0802556818181816,-0.4109828362578955,0,5,3,0.6,5,3,0.6,0.0,17,9,8,0.5294117647058824,52,151.8653846153846,0.6346153846153846,0,1,1,0
980997,2016-05-17,2016,Rising Pune Supergiants,Delhi Capitals,Dr. Y.S. Rajasekhara Reddy ACA-VDCA Cricket Stadium,Rising Pune Supergiants,field,12,0.25,151.16666666666666,149.5,4.75,8.185551330798479,128,0.4296875,148.9921875,150.6484375,5.0234375,7.901249743904938,-0.1796875,2.174479166666657,-1.1484375,-0.2734375,0.284301586893541,1,5,1,0.2,5,2,0.4,-0.2,1,1,0,1.0,9,160.55555555555554,0.3333333333333333,1,0,1,0
980999,2016-05-18,2016,Royal Challengers Bengaluru,Punjab Kings,M Chinnaswamy Stadium,Punjab Kings,field,133,0.5037593984962406,155.48872180451127,152.8421052631579,5.172932330827067,7.9989506820566625,132,0.4772727272727273,155.82575757575756,153.15151515151516,5.181818181818182,8.083705431522825,0.0264866712235133,-0.3370357712462919,-0.3094098883572656,-0.0088858509911142,-0.0847547494661622,1,5,4,0.8,5,2,0.4,0.4,17,7,10,0.4117647058823529,53,169.66037735849056,0.5849056603773585,0,1,1,0
981001,2016-05-19,2016,Gujarat Lions,Kolkata Knight Riders,Green Park,Gujarat Lions,field,12,0.5833333333333334,152.66666666666666,163.91666666666666,4.083333333333333,8.515151515151516,129,0.5193798449612403,147.64341085271317,144.52713178294573,5.069767441860465,7.598940289382515,0.063953488372093,5.023255813953483,19.389534883720927,-0.9864341085271322,0.9162112257690004,1,5,1,0.2,5,3,0.6,-0.39999999999999997,1,1,0,1.0,0,0.0,0.5,1,0,1,0
981003,2016-05-20,2016,Delhi Capitals,Sunrisers Hyderabad,Shaheed Veer Narayan Singh International Stadium,Delhi Capitals,field,129,0.4263565891472868,148.7751937984496,150.05426356589146,4.992248062015504,7.895982051805017,57,0.543859649122807,148.47368421052633,146.01754385964912,5.298245614035087,7.7243619489559165,-0.1175030599755202,0.3015095879232774,4.036719706242337,-0.3059975520195834,0.1716201028491006,1,5,1,0.2,5,4,0.8,-0.6000000000000001,7,2,5,0.2857142857142857,4,145.5,0.5,1,0,1,0
981005,2016-05-21,2016,Rising Pune Supergiants,Punjab Kings,Dr. Y.S. Rajasekhara Reddy ACA-VDCA Cricket Stadium,Punjab Kings,bat,13,0.3076923076923077,145.3846153846154,147.30769230769232,4.846153846153846,8.006968641114982,133,0.4736842105263157,155.5563909774436,153.58646616541353,5.165413533834586,8.11937727724412,-0.165991902834008,-10.171775592828226,-6.278773857721205,-0.3192596876807405,-0.1124086361291372,1,5,2,0.4,5,2,0.4,0.0,1,0,1,0.0,10,156.6,0.4,0,1,0,1
981007,2016-05-21,2016,Gujarat Lions,Mumbai Indians,Green Park,Gujarat Lions,field,13,0.6153846153846154,150.53846153846155,160.69230769230768,4.307692307692308,8.322709163346614,139,0.5755395683453237,155.02877697841726,147.84172661870502,5.438848920863309,7.679372197309417,0.0398450470392917,-4.490315439955708,12.850581073602656,-1.1311566131710018,0.6433369660371975,1,5,2,0.4,5,3,0.6,-0.19999999999999996,1,1,0,1.0,1,124.0,1.0,1,0,1,0
981009,2016-05-22,2016,Kolkata Knight Riders,Sunrisers Hyderabad,Eden Gardens,Sunrisers Hyderabad,field,130,0.5153846153846153,147.46153846153845,144.36923076923077,5.053846153846154,7.607620591811917,58,0.5344827586206896,148.63793103448276,146.20689655172413,5.258620689655173,7.726651480637813,-0.0190981432360742,-1.1763925729443088,-1.83766578249336,-0.2047745358090189,-0.1190308888258959,1,5,2,0.4,5,3,0.6,-0.19999999999999996,7,5,2,0.7142857142857143,53,152.45283018867926,0.6415094339622641,0,1,1,0
981011,2016-05-22,2016,Delhi Capitals,Royal Challengers Bengaluru,Shaheed Veer Narayan Singh International Stadium,Royal Challengers Bengaluru,field,130,0.4307692307692308,148.86923076923077,150.1,4.984615384615385,7.895205340886101,134,0.5074626865671642,155.90298507462686,152.58955223880596,5.1940298507462686,8.001695799634751,-0.0766934557979334,-7.033754305396087,-2.4895522388059703,-0.2094144661308838,-0.1064904587486497,0,5,2,0.4,5,4,0.8,-0.4,15,6,9,0.4,5,148.0,0.6,0,1,1,0
981013,2016-05-24,2016,Gujarat Lions,Royal Challengers Bengaluru,M Chinnaswamy Stadium,Royal Challengers Bengaluru,field,14,0.6428571428571429,152.14285714285714,161.28571428571428,4.571428571428571,8.33210332103321,135,0.5111111111111111,155.77777777777777,152.47407407407408,5.207407407407407,7.992751747346621,0.1317460317460318,-3.6349206349206327,8.811640211640196,-0.6359788359788361,0.3393515736865895,0,5,3,0.6,5,4,0.8,-0.20000000000000007,2,1,1,0.5,54,170.42592592592592,0.5740740740740741,0,1,1,0
981015,2016-05-25,2016,Sunrisers Hyderabad,Kolkata Knight Riders,Feroz Shah Kotla,Kolkata Knight Riders,field,59,0.5254237288135594,148.64406779661016,146.61016949152545,5.271186440677966,7.740492170022371,131,0.5190839694656488,147.6412213740458,144.35114503816794,5.068702290076335,7.603538399678327,0.0063397593479105,1.002846422564346,2.2590244533574837,0.2024841506016308,0.1369537703440437,1,5,2,0.4,5,2,0.4,0.0,8,2,6,0.25,50,160.56,0.56,0,1,1,0
981017,2016-05-27,2016,Gujarat Lions,Sunrisers Hyderabad,Feroz Shah Kotla,Sunrisers Hyderabad,field,15,0.6,152.53333333333333,160.66666666666666,4.666666666666667,8.329493087557605,60,0.5333333333333333,148.86666666666667,146.35,5.3,7.719560439560439,0.0666666666666666,3.666666666666657,14.316666666666665,-0.6333333333333329,0.6099326479971658,0,5,3,0.6,5,2,0.4,0.19999999999999996,2,0,2,0.0,51,160.58823529411765,0.5490196078431373,0,1,1,0
981019,2016-05-29,2016,Royal Challengers Bengaluru,Sunrisers Hyderabad,M Chinnaswamy Stadium,Sunrisers Hyderabad,bat,136,0.5147058823529411,155.8014705882353,152.47058823529412,5.235294117647059,7.989725147701002,61,0.5409836065573771,149.0983606557377,146.60655737704917,5.311475409836065,7.726133909287257,-0.0262777242044359,6.703109932497597,5.864030858244945,-0.0761812921890063,0.2635912384137446,0,5,5,1.0,5,3,0.6,0.4,8,4,4,0.5,55,170.2,0.5818181818181818,0,1,0,1
1082591,2017-04-05,2017,Sunrisers Hyderabad,Royal Challengers Bengaluru,"Rajiv Gandhi International Stadium, Uppal",Royal Challengers Bengaluru,field,62,0.5483870967741935,150.0483870967742,147.38709677419354,5.306451612903226,7.760509554140127,137,0.5109489051094891,156.12408759124088,152.85401459854015,5.240875912408759,8.007009941371399,0.0374381916647044,-6.075700494466673,-5.466917824346609,0.0655757004944668,-0.2465003872312712,1,5,3,0.6,5,4,0.8,-0.20000000000000007,9,5,4,0.5555555555555556,41,154.5121951219512,0.6829268292682927,0,1,1,0
1082592,2017-04-06,2017,Rising Pune Supergiants,Mumbai Indians,Maharashtra Cricket Association Stadium,Rising Pune Supergiants,field,14,0.3571428571428571,147.35714285714286,149.0,5.0,8.04887459807074,140,0.5714285714285714,155.15,148.00714285714287,5.428571428571429,7.69201262141929,-0.2142857142857142,-7.792857142857144,0.9928571428571332,-0.4285714285714288,0.3568619766514489,1,5,2,0.4,5,2,0.4,0.0,2,1,1,0.5,9,164.44444444444446,0.5555555555555556,1,0,1,0
1082593,2017-04-07,2017,Gujarat Lions,Kolkata Knight Riders,Saurashtra Cricket Association Stadium,Kolkata Knight Riders,field,16,0.5625,153.125,160.75,4.6875,8.332613390928724,132,0.5151515151515151,147.58333333333334,144.46969696969697,5.083333333333333,7.6067012365376945,0.0473484848484848,5.541666666666657,16.28030303030303,-0.395833333333333,0.7259121543910299,0,5,2,0.4,5,2,0.4,0.0,2,2,0,1.0,5,156.2,0.8,0,1,1,0
1082594,2017-04-08,2017,Punjab Kings,Rising Pune Supergiants,Holkar Cricket Stadium,Punjab Kings,field,134,0.4701492537313433,155.67910447761193,153.72388059701493,5.1716417910447765,8.123167926388431,15,0.4,150.0,151.2,5.133333333333334,8.124179104477612,0.0701492537313432,5.679104477611929,2.523880597014937,0.0383084577114427,-0.0010111780891808,1,5,1,0.2,5,3,0.6,-0.39999999999999997,2,1,1,0.5,2,137.5,1.0,1,0,1,0
1082595,2017-04-08,2017,Royal Challengers Bengaluru,Delhi Capitals,M.Chinnaswamy Stadium,Royal Challengers Bengaluru,bat,138,0.5072463768115942,156.2391304347826,153.2391304347826,5.231884057971015,8.024411839109536,131,0.4274809160305343,148.78625954198472,150.01526717557252,4.977099236641221,7.893426161467399,0.0797654607810599,7.4528708927978755,3.223863259210077,0.2547848213297934,0.1309856776421369,1,5,3,0.6,5,2,0.4,0.19999999999999996,16,10,6,0.625,0,0.0,0.5,1,0,0,1
1082596,2017-04-09,2017,Sunrisers Hyderabad,Gujarat Lions,"Rajiv Gandhi International Stadium, Uppal",Sunrisers Hyderabad,field,63,0.5555555555555556,150.95238095238096,147.76190476190476,5.349206349206349,7.775859668662118,17,0.5294117647058824,154.88235294117646,161.88235294117646,4.411764705882353,8.506955177743432,0.0261437908496732,-3.9299719887955007,-14.120448179271705,0.9374416433239956,-0.7310955090813138,1,5,4,0.8,5,2,0.4,0.4,3,3,0,1.0,42,155.76190476190476,0.6666666666666666,1,0,1,0
1082597,2017-04-09,2017,Mumbai Indians,Kolkata Knight Riders,Wankhede Stadium,Mumbai Indians,field,141,0.5673758865248227,155.354609929078,148.27659574468086,5.411347517730497,7.704336076649061,133,0.518796992481203,147.85714285714286,144.74436090225564,5.075187969924812,7.618124258013455,0.0485788940436197,7.497467071935148,3.532234842425225,0.3361595478056847,0.086211818635606,1,5,2,0.4,5,2,0.4,0.0,18,13,5,0.7222222222222222,49,162.79591836734693,0.4897959183673469,1,0,1,0
1082598,2017-04-10,2017,Punjab Kings,Royal Challengers Bengaluru,Holkar Cricket Stadium,Royal Challengers Bengaluru,bat,135,0.4740740740740741,155.74074074074073,153.78518518518518,5.177777777777778,8.122986631887837,139,0.5107913669064749,156.24460431654677,153.15107913669064,5.258992805755396,8.017072558373085,-0.0367172928324007,-0.5038635758060366,0.6341060484945444,-0.0812150279776178,0.1059140735147519,1,5,2,0.4,5,3,0.6,-0.19999999999999996,18,10,8,0.5555555555555556,3,146.0,1.0,0,1,0,1
1082599,2017-04-11,2017,Rising Pune Supergiants,Delhi Capitals,Maharashtra Cricket Association Stadium,Rising Pune Supergiants,field,16,0.375,150.8125,151.9375,5.0625,8.153158188932364,132,0.4242424242424242,148.7348484848485,150.0530303030303,4.992424242424242,7.892283171735955,-0.0492424242424242,2.0776515151515014,1.8844696969696884,0.0700757575757577,0.2608750171964091,0,5,3,0.6,5,1,0.2,0.39999999999999997,2,2,0,1.0,10,166.4,0.6,1,0,1,0
1082600,2017-04-12,2017,Mumbai Indians,Sunrisers Hyderabad,Wankhede Stadium,Mumbai Indians,field,142,0.5704225352112676,155.5281690140845,148.4788732394366,5.422535211267606,7.712717961224241,64,0.5625,150.78125,147.515625,5.359375,7.756538408873065,0.0079225352112676,4.746919014084512,0.9632482394366092,0.0631602112676059,-0.0438204476488239,1,5,2,0.4,5,5,1.0,-0.6,8,4,4,0.5,50,163.1,0.5,1,0,1,0
1082601,2017-04-13,2017,Kolkata Knight Riders,Punjab Kings,Eden Gardens,Kolkata Knight Riders,field,134,0.5149253731343284,148.0820895522388,144.97014925373134,5.082089552238806,7.627511288528237,136,0.4779411764705882,155.6985294117647,153.73529411764707,5.169117647058823,8.116984794564866,0.0369841966637401,-7.616439859525883,-8.765144863915737,-0.0870280948200177,-0.4894735060366288,1,5,2,0.4,5,2,0.4,0.0,19,13,6,0.6842105263157895,54,152.7962962962963,0.6296296296296297,1,0,1,0
1082602,2017-04-14,2017,Royal Challengers Bengaluru,Mumbai Indians,M Chinnaswamy Stadium,Mumbai Indians,field,140,0.5071428571428571,156.18571428571428,153.1,5.235714285714286,8.028216492914664,143,0.5734265734265734,155.55244755244755,148.51048951048952,5.440559440559441,7.712262437961506,-0.0662837162837163,0.633266733266737,4.589510489510474,-0.2048451548451551,0.3159540549531581,0,5,2,0.4,5,3,0.6,-0.19999999999999996,19,8,11,0.42105263157894735,56,170.875,0.5714285714285714,0,1,1,0
1082603,2017-04-14,2017,Gujarat Lions,Rising Pune Supergiants,Saurashtra Cricket Association Stadium,Gujarat Lions,field,18,0.5,153.77777777777777,160.66666666666666,4.222222222222222,8.530973451327434,17,0.3529411764705882,148.2941176470588,154.88235294117646,4.941176470588236,8.275536930330015,0.1470588235294117,5.48366013071896,5.784313725490193,-0.7189542483660132,0.255436520997419,1,5,1,0.2,5,3,0.6,-0.39999999999999997,2,2,0,1.0,6,160.66666666666666,0.8333333333333334,1,0,1,0
1082604,2017-04-15,2017,Kolkata Knight Riders,Sunrisers Hyderabad,Eden Gardens,Sunrisers Hyderabad,field,135,0.5185185185185185,148.25185185185185,145.14814814814815,5.111111111111111,7.63391987533277,65,0.5538461538461539,150.8923076923077,147.64615384615385,5.369230769230769,7.7656102494942685,-0.0353276353276353,-2.640455840455843,-2.4980056980056986,-0.2581196581196581,-0.1316903741614981,1,5,3,0.6,5,4,0.8,-0.20000000000000007,9,6,3,0.6666666666666666,55,153.1090909090909,0.6363636363636364,0,1,1,0
1082605,2017-04-15,2017,Delhi Capitals,Punjab Kings,Feroz Shah Kotla,Delhi Capitals,bat,133,0.4285714285714285,149.1578947368421,149.72932330827066,5.030075187969925,7.884130649950511,137,0.4744525547445255,155.8029197080292,153.8175182481752,5.145985401459854,8.128970039861128,-0.0458811261730969,-6.645024971187098,-4.088194939904525,-0.1159102134899292,-0.2448393899106173,1,5,2,0.4,5,2,0.4,0.0,18,8,10,0.4444444444444444,52,160.6153846153846,0.5576923076923077,1,0,0,1
1082606,2017-04-16,2017,Mumbai Indians,Gujarat Lions,Wankhede Stadium,Mumbai Indians,field,144,0.5763888888888888,155.47916666666666,148.41666666666666,5.430555555555555,7.705323879341425,19,0.5263157894736842,154.73684210526315,161.1578947368421,4.421052631578948,8.529247910863509,0.0500730994152046,0.7423245614035068,-12.741228070175453,1.0095029239766076,-0.8239240315220835,1,5,3,0.6,5,1,0.2,0.39999999999999997,2,0,2,0.0,51,163.0,0.5098039215686274,1,0,1,0
1082607,2017-04-16,2017,Royal Challengers Bengaluru,Rising Pune Supergiants,M Chinnaswamy Stadium,Royal Challengers Bengaluru,field,141,0.5035460992907801,156.08510638297872,153.0,5.24113475177305,8.023679642945698,18,0.3333333333333333,149.55555555555554,155.77777777777777,4.833333333333333,8.341100644521566,0.1702127659574467,6.529550827423179,-2.7777777777777715,0.4078014184397167,-0.3174210015758678,0,5,1,0.2,5,2,0.4,-0.2,2,2,0,1.0,57,170.3684210526316,0.5789473684210527,1,0,1,0
1082608,2017-04-17,2017,Delhi Capitals,Kolkata Knight Riders,Feroz Shah Kotla,Delhi Capitals,bat,134,0.4328358208955223,149.44776119402985,149.62686567164178,5.059701492537314,7.875613747954173,136,0.5220588235294118,148.4264705882353,145.1985294117647,5.117647058823529,7.633657625153018,-0.0892230026338894,1.0212906057945474,4.428336259877085,-0.0579455662862153,0.241956122801155,0,5,3,0.6,5,3,0.6,0.0,17,7,10,0.4117647058823529,53,161.1320754716981,0.5471698113207547,1,0,0,1
1082609,2017-04-17,2017,Sunrisers Hyderabad,Punjab Kings,"Rajiv Gandhi International Stadium, Uppal",Punjab Kings,field,66,0.5454545454545454,150.95454545454547,148.0,5.378787878787879,7.7781021897810225,138,0.4710144927536231,155.66666666666666,154.05072463768116,5.152173913043479,8.137935434477479,0.0744400527009222,-4.71212121212119,-6.0507246376811565,0.2266139657444004,-0.359833244696456,1,5,3,0.6,5,2,0.4,0.19999999999999996,8,6,2,0.75,43,155.27906976744185,0.6744186046511628,0,1,1,0
1082610,2017-04-18,2017,Gujarat Lions,Royal Challengers Bengaluru,Saurashtra Cricket Association Stadium,Gujarat Lions,field,20,0.5,155.8,161.8,4.4,8.549537648612946,142,0.5,155.92957746478874,153.01408450704224,5.253521126760563,8.021658872754124,0.0,-0.1295774647887242,8.78591549295777,-0.8535211267605627,0.5278787758588219,0,5,1,0.2,5,1,0.2,0.0,3,1,2,0.3333333333333333,7,162.14285714285714,0.8571428571428571,1,0,1,0
1082611,2017-04-19,2017,Sunrisers Hyderabad,Delhi Capitals,"Rajiv Gandhi International Stadium, Uppal",Sunrisers Hyderabad,bat,67,0.5522388059701493,151.07462686567163,148.02985074626866,5.447761194029851,7.77577420619365,135,0.4296296296296296,149.5851851851852,149.74814814814815,5.066666666666666,7.879433545537223,0.1226091763405196,1.4894416804864363,-1.7182974018794823,0.3810945273631843,-0.1036593393435731,1,5,3,0.6,5,2,0.4,0.19999999999999996,8,5,3,0.625,44,155.36363636363637,0.6590909090909091,1,0,0,1
1082612,2017-04-20,2017,Punjab Kings,Mumbai Indians,Holkar Cricket Stadium,Mumbai Indians,field,139,0.4676258992805755,155.6546762589928,154.0503597122302,5.158273381294964,8.134608079017347,145,0.5793103448275863,155.62758620689655,148.6,5.4206896551724135,7.712802768166091,-0.1116844455470107,0.0270900520962413,5.45035971223021,-0.2624162738774496,0.4218053108512567,0,5,2,0.4,5,4,0.8,-0.4,18,9,9,0.5,4,146.5,1.0,0,1,1,0
1082613,2017-04-21,2017,Kolkata Knight Riders,Gujarat Lions,Eden Gardens,Gujarat Lions,field,137,0.5255474452554745,148.57664233576642,145.35766423357666,5.124087591240876,7.639153506809027,21,0.4761904761904761,157.52380952380952,164.1904761904762,4.285714285714286,8.652446675031367,0.0493569690649983,-8.947167188043096,-18.832811956899548,0.8383733055265905,-1.01329316822234,0,5,4,0.8,5,1,0.2,0.6000000000000001,3,1,2,0.3333333333333333,56,153.44642857142858,0.625,0,1,1,0
1082614,2017-04-22,2017,Mumbai Indians,Delhi Capitals,Wankhede Stadium,Delhi Capitals,field,146,0.5821917808219178,155.92465753424656,148.9041095890411,5.410958904109589,7.726572680961972,136,0.4264705882352941,149.77941176470588,150.0441176470588,5.0588235294117645,7.891968544540416,0.1557211925866237,6.145245769540679,-1.1400080580177132,0.3521353746978244,-0.1653958635784436,1,5,5,1.0,5,2,0.4,0.6,18,9,9,0.5,52,163.25,0.5192307692307693,0,1,1,0
1082615,2017-04-22,2017,Rising Pune Supergiants,Sunrisers Hyderabad,Maharashtra Cricket Association Stadium,Rising Pune Supergiants,field,19,0.3684210526315789,150.1578947368421,154.47368421052633,5.052631578947368,8.240524099204492,68,0.5588235294117647,151.66176470588235,148.36764705882354,5.426470588235294,7.78772674642995,-0.1904024767801858,-1.5038699690402382,6.106037151702793,-0.3738390092879262,0.4527973527745423,1,5,2,0.4,5,3,0.6,-0.19999999999999996,2,1,1,0.5,11,169.9090909090909,0.5454545454545454,1,0,1,0
1082616,2017-04-23,2017,Gujarat Lions,Punjab Kings,Saurashtra Cricket Association Stadium,Gujarat Lions,field,22,0.5,158.9090909090909,165.13636363636363,4.2727272727272725,8.68100358422939,140,0.4642857142857143,155.95714285714286,154.35,5.135714285714286,8.161012148297349,0.0357142857142857,2.951948051948051,10.786363636363632,-0.8629870129870136,0.5199914359320417,0,5,2,0.4,5,1,0.2,0.2,2,1,1,0.5,8,168.5,0.75,1,0,1,0
1082617,2017-04-23,2017,Kolkata Knight Riders,Royal Challengers Bengaluru,Eden Gardens,Royal Challengers Bengaluru,field,138,0.5217391304347826,148.85507246376812,145.63768115942028,5.130434782608695,7.655894863818171,143,0.5034965034965035,156.32867132867133,153.27272727272728,5.258741258741258,8.032494502809676,0.018242626938279,-7.4735988649032095,-7.6350461133069984,-0.1283064761325629,-0.3765996389915056,1,5,3,0.6,5,2,0.4,0.19999999999999996,18,9,9,0.5,57,154.03508771929825,0.631578947368421,0,1,1,0
1082618,2017-04-24,2017,Mumbai Indians,Rising Pune Supergiants,Wankhede Stadium,Mumbai Indians,field,147,0.5850340136054422,155.82993197278913,148.74149659863946,5.414965986394558,7.716151041053994,20,0.4,151.6,155.35,4.95,8.259636685866194,0.1850340136054421,4.229931972789132,-6.608503401360537,0.4649659863945574,-0.5434856448122005,0,5,5,1.0,5,2,0.4,0.6,3,1,2,0.3333333333333333,53,162.8490566037736,0.5094339622641509,1,0,1,0
1082620,2017-04-26,2017,Rising Pune Supergiants,Kolkata Knight Riders,Maharashtra Cricket Association Stadium,Kolkata Knight Riders,field,21,0.4285714285714285,152.0,155.28571428571428,5.047619047619048,8.23138409760202,139,0.5251798561151079,148.72661870503595,144.9208633093525,5.16546762589928,7.64526535517743,-0.0966084275436793,3.2733812949640253,10.364850976361764,-0.1178485782802329,0.5861187424245893,0,5,3,0.6,5,4,0.8,-0.20000000000000007,2,0,2,0.0,12,170.41666666666666,0.5833333333333334,0,1,1,0
1082621,2017-04-27,2017,Royal Challengers Bengaluru,Gujarat Lions,M Chinnaswamy Stadium,Gujarat Lions,field,144,0.5,155.58333333333334,153.11805555555554,5.291666666666667,8.023166959791377,23,0.4782608695652174,159.04347826086956,165.95652173913044,4.3478260869565215,8.704675028506271,0.0217391304347825,-3.46014492753622,-12.838466183574894,0.9438405797101456,-0.6815080687148942,0,5,1,0.2,5,2,0.4,-0.2,4,3,1,0.75,58,170.20689655172413,0.5689655172413793,0,1,1,0
1082622,2017-04-28,2017,Kolkata Knight Riders,Delhi Capitals,Eden Gardens,Kolkata Knight Riders,field,140,0.5285714285714286,148.97857142857143,145.17857142857142,5.164285714285715,7.655847824722204,137,0.4233576642335766,149.62043795620437,149.94890510948906,5.0583941605839415,7.8839708328003075,0.1052137643378519,-0.641866527632942,-4.770333680917645,0.105891553701773,-0.2281230080781036,1,5,4,0.8,5,2,0.4,0.4,18,11,7,0.6111111111111112,58,153.63793103448276,0.6206896551724138,1,0,1,0
1082623,2017-04-28,2017,Punjab Kings,Sunrisers Hyderabad,"Punjab Cricket Association IS Bindra Stadium, Mohali",Punjab Kings,field,141,0.4680851063829787,156.18439716312056,154.38297872340425,5.148936170212766,8.159430249265945,69,0.5507246376811594,152.0144927536232,148.7826086956522,5.391304347826087,7.803876852907639,-0.0826395312981806,4.169904409497377,5.600370027752064,-0.2423681776133213,0.3555533963583057,0,5,1,0.2,5,2,0.4,-0.2,9,2,7,0.2222222222222222,7,167.85714285714286,0.5714285714285714,1,0,1,0
1082624,2017-04-29,2017,Rising Pune Supergiants,Royal Challengers Bengaluru,Maharashtra Cricket Association Stadium,Royal Challengers Bengaluru,field,22,0.4090909090909091,153.36363636363637,156.4090909090909,4.909090909090909,8.304907481898633,145,0.496551724137931,155.4344827586207,152.97931034482758,5.275862068965517,8.031136857349747,-0.0874608150470219,-2.070846394984329,3.429780564263325,-0.3667711598746077,0.2737706245488862,1,5,3,0.6,5,1,0.2,0.39999999999999997,3,1,2,0.3333333333333333,13,171.30769230769232,0.6153846153846154,0,1,1,0
1082625,2017-04-29,2017,Gujarat Lions,Mumbai Indians,Saurashtra Cricket Association Stadium,Gujarat Lions,bat,24,0.5,158.04166666666666,164.25,4.5,8.597600872410032,148,0.581081081081081,155.83783783783784,148.80405405405406,5.418918918918919,7.717439551454269,-0.081081081081081,2.2038288288288186,15.445945945945937,-0.9189189189189192,0.8801613209557626,0,5,2,0.4,5,4,0.8,-0.4,3,2,1,0.6666666666666666,9,170.66666666666666,0.6666666666666666,1,0,0,1
1082626,2017-04-30,2017,Punjab Kings,Delhi Capitals,"Punjab Cricket Association IS Bindra Stadium, Mohali",Punjab Kings,field,142,0.4647887323943662,156.35915492957747,154.74647887323945,5.133802816901408,8.175358095119984,138,0.4202898550724637,149.69565217391303,149.96376811594203,5.036231884057971,7.892829900839054,0.0444988773219024,6.663502755664439,4.782710757297394,0.0975709328434373,0.2825281942809301,1,5,1,0.2,5,1,0.2,0.0,19,10,9,0.5263157894736842,8,172.75,0.5,1,0,1,0
1082627,2017-04-30,2017,Sunrisers Hyderabad,Kolkata Knight Riders,"Rajiv Gandhi International Stadium, Uppal",Kolkata Knight Riders,field,70,0.5571428571428572,152.8,149.18571428571428,5.442857142857143,7.819543242231374,141,0.5319148936170213,149.06382978723406,145.27659574468086,5.163120567375887,7.658047230357031,0.0252279635258358,3.736170212765956,3.909118541033422,0.2797365754812562,0.1614960118743429,1,5,3,0.6,5,4,0.8,-0.20000000000000007,10,3,7,0.3,45,156.15555555555557,0.6444444444444445,0,1,1,0
1082628,2017-05-01,2017,Mumbai Indians,Royal Challengers Bengaluru,Wankhede Stadium,Royal Challengers Bengaluru,bat,149,0.5838926174496645,155.89261744966444,148.8523489932886,5.436241610738255,7.7153293135436,146,0.4931506849315068,155.02739726027397,153.0,5.260273972602739,8.029475197699497,0.0907419325181576,0.8652201893904703,-4.147651006711413,0.1759676381355159,-0.3141458841558977,1,5,4,0.8,5,1,0.2,0.6000000000000001,20,12,8,0.6,54,162.7962962962963,0.5,0,1,0,1
1082629,2017-05-01,2017,Rising Pune Supergiants,Gujarat Lions,Maharashtra Cricket Association Stadium,Rising Pune Supergiants,field,23,0.4347826086956521,153.52173913043478,153.69565217391303,5.043478260869565,8.138910207214122,25,0.48,158.08,164.24,4.64,8.566063977746872,-0.0452173913043478,-4.558260869565231,-10.544347826086977,0.4034782608695657,-0.4271537705327493,1,5,4,0.8,5,2,0.4,0.4,3,0,3,0.0,14,170.28571428571428,0.5714285714285714,1,0,1,0
1082630,2017-05-02,2017,Delhi Capitals,Sunrisers Hyderabad,Feroz Shah Kotla,Delhi Capitals,field,139,0.4172661870503597,149.10071942446044,149.37410071942446,5.0,7.895177134165663,71,0.5633802816901409,153.59154929577466,149.33802816901408,5.464788732394366,7.822205828107709,-0.1461140946397811,-4.490829871314219,0.0360725504103811,-0.464788732394366,0.0729713060579539,1,5,0,0.0,5,4,0.8,-0.8,9,3,6,0.3333333333333333,54,161.25925925925927,0.5555555555555556,1,0,1,0
1082631,2017-05-03,2017,Kolkata Knight Riders,Rising Pune Supergiants,Eden Gardens,Rising Pune Supergiants,field,142,0.528169014084507,149.14788732394365,145.7112676056338,5.133802816901408,7.678025851938895,24,0.4583333333333333,154.08333333333334,153.79166666666666,5.166666666666667,8.12697247706422,0.0698356807511736,-4.935446009389693,-8.080399061032864,-0.0328638497652589,-0.4489466251253242,0,5,3,0.6,5,4,0.8,-0.20000000000000007,3,3,0,1.0,59,153.74576271186442,0.6271186440677966,0,1,1,0
1082632,2017-05-04,2017,Delhi Capitals,Gujarat Lions,Feroz Shah Kotla,Delhi Capitals,field,140,0.4214285714285714,149.38571428571427,149.59285714285716,4.985714285714286,7.903515944399018,26,0.4615384615384615,158.19230769230768,164.23076923076923,4.615384615384615,8.554257095158597,-0.0401098901098901,-8.806593406593407,-14.63791208791207,0.3703296703296708,-0.6507411507595791,1,5,1,0.2,5,2,0.4,-0.2,2,1,1,0.5,55,161.6909090909091,0.5636363636363636,1,0,1,0
1082633,2017-05-05,2017,Royal Challengers Bengaluru,Punjab Kings,M Chinnaswamy Stadium,Royal Challengers Bengaluru,field,147,0.4897959183673469,155.0748299319728,153.06802721088437,5.258503401360544,8.030813158051275,143,0.4685314685314685,155.74125874125875,154.13286713286712,5.167832167832168,8.148243992606284,0.0212644498358783,-0.6664288092859465,-1.0648399219827525,0.0906712335283765,-0.1174308345550088,0,5,1,0.2,5,2,0.4,-0.2,19,8,11,0.42105263157894735,59,169.59322033898306,0.576271186440678,1,0,1,0
1082634,2017-05-06,2017,Sunrisers Hyderabad,Rising Pune Supergiants,"Rajiv Gandhi International Stadium, Uppal",Sunrisers Hyderabad,field,72,0.5555555555555556,154.02777777777777,149.875,5.444444444444445,7.849903006789524,25,0.48,154.24,153.64,5.24,8.100527240773285,0.0755555555555556,-0.2122222222222376,-3.7649999999999855,0.2044444444444444,-0.2506242339837614,0,5,3,0.6,5,4,0.8,-0.20000000000000007,3,1,2,0.3333333333333333,46,157.30434782608697,0.6304347826086957,1,0,1,0
1082635,2017-05-06,2017,Delhi Capitals,Mumbai Indians,Feroz Shah Kotla,Delhi Capitals,field,141,0.425531914893617,149.84397163120568,150.0,4.98581560283688,7.921842811661152,150,0.5866666666666667,155.95333333333335,148.92666666666668,5.446666666666666,7.717296176877015,-0.1611347517730496,-6.109361702127671,1.0733333333333237,-0.4608510638297867,0.2045466347841369,0,5,2,0.4,5,4,0.8,-0.4,19,9,10,0.47368421052631576,56,162.51785714285714,0.5714285714285714,1,0,1,0
1082636,2017-05-07,2017,Royal Challengers Bengaluru,Kolkata Knight Riders,M Chinnaswamy Stadium,Kolkata Knight Riders,field,148,0.4864864864864865,154.8310810810811,152.90540540540542,5.27027027027027,8.019609001240328,143,0.5244755244755245,149.1888111888112,145.75524475524475,5.13986013986014,7.679336813018115,-0.0379890379890379,5.642269892269894,7.150160650160672,0.1304101304101301,0.3402721882222126,0,5,0,0.0,5,3,0.6,-0.6,19,9,10,0.47368421052631576,60,169.06666666666666,0.5666666666666667,0,1,1,0
1082637,2017-05-07,2017,Punjab Kings,Gujarat Lions,"Punjab Cricket Association IS Bindra Stadium, Mohali",Gujarat Lions,field,144,0.4722222222222222,155.61805555555554,153.86111111111111,5.201388888888889,8.133627019089575,27,0.4444444444444444,160.03703703703704,165.8148148148148,4.555555555555555,8.665161290322581,0.0277777777777777,-4.418981481481495,-11.953703703703695,0.6458333333333339,-0.5315342712330065,0,5,3,0.6,5,1,0.2,0.39999999999999997,3,2,1,0.6666666666666666,9,161.0,0.5555555555555556,0,1,1,0
1082638,2017-05-08,2017,Sunrisers Hyderabad,Mumbai Indians,"Rajiv Gandhi International Stadium, Uppal",Mumbai Indians,bat,73,0.547945205479452,153.78082191780825,149.8082191780822,5.452054794520548,7.8413001912045885,151,0.5894039735099338,156.32450331125827,148.36423841059602,5.47682119205298,7.703037249283668,-0.0414587680304817,-2.5436813934500435,1.443980767486181,-0.0247663975324323,0.1382629419209209,1,5,2,0.4,5,4,0.8,-0.4,9,4,5,0.4444444444444444,47,157.10638297872342,0.6170212765957447,0,1,0,1
1082639,2017-05-09,2017,Punjab Kings,Kolkata Knight Riders,"Punjab Cricket Association IS Bindra Stadium, Mohali",Kolkata Knight Riders,field,145,0.4689655172413793,155.84827586206896,154.10344827586206,5.193103448275863,8.144210909974488,144,0.5277777777777778,149.25694444444446,145.83333333333334,5.145833333333333,7.680585187442853,-0.0588122605363984,6.591331417624502,8.270114942528721,0.0472701149425294,0.4636257225316349,1,5,3,0.6,5,3,0.6,0.0,20,6,14,0.3,10,163.8,0.6,0,1,1,0
1082640,2017-05-10,2017,Gujarat Lions,Delhi Capitals,Green Park,Delhi Capitals,field,28,0.4642857142857143,161.17857142857142,166.64285714285714,4.5,8.6944099378882,142,0.4225352112676056,149.25352112676055,150.3732394366197,4.971830985915493,7.938410062581324,0.0417505030181086,11.925050301810842,16.269617706237426,-0.471830985915493,0.7559998753068751,0,5,2,0.4,5,2,0.4,0.0,3,1,2,0.3333333333333333,2,148.0,1.0,0,1,1,0
1082641,2017-05-11,2017,Mumbai Indians,Punjab Kings,Wankhede Stadium,Mumbai Indians,field,152,0.5855263157894737,156.20394736842104,148.29605263157896,5.4605263157894735,7.701936218678816,146,0.4726027397260274,155.92465753424656,154.08219178082192,5.191780821917808,8.139910746592692,0.1129235760634462,0.2792898341744774,-5.786139149242956,0.2687454938716653,-0.4379745279138758,0,5,3,0.6,5,3,0.6,0.0,19,10,9,0.5263157894736842,55,162.78181818181818,0.509090909090909,1,0,1,0
1082642,2017-05-12,2017,Delhi Capitals,Rising Pune Supergiants,Feroz Shah Kotla,Delhi Capitals,bat,143,0.4265734265734265,149.5874125874126,150.63636363636363,4.965034965034965,7.949197367611783,26,0.5,154.0,152.96153846153845,5.384615384615385,8.047892074198987,-0.0734265734265734,-4.412587412587413,-2.3251748251748268,-0.41958041958042,-0.0986947065872039,1,5,3,0.6,5,4,0.8,-0.20000000000000007,3,1,2,0.3333333333333333,57,163.3859649122807,0.5614035087719298,1,0,0,1
1082643,2017-05-13,2017,Gujarat Lions,Sunrisers Hyderabad,Green Park,Sunrisers Hyderabad,field,29,0.4482758620689655,162.3448275862069,167.6206896551724,4.517241379310345,8.737567405632115,74,0.5540540540540541,153.59459459459458,149.6081081081081,5.472972972972973,7.825871819038642,-0.1057781919850885,8.750232991612307,18.012581547064315,-0.9557315936626276,0.9116955865934724,0,5,1,0.2,5,3,0.6,-0.39999999999999997,4,0,4,0.0,3,163.66666666666666,1.0,0,1,1,0
1082644,2017-05-13,2017,Kolkata Knight Riders,Mumbai Indians,Eden Gardens,Kolkata Knight Riders,field,145,0.5241379310344828,149.28275862068966,145.93793103448274,5.151724137931034,7.683267776096823,153,0.5816993464052288,156.640522875817,148.8235294117647,5.444444444444445,7.72737556561086,-0.0575614153707459,-7.357764255127336,-2.885598377281952,-0.2927203065134103,-0.0441077895140367,0,5,2,0.4,5,3,0.6,-0.19999999999999996,19,5,14,0.2631578947368421,60,153.76666666666668,0.6333333333333333,1,0,1,0
1082645,2017-05-14,2017,Rising Pune Supergiants,Punjab Kings,Maharashtra Cricket Association Stadium,Rising Pune Supergiants,field,27,0.4814814814814814,154.25925925925927,153.40740740740742,5.444444444444445,8.055753646677472,147,0.4761904761904761,156.42857142857142,154.5374149659864,5.197278911564626,8.1608190635852,0.0052910052910052,-2.1693121693121498,-1.130007558578967,0.2471655328798183,-0.1050654169077276,1,5,4,0.8,5,4,0.8,0.0,3,1,2,0.3333333333333333,15,169.66666666666666,0.6,1,0,1,0
1082646,2017-05-14,2017,Delhi Capitals,Royal Challengers Bengaluru,Feroz Shah Kotla,Royal Challengers Bengaluru,bat,144,0.4305555555555556,149.71527777777777,150.67361111111111,4.972222222222222,7.948104279870566,149,0.4832214765100671,154.8523489932886,152.9261744966443,5.261744966442953,8.031723651744802,-0.0526659209545115,-5.137071215510815,-2.252563385533193,-0.2895227442207311,-0.0836193718742359,0,5,4,0.8,5,0,0.0,0.8,17,6,11,0.35294117647058826,58,163.4655172413793,0.5517241379310345,0,1,0,1
1082647,2017-05-16,2017,Mumbai Indians,Rising Pune Supergiants,Wankhede Stadium,Mumbai Indians,field,154,0.5844155844155844,156.74675324675326,148.9090909090909,5.461038961038961,7.729887640449439,28,0.5,151.53571428571428,150.53571428571428,5.571428571428571,7.952830188679245,0.0844155844155843,5.21103896103898,-1.626623376623371,-0.1103896103896104,-0.2229425482298062,0,5,3,0.6,5,4,0.8,-0.20000000000000007,4,1,3,0.25,56,163.98214285714286,0.5,1,0,1,0
1082648,2017-05-17,2017,Sunrisers Hyderabad,Kolkata Knight Riders,M Chinnaswamy Stadium,Kolkata Knight Riders,field,75,0.56,153.65333333333334,149.61333333333334,5.533333333333333,7.824965132496513,146,0.5205479452054794,149.3835616438356,146.04794520547946,5.1438356164383565,7.686272153799939,0.0394520547945206,4.26977168949773,3.565388127853879,0.3894977168949767,0.1386929786965725,0,5,3,0.6,5,1,0.2,0.39999999999999997,11,4,7,0.36363636363636365,61,168.88524590163934,0.5737704918032787,0,1,1,0
1082649,2017-05-19,2017,Mumbai Indians,Kolkata Knight Riders,M Chinnaswamy Stadium,Mumbai Indians,field,155,0.5806451612903226,156.6516129032258,148.9806451612903,5.445161290322581,7.731696428571429,147,0.5238095238095238,148.69387755102042,145.9047619047619,5.156462585034014,7.675991649269312,0.0568356374807987,7.95773535220539,3.0758832565284138,0.2886987052885672,0.0557047793021174,1,5,2,0.4,5,2,0.4,0.0,20,15,5,0.75,62,168.2258064516129,0.5806451612903226,1,0,1,0
1082650,2017-05-21,2017,Mumbai Indians,Rising Pune Supergiants,"Rajiv Gandhi International Stadium, Uppal",Mumbai Indians,bat,156,0.5833333333333334,156.35897435897436,148.69230769230768,5.474358974358975,7.717850607220097,29,0.5172413793103449,151.89655172413794,150.17241379310346,5.655172413793103,7.918181818181818,0.0660919540229885,4.462422634836429,-1.48010610079578,-0.1808134394341287,-0.2003312109617212,1,5,2,0.4,5,4,0.8,-0.4,5,1,4,0.2,48,156.70833333333334,0.625,1,0,0,1
1136561,2018-04-07,2018,Mumbai Indians,Chennai Super Kings,Wankhede Stadium,Chennai Super Kings,field,157,0.5859872611464968,156.18471337579618,148.52229299363057,5.471337579617835,7.707155842009585,131,0.6030534351145038,159.53435114503816,147.86259541984734,5.641221374045801,7.7130342447571,-0.017066173968007,-3.34963776924198,0.6596975737832338,-0.1698837944279665,-0.0058784027475153,0,5,3,0.6,5,2,0.4,0.19999999999999996,22,12,10,0.5454545454545454,57,163.94736842105263,0.49122807017543857,0,1,1,0
1136562,2018-04-08,2018,Delhi Capitals,Punjab Kings,Punjab Cricket Association IS Bindra Stadium,Punjab Kings,field,145,0.4275862068965517,149.72413793103448,150.73103448275862,4.965517241379311,7.948118067761682,148,0.4729729729729729,155.86486486486487,154.02027027027026,5.168918918918919,8.153690234887327,-0.0453867660764212,-6.140726933830393,-3.289235787511643,-0.2034016775396088,-0.205572167125644,0,5,3,0.6,5,3,0.6,0.0,20,9,11,0.45,0,0.0,0.5,0,1,1,0
1136563,2018-04-08,2018,Royal Challengers Bengaluru,Kolkata Knight Riders,Eden Gardens,Kolkata Knight Riders,field,150,0.4866666666666667,154.89333333333337,152.88,5.293333333333333,8.026601330066503,148,0.5202702702702703,148.41216216216216,145.6418918918919,5.148648648648648,7.674460004747211,-0.0336036036036035,6.481171171171184,7.238108108108094,0.1446846846846847,0.352141325319292,0,5,1,0.2,5,2,0.4,-0.2,20,9,11,0.45,61,154.08196721311475,0.6229508196721312,0,1,1,0
1136564,2018-04-09,2018,Rajasthan Royals,Sunrisers Hyderabad,Rajiv Gandhi International Stadium,Sunrisers Hyderabad,field,117,0.5384615384615384,151.30769230769232,147.47863247863248,5.273504273504273,7.695109261186264,76,0.5526315789473685,153.31578947368422,148.26315789473685,5.4868421052631575,7.828624363131079,-0.01417004048583,-2.0080971659918987,-0.7845254161043727,-0.2133378317588841,-0.1335151019448153,0,5,2,0.4,5,2,0.4,0.0,7,4,3,0.5714285714285714,0,0.0,0.5,0,1,1,0
1136565,2018-04-10,2018,Kolkata Knight Riders,Chennai Super Kings,MA Chidambaram Stadium,Chennai Super Kings,field,149,0.5234899328859061,148.60402684563758,145.83892617449663,5.161073825503356,7.682064576950271,132,0.6060606060606061,159.6060606060606,147.97727272727272,5.628787878787879,7.716486700026336,-0.0825706731747,-11.002033760423018,-2.1383465527760848,-0.4677140532845234,-0.034422123076065,0,5,2,0.4,5,3,0.6,-0.19999999999999996,16,6,10,0.375,0,0.0,0.5,0,1,1,0
1136566,2018-04-11,2018,Rajasthan Royals,Delhi Capitals,Sawai Mansingh Stadium,Delhi Capitals,field,118,0.5338983050847458,151.08474576271186,147.27118644067798,5.237288135593221,7.695055350553505,146,0.4246575342465753,149.83561643835617,150.84246575342465,4.958904109589041,7.954370334697809,0.1092407708381704,1.2491293243556925,-3.571279312746668,0.2783840260041792,-0.2593149841443036,1,5,1,0.2,5,2,0.4,-0.2,16,10,6,0.625,33,155.6969696969697,0.696969696969697,0,1,1,0
1136567,2018-04-12,2018,Mumbai Indians,Sunrisers Hyderabad,Rajiv Gandhi International Stadium,Sunrisers Hyderabad,field,158,0.5822784810126582,156.2405063291139,148.63924050632912,5.493670886075949,7.711799474605954,77,0.5584415584415584,152.97402597402598,147.92207792207793,5.5064935064935066,7.804933759707629,0.0238369225710998,3.2664803550879355,0.7171625842511844,-0.0128226204175572,-0.0931342851016756,0,5,3,0.6,5,3,0.6,0.0,10,5,5,0.5,1,125.0,1.0,0,1,1,0
1136568,2018-04-13,2018,Punjab Kings,Royal Challengers Bengaluru,M.Chinnaswamy Stadium,Royal Challengers Bengaluru,field,149,0.4765100671140939,155.93959731543623,154.08724832214764,5.174496644295302,8.154019178406536,151,0.4834437086092715,155.03311258278146,153.01986754966887,5.298013245033113,8.034540712836858,-0.0069336414951776,0.9064847326547748,1.0673807724787707,-0.123516600737811,0.1194784655696779,0,5,3,0.6,5,1,0.2,0.39999999999999997,20,12,8,0.6,1,157.0,0.0,0,1,1,0
1136569,2018-04-14,2018,Mumbai Indians,Delhi Capitals,Wankhede Stadium,Delhi Capitals,field,159,0.5786163522012578,156.1823899371069,148.63522012578616,5.515723270440252,7.7097651152675075,147,0.4217687074829932,149.22448979591837,150.85034013605443,4.9523809523809526,7.958011842813565,0.1568476447182646,6.957900141188532,-2.215120010268265,0.5633423180592994,-0.248246727546058,0,5,2,0.4,5,2,0.4,0.0,20,11,9,0.55,58,163.9655172413793,0.5,0,1,1,0
1136570,2018-04-14,2018,Kolkata Knight Riders,Sunrisers Hyderabad,Eden Gardens,Sunrisers Hyderabad,field,150,0.52,148.96,146.21333333333334,5.16,7.699490960154467,78,0.5641025641025641,152.94871794871796,147.85897435897436,5.538461538461538,7.79607931500676,-0.044102564102564,-3.988717948717948,-1.6456410256410263,-0.3784615384615382,-0.096588354852293,0,5,2,0.4,5,4,0.8,-0.4,12,8,4,0.6666666666666666,62,154.43548387096774,0.6290322580645161,0,1,1,0
1136571,2018-04-15,2018,Rajasthan Royals,Royal Challengers Bengaluru,M.Chinnaswamy Stadium,Royal Challengers Bengaluru,field,119,0.5378151260504201,151.10084033613447,146.52100840336135,5.218487394957983,7.700279699690857,152,0.4868421052631579,155.05921052631578,153.01315789473685,5.328947368421052,8.03338898163606,0.0509730207872622,-3.958370190181313,-6.4921494913755,-0.1104599734630689,-0.3331092819452026,1,5,2,0.4,5,2,0.4,0.0,15,7,8,0.4666666666666667,2,156.0,0.5,0,1,1,0
1136572,2018-04-15,2018,Punjab Kings,Chennai Super Kings,Punjab Cricket Association IS Bindra Stadium,Chennai Super Kings,field,150,0.4733333333333333,155.93333333333334,154.1,5.173333333333333,8.152959849509141,133,0.6090225563909775,159.94736842105263,148.3684210526316,5.62406015037594,7.734387248497518,-0.1356892230576441,-4.014035087719293,5.731578947368405,-0.4507268170426073,0.4185726010116237,1,5,3,0.6,5,3,0.6,0.0,17,7,10,0.4117647058823529,1,166.0,1.0,0,1,1,0
1136573,2018-04-16,2018,Kolkata Knight Riders,Delhi Capitals,Eden Gardens,Delhi Capitals,field,151,0.5165562913907285,148.88741721854305,146.16556291390728,5.158940397350993,7.696948561464691,148,0.4256756756756756,149.53378378378378,151.1081081081081,4.966216216216216,7.968644218777837,0.0908806157150527,-0.6463665652407258,-4.942545194200818,0.1927241811347775,-0.2716956573131464,1,5,2,0.4,5,2,0.4,0.0,19,12,7,0.631578947368421,63,154.17460317460316,0.6349206349206349,0,1,1,0
1136574,2018-04-17,2018,Mumbai Indians,Royal Challengers Bengaluru,Wankhede Stadium,Royal Challengers Bengaluru,field,160,0.575,156.41875,148.91875,5.5,7.722666378565255,153,0.4836601307189542,155.33986928104576,153.3921568627451,5.3202614379084965,8.050654622377223,0.0913398692810457,1.078880718954224,-4.473406862745122,0.1797385620915035,-0.3279882438119683,1,5,2,0.4,5,2,0.4,0.0,21,13,8,0.6190476190476191,59,164.47457627118644,0.5084745762711864,0,1,1,0
1136575,2018-04-18,2018,Rajasthan Royals,Kolkata Knight Riders,Sawai Mansingh Stadium,Kolkata Knight Riders,field,120,0.5416666666666666,151.65,146.925,5.225,7.718225594630089,152,0.5197368421052632,149.22368421052633,146.0328947368421,5.190789473684211,7.702388525822682,0.0219298245614034,2.4263157894736764,0.8921052631579016,0.034210526315789,0.0158370688074063,0,5,3,0.6,5,2,0.4,0.19999999999999996,15,9,6,0.6,34,155.61764705882354,0.6764705882352942,0,1,1,0
1136576,2018-04-19,2018,Punjab Kings,Sunrisers Hyderabad,Punjab Cricket Association IS Bindra Stadium,Punjab Kings,bat,151,0.4768211920529801,156.20529801324503,154.34437086092714,5.1655629139072845,8.16274589924698,79,0.569620253164557,152.77215189873417,147.70886075949366,5.569620253164557,7.782792352156514,-0.0927990611115768,3.433146114510862,6.635510101433482,-0.4040573392572728,0.3799535470904658,1,5,3,0.6,5,4,0.8,-0.20000000000000007,10,2,8,0.2,2,181.5,0.5,1,0,0,1
1136577,2018-04-20,2018,Chennai Super Kings,Rajasthan Royals,Maharashtra Cricket Association Stadium,Rajasthan Royals,field,134,0.6044776119402985,160.19402985074626,148.73134328358208,5.634328358208955,7.750842623800881,121,0.5371900826446281,151.7190082644628,147.0495867768595,5.198347107438017,7.72545046674868,0.0672875292956703,8.475021586283447,1.6817565067225644,0.4359812507709382,0.0253921570522006,1,5,3,0.6,5,2,0.4,0.19999999999999996,17,11,6,0.6470588235294118,16,163.625,0.625,0,1,1,0
1136578,2018-04-21,2018,Kolkata Knight Riders,Punjab Kings,Eden Gardens,Punjab Kings,field,153,0.5228758169934641,149.31372549019608,146.11764705882354,5.202614379084968,7.704095112285336,152,0.4802631578947368,156.44736842105263,154.48684210526315,5.157894736842105,8.167178714277433,0.0426126590987272,-7.133642930856553,-8.369195046439614,0.0447196422428621,-0.4630836019920972,0,5,3,0.6,5,3,0.6,0.0,21,14,7,0.6666666666666666,64,154.890625,0.625,0,1,1,0
1136579,2018-04-21,2018,Delhi Capitals,Royal Challengers Bengaluru,M.Chinnaswamy Stadium,Royal Challengers Bengaluru,field,149,0.4228187919463087,149.39597315436242,151.40939597315435,4.993288590604027,7.981602688837786,154,0.4805194805194805,155.41558441558442,153.77272727272728,5.318181818181818,8.068025665777071,-0.0577006885731717,-6.019611261221996,-2.3633312995729057,-0.3248932275777916,-0.0864229769392856,0,5,1,0.2,5,2,0.4,-0.2,18,6,12,0.3333333333333333,3,176.33333333333334,0.3333333333333333,0,1,1,0
1136580,2018-04-22,2018,Chennai Super Kings,Sunrisers Hyderabad,Rajiv Gandhi International Stadium,Sunrisers Hyderabad,field,135,0.6074074074074074,160.5185185185185,148.66666666666666,5.666666666666667,7.749533432009781,80,0.5625,153.0875,148.2125,5.5375,7.804080737165424,0.0449074074074073,7.431018518518499,0.4541666666666515,0.1291666666666673,-0.0545473051556424,1,5,3,0.6,5,3,0.6,0.0,6,4,2,0.6666666666666666,2,136.0,1.0,0,1,1,0
1136581,2018-04-22,2018,Mumbai Indians,Rajasthan Royals,Sawai Mansingh Stadium,Mumbai Indians,bat,161,0.577639751552795,156.77018633540374,149.01242236024845,5.515527950310559,7.725740661227994,122,0.5327868852459017,151.62295081967213,147.51639344262296,5.19672131147541,7.746753712604922,0.0448528663068933,5.147235515731609,1.4960289176254946,0.3188066388351487,-0.0210130513769275,0,5,2,0.4,5,2,0.4,0.0,16,10,6,0.625,35,155.74285714285713,0.6857142857142857,1,0,0,1
1136582,2018-04-23,2018,Punjab Kings,Delhi Capitals,Arun Jaitley Stadium,Delhi Capitals,field,153,0.4836601307189542,156.2483660130719,154.718954248366,5.163398692810458,8.176385930573945,150,0.42,149.56,151.56666666666666,4.98,7.99261733169274,0.0636601307189542,6.688366013071885,3.1522875816993405,0.1833986928104574,0.1837685988812047,1,5,4,0.8,5,1,0.2,0.6000000000000001,21,12,9,0.5714285714285714,0,0.0,0.5,0,1,1,0
1136583,2018-04-24,2018,Sunrisers Hyderabad,Mumbai Indians,Wankhede Stadium,Mumbai Indians,field,81,0.5555555555555556,153.39506172839506,148.62962962962962,5.493827160493828,7.820918146383716,162,0.5740740740740741,156.83333333333334,149.12962962962962,5.524691358024692,7.73088,-0.0185185185185184,-3.4382716049382798,-0.5,-0.0308641975308638,0.0900381463837165,1,5,3,0.6,5,1,0.2,0.39999999999999997,11,6,5,0.5454545454545454,60,165.28333333333333,0.5,0,1,1,0
1136584,2018-04-25,2018,Royal Challengers Bengaluru,Chennai Super Kings,M.Chinnaswamy Stadium,Chennai Super Kings,field,155,0.4838709677419355,155.5483870967742,153.84516129032258,5.316129032258065,8.06925723309458,136,0.6102941176470589,160.6764705882353,148.88235294117646,5.669117647058823,7.758349830768248,-0.1264231499051233,-5.128083491461098,4.962808349146116,-0.3529886148007586,0.3109074023263325,0,5,2,0.4,5,4,0.8,-0.4,19,7,12,0.3684210526315789,4,175.75,0.5,0,1,1,0
1136585,2018-04-26,2018,Sunrisers Hyderabad,Punjab Kings,Rajiv Gandhi International Stadium,Punjab Kings,field,82,0.5609756097560976,152.96341463414635,147.8658536585366,5.548780487804878,7.781580917745213,154,0.487012987012987,156.16233766233765,154.6038961038961,5.175324675324675,8.167286032816877,0.0739626227431106,-3.1989230281913024,-6.738042445359497,0.373455812480203,-0.3857051150716639,1,5,3,0.6,5,4,0.8,-0.20000000000000007,11,8,3,0.7272727272727273,3,151.33333333333334,0.6666666666666666,0,1,1,0
1136586,2018-04-27,2018,Delhi Capitals,Kolkata Knight Riders,Arun Jaitley Stadium,Kolkata Knight Riders,field,151,0.4172185430463576,149.49006622516555,151.4503311258278,5.0,7.983592249956362,154,0.5194805194805194,149.58441558441558,145.98701298701295,5.175324675324675,7.717816683831102,-0.1022619764341618,-0.0943493592500317,5.463318138814827,-0.1753246753246751,0.2657755661252601,1,5,1,0.2,5,2,0.4,-0.2,20,7,13,0.35,1,143.0,0.0,0,1,1,0
1136587,2018-04-28,2018,Chennai Super Kings,Mumbai Indians,Maharashtra Cricket Association Stadium,Mumbai Indians,field,137,0.6131386861313869,161.01459854014598,149.26277372262774,5.671532846715328,7.775777932695354,163,0.5705521472392638,156.40490797546013,148.91411042944785,5.539877300613497,7.721238468879228,0.042586538892123,4.609690564685849,0.3486632931798965,0.1316555461018307,0.054539463816126,0,5,4,0.8,5,1,0.2,0.6000000000000001,23,11,12,0.4782608695652174,17,166.0,0.5882352941176471,0,1,1,0
1136588,2018-04-29,2018,Sunrisers Hyderabad,Rajasthan Royals,Sawai Mansingh Stadium,Sunrisers Hyderabad,bat,83,0.5662650602409639,152.710843373494,147.49397590361446,5.590361445783133,7.760380348652932,123,0.5365853658536586,151.7560975609756,147.66666666666666,5.203252032520325,7.751475922896366,0.0296796943873053,0.9547458125183824,-0.1726907630522021,0.3871094132628077,0.0089044257565662,1,5,3,0.6,5,3,0.6,0.0,8,4,4,0.5,36,156.05555555555554,0.6944444444444444,1,0,0,1
1136589,2018-04-29,2018,Royal Challengers Bengaluru,Kolkata Knight Riders,M.Chinnaswamy Stadium,Kolkata Knight Riders,field,156,0.4807692307692308,155.8653846153846,154.17307692307693,5.307692307692308,8.084822679141688,155,0.5161290322580645,149.67741935483872,146.4516129032258,5.161290322580645,7.739515854074327,-0.0353598014888337,6.187965260545894,7.72146401985114,0.1464019851116624,0.345306825067361,0,5,2,0.4,5,2,0.4,0.0,21,9,12,0.42857142857142855,5,181.6,0.6,0,1,1,0
1136590,2018-04-30,2018,Chennai Super Kings,Delhi Capitals,Maharashtra Cricket Association Stadium,Delhi Capitals,field,138,0.6086956521739131,161.07246376811594,149.3768115942029,5.644927536231884,7.780335912436309,152,0.4210526315789473,149.94736842105263,151.52631578947367,5.019736842105263,7.984746056508927,0.1876430205949657,11.125095347063308,-2.149504195270765,0.625190694126621,-0.204410144072618,1,5,3,0.6,5,2,0.4,0.19999999999999996,16,11,5,0.6875,18,166.16666666666666,0.6111111111111112,0,1,1,0
1136591,2018-05-01,2018,Royal Challengers Bengaluru,Mumbai Indians,M.Chinnaswamy Stadium,Mumbai Indians,field,157,0.4777070063694267,155.98726114649682,154.30573248407643,5.2993630573248405,8.091516366065465,164,0.573170731707317,156.4878048780488,149.01829268292684,5.536585365853658,7.724897271098936,-0.0954637253378902,-0.5005437315519714,5.2874398011495884,-0.2372223085288176,0.366619094966528,1,5,1,0.2,5,2,0.4,-0.2,22,8,14,0.36363636363636365,6,180.5,0.6666666666666666,0,1,1,0
1136592,2018-05-02,2018,Delhi Capitals,Rajasthan Royals,Arun Jaitley Stadium,Rajasthan Royals,field,153,0.4183006535947712,150.26143790849673,151.8954248366013,5.006535947712418,8.001377173351695,124,0.532258064516129,151.66129032258064,147.68548387096774,5.217741935483871,7.749347626771987,-0.1139574109213577,-1.3998524140839097,4.209940965633564,-0.2112059877714527,0.252029546579708,1,5,1,0.2,5,2,0.4,-0.2,17,6,11,0.35294117647058826,2,181.0,0.0,0,1,1,0
1136593,2018-05-03,2018,Chennai Super Kings,Kolkata Knight Riders,Eden Gardens,Kolkata Knight Riders,field,139,0.6115107913669064,161.431654676259,149.71223021582733,5.633093525179856,7.795467315976775,156,0.5192307692307693,149.84615384615384,146.60256410256412,5.153846153846154,7.744666440907552,0.0922800221361371,11.58550083010516,3.1096661132632164,0.4792473713337015,0.050800875069223,0,5,4,0.8,5,3,0.6,0.20000000000000007,17,11,6,0.6470588235294118,65,155.44615384615383,0.6307692307692307,0,1,1,0
1136594,2018-05-04,2018,Punjab Kings,Mumbai Indians,Holkar Cricket Stadium,Mumbai Indians,field,155,0.4838709677419355,155.9225806451613,154.44516129032257,5.180645161290323,8.155925273976493,165,0.5696969696969697,156.46666666666667,149.1090909090909,5.539393939393939,7.727881897183542,-0.0858260019550342,-0.5440860215053647,5.336070381231679,-0.3587487781036165,0.4280433767929512,0,5,4,0.8,5,2,0.4,0.4,20,10,10,0.5,5,156.8,1.0,0,1,1,0
1136595,2018-05-05,2018,Royal Challengers Bengaluru,Chennai Super Kings,Maharashtra Cricket Association Stadium,Chennai Super Kings,field,158,0.4810126582278481,156.0569620253165,154.26582278481013,5.30379746835443,8.086927670869276,140,0.6071428571428571,161.54285714285714,149.92142857142858,5.621428571428571,7.810829250139553,-0.1261301989150089,-5.485895117540679,4.344394213381548,-0.3176311030741408,0.2760984207297232,0,5,2,0.4,5,3,0.6,-0.19999999999999996,20,7,13,0.35,19,168.52631578947367,0.5789473684210527,0,1,1,0
1136596,2018-05-05,2018,Delhi Capitals,Sunrisers Hyderabad,Rajiv Gandhi International Stadium,Delhi Capitals,bat,154,0.422077922077922,150.55844155844156,151.85064935064935,5.0,8.018172466998115,84,0.5714285714285714,152.6904761904762,147.39285714285714,5.595238095238095,7.750234741784038,-0.1493506493506493,-2.132034632034646,4.45779220779221,-0.5952380952380949,0.2679377252140771,0,5,2,0.4,5,3,0.6,-0.19999999999999996,10,4,6,0.4,4,146.5,0.5,1,0,0,1
1136597,2018-05-06,2018,Mumbai Indians,Kolkata Knight Riders,Wankhede Stadium,Kolkata Knight Riders,field,166,0.572289156626506,156.5843373493976,149.2289156626506,5.536144578313253,7.732389969826241,157,0.5222929936305732,150.03821656050957,146.77070063694268,5.1528662420382165,7.750756811301716,0.0499961629959327,6.546120788888032,2.458215025707915,0.383278336275036,-0.0183668414754745,1,5,2,0.4,5,3,0.6,-0.19999999999999996,21,16,5,0.7619047619047619,61,164.50819672131146,0.4918032786885246,0,1,1,0
1136598,2018-05-06,2018,Rajasthan Royals,Punjab Kings,Holkar Cricket Stadium,Punjab Kings,field,125,0.528,151.616,148.064,5.224,7.7753815992157955,156,0.4807692307692308,156.03846153846155,154.55769230769232,5.173076923076923,8.161692524682651,0.0472307692307692,-4.422461538461533,-6.493692307692328,0.0509230769230768,-0.3863109254668559,0,5,1,0.2,5,3,0.6,-0.39999999999999997,15,9,6,0.6,6,159.66666666666666,1.0,0,1,1,0
1136599,2018-05-07,2018,Sunrisers Hyderabad,Royal Challengers Bengaluru,Rajiv Gandhi International Stadium,Royal Challengers Bengaluru,field,85,0.5764705882352941,152.8235294117647,147.56470588235294,5.564705882352941,7.754559505409583,159,0.4779874213836478,155.874213836478,154.0817610062893,5.29559748427673,8.08014511873351,0.0984831668516462,-3.050684424713296,-6.517055123936359,0.2691083980762112,-0.325585613323927,1,5,4,0.8,5,2,0.4,0.4,10,6,4,0.6,5,149.8,0.6,0,1,1,0
1136600,2018-05-08,2018,Rajasthan Royals,Punjab Kings,Sawai Mansingh Stadium,Rajasthan Royals,bat,126,0.5238095238095238,151.61904761904762,148.11904761904762,5.214285714285714,7.779491454772822,157,0.4840764331210191,156.03184713375796,154.4968152866242,5.191082802547771,8.155561782011768,0.0397330906885047,-4.412799514710343,-6.377767667576592,0.0232029117379433,-0.3760703272389456,1,5,1,0.2,5,3,0.6,-0.39999999999999997,16,9,7,0.5625,37,155.9189189189189,0.6756756756756757,1,0,0,1
1136601,2018-05-09,2018,Mumbai Indians,Kolkata Knight Riders,Eden Gardens,Kolkata Knight Riders,field,167,0.5748502994011976,156.7305389221557,149.29341317365268,5.538922155688622,7.734050253334712,158,0.5189873417721519,150.15189873417722,146.98101265822783,5.1455696202531644,7.759104577347143,0.0558629576290456,6.578640187978465,2.3124005154248266,0.3933525354354579,-0.025054324012431,1,5,3,0.6,5,2,0.4,0.19999999999999996,22,17,5,0.7727272727272727,66,155.77272727272728,0.6363636363636364,0,1,1,0
1136602,2018-05-10,2018,Delhi Capitals,Sunrisers Hyderabad,Arun Jaitley Stadium,Delhi Capitals,bat,155,0.4193548387096774,150.63870967741934,151.92903225806452,4.987096774193549,8.019866046089227,86,0.5813953488372093,152.74418604651163,147.46511627906978,5.569767441860465,7.744732824427481,-0.1620405101275319,-2.105476369092287,4.4639159789947485,-0.5826706676669167,0.2751332216617461,0,5,2,0.4,5,5,1.0,-0.6,11,4,7,0.36363636363636365,3,186.0,0.0,1,0,0,1
1136603,2018-05-11,2018,Chennai Super Kings,Rajasthan Royals,Sawai Mansingh Stadium,Chennai Super Kings,bat,141,0.6099290780141844,161.3049645390071,149.73758865248226,5.631205673758865,7.798928769316014,127,0.5275590551181102,151.66929133858267,148.03937007874015,5.2204724409448815,7.772219925589086,0.0823700228960742,9.635673200424437,1.6982185737421105,0.4107332328139836,0.0267088437269276,0,5,3,0.6,5,2,0.4,0.19999999999999996,18,12,6,0.6666666666666666,38,155.97368421052633,0.6578947368421053,1,0,0,1
1136604,2018-05-12,2018,Kolkata Knight Riders,Punjab Kings,Holkar Cricket Stadium,Punjab Kings,field,159,0.5157232704402516,149.88679245283018,147.36477987421384,5.150943396226415,7.776634583471623,158,0.4810126582278481,155.9493670886076,154.5126582278481,5.2025316455696204,8.153520734762038,0.0347106122124034,-6.062574635777423,-7.147878353634269,-0.0515882493432053,-0.3768861512904156,1,5,2,0.4,5,2,0.4,0.0,22,14,8,0.6363636363636364,7,158.57142857142858,1.0,0,1,1,0
1136605,2018-05-12,2018,Delhi Capitals,Royal Challengers Bengaluru,Arun Jaitley Stadium,Royal Challengers Bengaluru,field,156,0.4166666666666667,150.87179487179486,152.17307692307693,4.961538461538462,8.033049461395297,160,0.475,155.78125,154.0125,5.3125,8.074049803407602,-0.0583333333333332,-4.909455128205138,-1.8394230769230544,-0.3509615384615383,-0.041000342012305,0,5,2,0.4,5,1,0.2,0.2,19,6,13,0.3157894736842105,4,186.25,0.25,0,1,1,0
1136606,2018-05-13,2018,Sunrisers Hyderabad,Chennai Super Kings,Maharashtra Cricket Association Stadium,Chennai Super Kings,field,87,0.5862068965517241,153.183908045977,147.89655172413794,5.540229885057471,7.76289592760181,142,0.6056338028169014,161.40845070422534,149.9225352112676,5.626760563380282,7.806747341400807,-0.0194269062651772,-8.224542658248339,-2.025983487129679,-0.086530678322811,-0.0438514137989969,0,5,5,1.0,5,2,0.4,0.6,7,2,5,0.2857142857142857,20,166.45,0.6,0,1,1,0
1136607,2018-05-13,2018,Mumbai Indians,Rajasthan Royals,Wankhede Stadium,Rajasthan Royals,field,168,0.5773809523809523,157.04761904761904,149.04166666666666,5.553571428571429,7.723716004318543,128,0.53125,151.8671875,148.25,5.203125,7.780237802378024,0.0461309523809523,5.180431547619037,0.7916666666666572,0.3504464285714288,-0.0565217980594807,0,5,4,0.8,5,2,0.4,0.4,17,10,7,0.5882352941176471,62,164.7741935483871,0.4838709677419355,0,1,1,0
1136608,2018-05-14,2018,Punjab Kings,Royal Challengers Bengaluru,Holkar Cricket Stadium,Royal Challengers Bengaluru,field,159,0.4779874213836478,156.31446540880503,155.0817610062893,5.2075471698113205,8.180702239424939,161,0.4782608695652174,155.9751552795031,154.17391304347825,5.304347826086956,8.080078125,-0.0002734481815696,0.3393101293019356,0.9078479628110472,-0.0968006562756356,0.1006241144249386,0,5,1,0.2,5,2,0.4,-0.2,21,12,9,0.5714285714285714,8,169.375,0.875,0,1,1,0
1136609,2018-05-15,2018,Rajasthan Royals,Kolkata Knight Riders,Eden Gardens,Kolkata Knight Riders,field,129,0.5348837209302325,152.015503875969,148.3875968992248,5.209302325581396,7.784465229768198,160,0.51875,150.48125,147.775,5.16875,7.795581932080449,0.0161337209302324,1.534253875969,0.6125968992247977,0.0405523255813955,-0.0111167023122504,0,5,3,0.6,5,3,0.6,0.0,16,9,7,0.5625,67,156.5820895522388,0.6268656716417911,0,1,1,0
1136610,2018-05-16,2018,Mumbai Indians,Punjab Kings,Wankhede Stadium,Punjab Kings,field,169,0.5739644970414202,157.11242603550295,149.1656804733728,5.538461538461538,7.733217444654635,160,0.475,155.8875,154.675,5.175,8.188375427373993,0.0989644970414201,1.2249260355029603,-5.509319526627223,0.3634615384615385,-0.4551579827193581,1,5,3,0.6,5,1,0.2,0.39999999999999997,21,11,10,0.5238095238095238,63,164.82539682539684,0.49206349206349204,0,1,1,0
1136611,2018-05-17,2018,Royal Challengers Bengaluru,Sunrisers Hyderabad,M.Chinnaswamy Stadium,Sunrisers Hyderabad,field,162,0.4814814814814814,155.58024691358025,153.7530864197531,5.314814814814815,8.068239486044378,88,0.5795454545454546,153.47727272727272,148.26136363636363,5.488636363636363,7.782284521324187,-0.0980639730639731,2.1029741863075344,5.491722783389463,-0.1738215488215484,0.2859549647201911,1,5,3,0.6,5,4,0.8,-0.20000000000000007,11,4,7,0.36363636363636365,7,178.57142857142858,0.5714285714285714,0,1,1,0
1136612,2018-05-18,2018,Delhi Capitals,Chennai Super Kings,Arun Jaitley Stadium,Chennai Super Kings,field,157,0.4140127388535032,151.06369426751593,152.36942675159236,4.961783439490445,8.04326141776408,143,0.6083916083916084,161.53846153846155,150.1048951048951,5.615384615384615,7.813978886057518,-0.1943788695381052,-10.47476727094562,2.2645316466972645,-0.6536011758941696,0.2292825317065627,1,5,1,0.2,5,3,0.6,-0.39999999999999997,17,5,12,0.29411764705882354,5,185.2,0.4,0,1,1,0
1136613,2018-05-19,2018,Rajasthan Royals,Royal Challengers Bengaluru,Sawai Mansingh Stadium,Rajasthan Royals,bat,130,0.5307692307692308,151.93846153846152,148.35384615384615,5.2,7.786031489705288,163,0.4846625766871165,155.96319018404907,154.04907975460122,5.300613496932515,8.081317384541116,0.0461066540821142,-4.024728645587544,-5.695233600755074,-0.1006134969325147,-0.2952858948358274,1,5,3,0.6,5,3,0.6,0.0,16,8,8,0.5,39,156.48717948717947,0.6666666666666666,1,0,0,1
1136614,2018-05-19,2018,Sunrisers Hyderabad,Kolkata Knight Riders,Rajiv Gandhi International Stadium,Sunrisers Hyderabad,bat,89,0.5730337078651685,154.04494382022472,149.02247191011236,5.49438202247191,7.817860300618921,161,0.5217391304347826,150.4472049689441,147.73291925465838,5.198757763975156,7.793250327653998,0.0512945774303859,3.59773885128061,1.2895526554539742,0.2956242584967548,0.0246099729649236,0,5,3,0.6,5,3,0.6,0.0,13,5,8,0.38461538461538464,6,149.16666666666666,0.5,1,0,0,1
1136615,2018-05-20,2018,Delhi Capitals,Mumbai Indians,Arun Jaitley Stadium,Delhi Capitals,bat,158,0.4177215189873418,151.13291139240508,152.20253164556962,4.968354430379747,8.031617033119955,170,0.5764705882352941,157.28235294117647,149.34117647058824,5.535294117647059,7.740637227501397,-0.1587490692479523,-6.149441548771392,2.861355174981384,-0.566939687267312,0.2909798056185586,1,5,2,0.4,5,4,0.8,-0.4,21,10,11,0.47619047619047616,6,181.33333333333334,0.3333333333333333,1,0,0,1
1136616,2018-05-20,2018,Punjab Kings,Chennai Super Kings,Maharashtra Cricket Association Stadium,Chennai Super Kings,field,161,0.4720496894409938,156.055900621118,154.8385093167702,5.192546583850931,8.194039662539717,144,0.6041666666666666,161.30555555555554,150.16666666666666,5.611111111111111,7.814962052764727,-0.1321169772256728,-5.24965493443753,4.671842650103542,-0.4185645272601794,0.3790776097749901,0,5,1,0.2,5,2,0.4,-0.2,18,8,10,0.4444444444444444,21,167.04761904761904,0.6190476190476191,0,1,1,0
1136617,2018-05-22,2018,Sunrisers Hyderabad,Chennai Super Kings,Wankhede Stadium,Chennai Super Kings,field,90,0.5666666666666667,154.24444444444444,149.26666666666668,5.488888888888889,7.827911042051083,145,0.6068965517241379,161.2896551724138,150.15172413793104,5.641379310344828,7.812918660287082,-0.0402298850574712,-7.045210727969362,-0.8850574712643606,-0.1524904214559388,0.0149923817640011,0,5,2,0.4,5,3,0.6,-0.19999999999999996,8,2,6,0.25,64,165.15625,0.484375,0,1,1,0
1136618,2018-05-23,2018,Kolkata Knight Riders,Rajasthan Royals,Eden Gardens,Rajasthan Royals,field,162,0.5246913580246914,150.58641975308643,147.85185185185185,5.216049382716049,7.796875,131,0.5343511450381679,152.03053435114504,148.2290076335878,5.236641221374046,7.778608625984777,-0.0096597870134765,-1.4441145980586043,-0.3771557817359507,-0.0205918386579968,0.0182663740152229,1,5,3,0.6,5,4,0.8,-0.20000000000000007,17,8,9,0.47058823529411764,68,156.36764705882354,0.6323529411764706,0,1,1,0
1136619,2018-05-25,2018,Sunrisers Hyderabad,Kolkata Knight Riders,Eden Gardens,Kolkata Knight Riders,field,91,0.5604395604395604,154.07692307692307,149.14285714285714,5.5054945054945055,7.820975797157127,163,0.5276073619631901,150.69938650306747,147.82822085889572,5.208588957055214,7.793014230271669,0.0328321984763703,3.3775365738555934,1.3146362839614198,0.296905548439291,0.027961566885458,1,5,1,0.2,5,4,0.8,-0.6000000000000001,14,5,9,0.35714285714285715,69,156.55072463768116,0.6231884057971014,0,1,1,0
1136620,2018-05-27,2018,Sunrisers Hyderabad,Chennai Super Kings,Wankhede Stadium,Chennai Super Kings,field,92,0.5652173913043478,154.29347826086956,149.2391304347826,5.532608695652174,7.821876186859097,146,0.6095890410958904,161.14383561643837,150.07534246575344,5.6438356164383565,7.806769596199525,-0.0443716497915426,-6.850357355568804,-0.8362120309708416,-0.1112269207861826,0.0151065906595713,0,5,1,0.2,5,3,0.6,-0.39999999999999997,9,2,7,0.2222222222222222,65,164.75384615384615,0.49230769230769234,0,1,1,0
1175356,2019-03-23,2019,Royal Challengers Bengaluru,Chennai Super Kings,MA Chidambaram Stadium,Chennai Super Kings,field,164,0.4817073170731707,155.82926829268294,154.10365853658536,5.2926829268292686,8.081756648723552,147,0.6122448979591837,161.27891156462584,150.25850340136054,5.639455782312925,7.814150943396227,-0.1305375808860129,-5.449643271942904,3.845155135224815,-0.3467728554836569,0.2676057053273251,0,5,3,0.6,5,4,0.8,-0.20000000000000007,21,7,14,0.3333333333333333,1,202.0,1.0,0,1,1,0
1175357,2019-03-24,2019,Sunrisers Hyderabad,Kolkata Knight Riders,Eden Gardens,Kolkata Knight Riders,field,93,0.5591397849462365,154.5483870967742,149.5483870967742,5.494623655913978,7.84064643427605,164,0.524390243902439,150.7560975609756,147.98170731707316,5.2073170731707314,7.798521850899743,0.0347495410437974,3.792289535798602,1.5666797797010474,0.2873065827432466,0.0421245833763075,0,5,1,0.2,5,4,0.8,-0.6000000000000001,15,6,9,0.4,70,156.8,0.6142857142857143,0,1,1,0
1175358,2019-03-24,2019,Delhi Capitals,Mumbai Indians,Wankhede Stadium,Mumbai Indians,field,159,0.4213836477987421,151.27672955974842,152.26415094339623,5.0,8.033403384581352,171,0.5730994152046783,157.31578947368422,149.44444444444446,5.52046783625731,7.744330521743522,-0.1517157674059361,-6.039059913935802,2.819706498951774,-0.5204678362573096,0.2890728628378296,1,5,2,0.4,5,3,0.6,-0.19999999999999996,22,11,11,0.5,66,164.95454545454547,0.5,0,1,1,0
1175359,2019-03-25,2019,Punjab Kings,Rajasthan Royals,Sawai Mansingh Stadium,Rajasthan Royals,field,162,0.4691358024691358,156.03703703703704,154.85802469135805,5.191358024691358,8.194349175240895,132,0.5303030303030303,151.96969696969697,148.3560606060606,5.25,7.782355278844879,-0.0611672278338945,4.067340067340069,6.501964085297431,-0.0586419753086415,0.411993896396015,1,5,0,0.0,5,3,0.6,-0.6,17,7,10,0.4117647058823529,40,156.675,0.65,0,1,1,0
1175360,2019-03-26,2019,Delhi Capitals,Chennai Super Kings,Arun Jaitley Stadium,Delhi Capitals,bat,160,0.425,151.6625,152.4,5.01875,8.039564787339268,148,0.6148648648648649,160.6689189189189,149.69594594594594,5.662162162162162,7.790540936529332,-0.1898648648648649,-9.00641891891891,2.704054054054069,-0.6434121621621625,0.2490238508099356,0,5,3,0.6,5,4,0.8,-0.20000000000000007,18,6,12,0.3333333333333333,7,180.28571428571428,0.2857142857142857,1,0,0,1
1175361,2019-03-27,2019,Kolkata Knight Riders,Punjab Kings,Eden Gardens,Punjab Kings,field,165,0.5272727272727272,150.95151515151514,148.15151515151516,5.193939393939394,7.804916985951468,163,0.4723926380368098,156.2085889570552,154.94478527607362,5.2024539877300615,8.196008437449294,0.0548800892359174,-5.257073805540074,-6.793270124558461,-0.0085145937906672,-0.3910914514978252,1,5,4,0.8,5,1,0.2,0.6000000000000001,23,15,8,0.6521739130434783,71,157.14084507042253,0.6197183098591549,0,1,1,0
1175362,2019-03-28,2019,Mumbai Indians,Royal Challengers Bengaluru,M.Chinnaswamy Stadium,Royal Challengers Bengaluru,field,172,0.5697674418604651,157.42441860465115,149.80232558139534,5.523255813953488,7.761232993624177,165,0.4787878787878787,155.3090909090909,153.5939393939394,5.278787878787878,8.058614658964439,0.0909795630725863,2.11532769556024,-3.791613812544057,0.24446793516561,-0.2973816653402616,1,5,2,0.4,5,3,0.6,-0.19999999999999996,23,14,9,0.6086956521739131,8,183.5,0.5,0,1,1,0
1175363,2019-03-29,2019,Rajasthan Royals,Sunrisers Hyderabad,Rajiv Gandhi International Stadium,Rajasthan Royals,bat,133,0.5263157894736842,152.10526315789474,148.5639097744361,5.240601503759399,7.790379813378893,94,0.5531914893617021,154.82978723404256,149.89361702127658,5.47872340425532,7.856147198215779,-0.0268756998880179,-2.724524076147816,-1.329707246840485,-0.2381219004959209,-0.065767384836886,0,5,2,0.4,5,1,0.2,0.2,9,4,5,0.4444444444444444,7,152.42857142857142,0.5714285714285714,1,0,0,1
1175364,2019-03-30,2019,Mumbai Indians,Punjab Kings,Punjab Cricket Association IS Bindra Stadium,Punjab Kings,field,173,0.5722543352601156,157.59537572254337,149.97109826589596,5.514450867052023,7.768351714157393,164,0.4695121951219512,156.41463414634146,155.3231707317073,5.195121951219512,8.213122682572948,0.1027421401381644,1.1807415762019104,-5.3520724658113465,0.3193289158325108,-0.4447709684155549,0,5,2,0.4,5,1,0.2,0.2,22,12,10,0.5454545454545454,3,185.33333333333334,0.3333333333333333,0,1,1,0
1175365,2019-03-30,2019,Kolkata Knight Riders,Delhi Capitals,Arun Jaitley Stadium,Delhi Capitals,field,166,0.5301204819277109,151.35542168674698,148.3975903614458,5.186746987951807,7.815355329949239,161,0.422360248447205,151.6335403726708,152.35403726708074,5.012422360248447,8.035269709543568,0.1077602334805059,-0.2781186859238289,-3.956446905634948,0.1743246277033598,-0.2199143795943294,0,5,4,0.8,5,3,0.6,0.20000000000000007,21,13,8,0.6190476190476191,8,176.125,0.375,0,1,1,0
1175366,2019-03-31,2019,Sunrisers Hyderabad,Royal Challengers Bengaluru,Rajiv Gandhi International Stadium,Royal Challengers Bengaluru,field,95,0.5578947368421052,155.31578947368422,150.4,5.442105263157894,7.878687620623104,166,0.4759036144578313,155.46385542168676,153.76506024096386,5.295180722891566,8.065195639580809,0.0819911223842739,-0.1480659480025394,-3.3650602409638566,0.1469245402663279,-0.1865080189577046,1,5,2,0.4,5,2,0.4,0.0,12,7,5,0.5833333333333334,8,158.125,0.625,0,1,1,0
1175367,2019-03-31,2019,Chennai Super Kings,Rajasthan Royals,MA Chidambaram Stadium,Rajasthan Royals,field,149,0.6174496644295302,160.59731543624162,149.66442953020135,5.664429530201343,7.786765989640924,134,0.5223880597014925,152.44776119402985,148.94776119402985,5.2388059701492535,7.810722671536655,0.0950616047280377,8.149554242211764,0.7166683361714945,0.425623560052089,-0.023956681895731,1,5,5,1.0,5,1,0.2,0.8,19,12,7,0.631578947368421,2,136.0,1.0,0,1,1,0
1175368,2019-04-01,2019,Punjab Kings,Delhi Capitals,Punjab Cricket Association IS Bindra Stadium,Delhi Capitals,field,165,0.4727272727272727,156.53939393939393,155.43030303030304,5.206060606060606,8.215921832452347,162,0.4259259259259259,151.90123456790124,152.57407407407408,5.024691358024692,8.041535625203341,0.0468013468013467,4.638159371492691,2.8562289562289607,0.1813692480359146,0.1743862072490056,1,5,2,0.4,5,4,0.8,-0.4,22,13,9,0.5909090909090909,4,183.0,0.5,0,1,1,0
1175369,2019-04-02,2019,Royal Challengers Bengaluru,Rajasthan Royals,Sawai Mansingh Stadium,Rajasthan Royals,field,167,0.4730538922155688,155.20958083832335,154.22155688622755,5.269461077844311,8.086765398503323,135,0.5185185185185185,152.55555555555554,149.13333333333333,5.237037037037037,7.81762878591768,-0.0454646263029496,2.6540252827678046,5.08822355289422,0.0324240408072737,0.2691366125856422,0,5,1,0.2,5,1,0.2,0.0,17,8,9,0.47058823529411764,41,157.34146341463415,0.6341463414634146,0,1,1,0
1175370,2019-04-03,2019,Mumbai Indians,Chennai Super Kings,Wankhede Stadium,Chennai Super Kings,field,174,0.5689655172413793,157.70114942528735,150.1206896551724,5.494252873563219,7.777579276462706,150,0.62,160.69333333333333,149.76666666666668,5.68,7.789978616424897,-0.0510344827586206,-2.9921839080459733,0.3540229885057329,-0.1857471264367811,-0.0123993399621911,1,5,2,0.4,5,5,1.0,-0.6,24,13,11,0.5416666666666666,67,165.67164179104478,0.4925373134328358,0,1,1,0
1175371,2019-04-04,2019,Delhi Capitals,Sunrisers Hyderabad,Arun Jaitley Stadium,Sunrisers Hyderabad,field,163,0.4233128834355828,151.90184049079755,152.65030674846625,5.03680981595092,8.042883309988149,96,0.5625,156.10416666666666,149.96875,5.458333333333333,7.852909090909091,-0.1391871165644171,-4.202326175869104,2.681556748466249,-0.421523517382413,0.1899742190790574,0,5,3,0.6,5,3,0.6,0.0,12,4,8,0.3333333333333333,9,177.11111111111111,0.4444444444444444,0,1,1,0
1175372,2019-04-05,2019,Royal Challengers Bengaluru,Kolkata Knight Riders,M.Chinnaswamy Stadium,Kolkata Knight Riders,field,168,0.4702380952380952,155.22619047619048,154.25,5.255952380952381,8.08633243187019,167,0.5269461077844312,151.5988023952096,148.67065868263472,5.191616766467066,7.824771509612354,-0.0567080125463359,3.627388080980893,5.579341317365277,0.0643356144853157,0.2615609222578356,0,5,0,0.0,5,3,0.6,-0.6,22,9,13,0.4090909090909091,9,183.88888888888889,0.4444444444444444,0,1,1,0
1178393,2019-04-06,2019,Chennai Super Kings,Punjab Kings,MA Chidambaram Stadium,Chennai Super Kings,bat,151,0.6158940397350994,160.50993377483445,149.89403973509934,5.675496688741722,7.794524479136773,166,0.4759036144578313,156.59638554216866,155.3734939759036,5.228915662650603,8.211833377553727,0.139990425277268,3.913548232665789,-5.479454240804273,0.4465810260911196,-0.4173088984169544,1,5,4,0.8,5,3,0.6,0.20000000000000007,19,11,8,0.5789473684210527,3,149.0,0.6666666666666666,1,0,0,1
1178394,2019-04-06,2019,Mumbai Indians,Sunrisers Hyderabad,Rajiv Gandhi International Stadium,Sunrisers Hyderabad,field,175,0.5714285714285714,157.77142857142857,149.98285714285714,5.508571428571429,7.768832322036407,97,0.5670103092783505,155.84536082474227,149.72164948453607,5.484536082474227,7.836151079136691,0.0044182621502208,1.9260677466863,0.2612076583210694,0.024035346097202,-0.067318757100284,1,5,2,0.4,5,3,0.6,-0.19999999999999996,12,5,7,0.4166666666666667,9,166.22222222222223,0.5555555555555556,0,1,1,0
1178395,2019-04-07,2019,Royal Challengers Bengaluru,Delhi Capitals,M.Chinnaswamy Stadium,Delhi Capitals,field,169,0.4674556213017751,155.5207100591716,154.54437869822485,5.254437869822485,8.101535439176963,164,0.4207317073170731,151.7621951219512,152.46951219512195,5.036585365853658,8.034595405130403,0.0467239139847019,3.758514937220383,2.0748665031028963,0.2178525039688272,0.06694003404656,0,5,0,0.0,5,2,0.4,-0.4,20,14,6,0.7,10,186.0,0.5,0,1,1,0
1178396,2019-04-07,2019,Rajasthan Royals,Kolkata Knight Riders,Sawai Mansingh Stadium,Kolkata Knight Riders,field,136,0.5220588235294118,152.63970588235293,149.1764705882353,5.227941176470588,7.817107629077832,168,0.5297619047619048,151.92261904761904,149.0,5.178571428571429,7.839649232696524,-0.0077030812324929,0.717086834733891,0.1764705882353041,0.049369747899159,-0.0225416036186922,0,5,1,0.2,5,3,0.6,-0.39999999999999997,18,9,9,0.5,42,157.35714285714286,0.6428571428571429,0,1,1,0
1178397,2019-04-08,2019,Sunrisers Hyderabad,Punjab Kings,Punjab Cricket Association IS Bindra Stadium,Punjab Kings,field,98,0.5612244897959183,155.23469387755102,149.58163265306123,5.489795918367347,7.82508896797153,167,0.4730538922155688,156.48502994011977,155.4011976047904,5.2155688622754495,8.21049301344582,0.0881705975803494,-1.2503360625687492,-5.819564951729177,0.2742270560918971,-0.3854040454742895,0,5,3,0.6,5,3,0.6,0.0,12,9,3,0.75,5,179.6,0.4,0,1,1,0
1178398,2019-04-09,2019,Kolkata Knight Riders,Chennai Super Kings,MA Chidambaram Stadium,Chennai Super Kings,field,169,0.5325443786982249,151.85207100591717,148.9112426035503,5.165680473372781,7.83255524431995,152,0.618421052631579,160.5065789473684,149.81578947368422,5.671052631578948,7.788405631875961,-0.085876673933354,-8.654507941451243,-0.9045468701339132,-0.5053721582061668,0.0441496124439888,0,5,4,0.8,5,4,0.8,0.0,18,7,11,0.3888888888888889,4,151.75,0.5,0,1,1,0
1178399,2019-04-10,2019,Punjab Kings,Mumbai Indians,Wankhede Stadium,Mumbai Indians,field,168,0.4761904761904761,156.45238095238096,155.33928571428572,5.2023809523809526,8.204453759496987,176,0.5738636363636364,157.64772727272728,149.6590909090909,5.534090909090909,7.7558031113510335,-0.0976731601731601,-1.1953463203463173,5.680194805194816,-0.3317099567099566,0.4486506481459535,0,5,3,0.6,5,3,0.6,0.0,23,11,12,0.4782608695652174,68,165.73529411764707,0.4852941176470588,0,1,1,0
1178400,2019-04-11,2019,Rajasthan Royals,Chennai Super Kings,Sawai Mansingh Stadium,Chennai Super Kings,field,137,0.5182481751824818,152.54014598540147,149.05109489051094,5.204379562043796,7.826253593101246,153,0.6209150326797386,160.18300653594773,149.5359477124183,5.686274509803922,7.771839438374002,-0.1026668574972567,-7.64286055054626,-0.4848528219073671,-0.481894947760126,0.0544141547272438,0,5,1,0.2,5,4,0.8,-0.6000000000000001,20,7,13,0.35,43,156.93023255813952,0.6511627906976745,0,1,1,0
1178401,2019-04-12,2019,Kolkata Knight Riders,Delhi Capitals,Eden Gardens,Delhi Capitals,field,170,0.5294117647058824,151.59411764705882,148.68823529411765,5.152941176470589,7.824889072335156,165,0.4242424242424242,151.76363636363635,152.44242424242424,5.054545454545455,8.030543287394243,0.1051693404634581,-0.169518716577528,-3.754188948306592,0.0983957219251339,-0.205654215059087,0,5,3,0.6,5,2,0.4,0.19999999999999996,22,13,9,0.5909090909090909,72,157.98611111111111,0.6111111111111112,0,1,1,0
1178402,2019-04-13,2019,Mumbai Indians,Rajasthan Royals,Wankhede Stadium,Rajasthan Royals,field,177,0.576271186440678,157.87570621468927,149.92090395480227,5.52542372881356,7.767770893301459,138,0.5144927536231884,152.52898550724638,149.05797101449275,5.202898550724638,7.823771790808241,0.0617784328174896,5.346720707442898,0.8629329403095198,0.322525178088922,-0.0560008975067818,0,5,4,0.8,5,1,0.2,0.6000000000000001,18,10,8,0.5555555555555556,69,166.18840579710144,0.4927536231884058,0,1,1,0
1178403,2019-04-13,2019,Punjab Kings,Royal Challengers Bengaluru,Punjab Cricket Association IS Bindra Stadium,Royal Challengers Bengaluru,field,169,0.4733727810650887,156.69230769230768,155.59171597633136,5.207100591715976,8.215048164540484,170,0.4647058823529412,155.48235294117646,154.5,5.258823529411765,8.099814967105264,0.0086668987121475,1.209954751131221,1.0917159763313578,-0.0517229376957883,0.11523319743522,0,5,3,0.6,5,0,0.0,0.6,22,12,10,0.5454545454545454,6,174.66666666666666,0.5,0,1,1,0
1178404,2019-04-14,2019,Kolkata Knight Riders,Chennai Super Kings,Eden Gardens,Chennai Super Kings,field,171,0.5263157894736842,151.7485380116959,148.8654970760234,5.140350877192983,7.834624262631444,154,0.6233766233766234,160.14935064935065,149.53896103896105,5.694805194805195,7.770005061013327,-0.0970608339029391,-8.400812637654752,-0.6734639629376602,-0.5544543176122119,0.0646192016181173,0,5,2,0.4,5,4,0.8,-0.4,19,7,12,0.3684210526315789,73,158.26027397260273,0.6164383561643836,0,1,1,0
1178405,2019-04-14,2019,Delhi Capitals,Sunrisers Hyderabad,Rajiv Gandhi International Stadium,Sunrisers Hyderabad,field,166,0.4277108433734939,151.93373493975903,152.59036144578317,5.066265060240964,8.035742610902554,99,0.5555555555555556,155.1818181818182,149.58585858585857,5.474747474747475,7.822343516154591,-0.1278447121820616,-3.248083242059153,3.004502859924571,-0.4084824145065111,0.2133990947479631,1,5,3,0.6,5,3,0.6,0.0,13,4,9,0.3076923076923077,10,163.2,0.5,0,1,1,0
1178406,2019-04-15,2019,Royal Challengers Bengaluru,Mumbai Indians,Wankhede Stadium,Mumbai Indians,field,171,0.4678362573099415,155.5906432748538,154.59649122807016,5.251461988304094,8.10257458111974,178,0.5730337078651685,158.03932584269663,150.12359550561797,5.52808988764045,7.77782089841855,-0.105197450555227,-2.448682567842837,4.4728957224521935,-0.276627899336356,0.3247536827011892,0,5,1,0.2,5,3,0.6,-0.39999999999999997,24,9,15,0.375,70,166.4857142857143,0.5,0,1,1,0
1178407,2019-04-16,2019,Punjab Kings,Rajasthan Royals,Punjab Cricket Association IS Bindra Stadium,Rajasthan Royals,field,170,0.4705882352941176,156.78823529411764,155.7,5.188235294117647,8.219760881941928,139,0.5179856115107914,152.7841726618705,149.32374100719426,5.201438848920863,7.834916640452973,-0.0473973762166737,4.004062632247127,6.376258992805731,-0.0132035548032156,0.3848442414889552,1,5,2,0.4,5,2,0.4,0.0,18,8,10,0.4444444444444444,7,174.42857142857142,0.5714285714285714,0,1,1,0
1178408,2019-04-17,2019,Chennai Super Kings,Sunrisers Hyderabad,Rajiv Gandhi International Stadium,Chennai Super Kings,bat,155,0.6258064516129033,160.16129032258064,149.6064516129032,5.703225806451613,7.771546668156175,100,0.55,154.79,149.59,5.49,7.818973778203676,0.0758064516129032,5.3712903225806485,0.0164516129032108,0.2132258064516126,-0.0474271100475016,0,5,4,0.8,5,2,0.4,0.4,10,8,2,0.8,11,162.45454545454547,0.45454545454545453,1,0,0,1
1178409,2019-04-18,2019,Mumbai Indians,Delhi Capitals,Arun Jaitley Stadium,Mumbai Indians,bat,179,0.5754189944134078,158.1173184357542,150.20111731843576,5.5307262569832405,7.780264300183274,167,0.4311377245508982,151.95209580838323,152.37125748502993,5.095808383233533,8.024597918637653,0.1442812698625096,6.165222627370952,-2.170140166594166,0.4349178737497077,-0.2443336184543785,1,5,4,0.8,5,3,0.6,0.20000000000000007,23,11,12,0.4782608695652174,10,172.3,0.5,1,0,0,1
1178410,2019-04-19,2019,Royal Challengers Bengaluru,Kolkata Knight Riders,Eden Gardens,Kolkata Knight Riders,field,172,0.4651162790697674,155.68023255813952,154.69767441860466,5.25,8.108075165058406,172,0.5232558139534884,151.80232558139534,148.9418604651163,5.1395348837209305,7.837046856676694,-0.0581395348837209,3.8779069767441854,5.755813953488371,0.1104651162790695,0.2710283083817115,1,5,1,0.2,5,2,0.4,-0.2,23,9,14,0.391304347826087,74,158.2972972972973,0.6216216216216216,0,1,1,0
1178411,2019-04-20,2019,Mumbai Indians,Rajasthan Royals,Sawai Mansingh Stadium,Rajasthan Royals,field,180,0.5777777777777777,158.17222222222222,150.05,5.544444444444444,7.770883283782488,140,0.5142857142857142,152.90714285714284,149.47857142857143,5.207142857142857,7.8397852147852145,0.0634920634920634,5.265079365079373,0.5714285714285836,0.337301587301587,-0.0689019310027267,0,5,4,0.8,5,2,0.4,0.4,19,10,9,0.5263157894736842,44,156.79545454545453,0.6590909090909091,0,1,1,0
1178412,2019-04-20,2019,Punjab Kings,Delhi Capitals,Arun Jaitley Stadium,Delhi Capitals,field,171,0.4736842105263157,156.93567251461988,155.77777777777777,5.1988304093567255,8.221182037961011,168,0.4285714285714285,151.8095238095238,152.45238095238096,5.089285714285714,8.026324036352241,0.0451127819548872,5.126148705096085,3.3253968253968083,0.109544695071011,0.1948580016087699,0,5,2,0.4,5,3,0.6,-0.19999999999999996,23,14,9,0.6086956521739131,11,171.9090909090909,0.45454545454545453,0,1,1,0
1178413,2019-04-21,2019,Kolkata Knight Riders,Sunrisers Hyderabad,Rajiv Gandhi International Stadium,Sunrisers Hyderabad,field,173,0.5202312138728323,152.09826589595374,149.3063583815029,5.132947976878612,7.853848882582476,101,0.5544554455445545,154.6138613861386,149.37623762376236,5.485148514851486,7.804293473575308,-0.0342242316717221,-2.5155954901848645,-0.0698792422594749,-0.3522005379728732,0.0495554090071674,0,5,1,0.2,5,2,0.4,-0.2,16,10,6,0.625,12,159.91666666666666,0.5,0,1,1,0
1178414,2019-04-21,2019,Royal Challengers Bengaluru,Chennai Super Kings,M.Chinnaswamy Stadium,Chennai Super Kings,field,173,0.4682080924855491,156.01156069364163,154.95375722543352,5.242774566473988,8.119232710752145,156,0.6217948717948718,159.98076923076923,149.52564102564102,5.6923076923076925,7.773605865363253,-0.1535867793093226,-3.9692085371276,5.428116199792498,-0.4495331258337041,0.3456268453888924,1,5,2,0.4,5,4,0.8,-0.4,22,7,15,0.3181818181818182,11,182.63636363636363,0.5454545454545454,0,1,1,0
1178415,2019-04-22,2019,Rajasthan Royals,Delhi Capitals,Sawai Mansingh Stadium,Delhi Capitals,field,141,0.5177304964539007,152.97163120567376,149.52482269503545,5.205673758865248,7.839489340604858,169,0.4319526627218935,151.89349112426035,152.49704142011834,5.100591715976331,8.026160074743071,0.0857778337320072,1.0781400814134088,-2.9722187250828824,0.1050820428889167,-0.1866707341382127,0,5,2,0.4,5,4,0.8,-0.4,18,11,7,0.6111111111111112,45,156.88888888888889,0.6666666666666666,0,1,1,0
1178416,2019-04-23,2019,Sunrisers Hyderabad,Chennai Super Kings,MA Chidambaram Stadium,Chennai Super Kings,field,102,0.5588235294117647,154.6764705882353,149.4607843137255,5.5,7.805273487498933,157,0.6178343949044586,159.98089171974522,149.5859872611465,5.70063694267516,7.77477378062238,-0.0590108654926938,-5.304421131509912,-0.1252029474210019,-0.2006369426751595,0.0304997068765535,0,5,2,0.4,5,3,0.6,-0.19999999999999996,11,3,8,0.2727272727272727,5,143.0,0.6,0,1,1,0
1178417,2019-04-24,2019,Royal Challengers Bengaluru,Punjab Kings,M.Chinnaswamy Stadium,Punjab Kings,field,174,0.4712643678160919,156.04022988505747,154.93103448275863,5.247126436781609,8.115805318615154,172,0.4709302325581395,156.97093023255815,155.82558139534885,5.186046511627907,8.221892734802392,0.0003341352579523,-0.9307003475006752,-0.894546912590215,0.0610799251537015,-0.106087416187238,1,5,3,0.6,5,2,0.4,0.19999999999999996,23,11,12,0.4782608695652174,12,180.83333333333334,0.5,0,1,1,0
1178418,2019-04-25,2019,Kolkata Knight Riders,Rajasthan Royals,Eden Gardens,Rajasthan Royals,field,174,0.5172413793103449,152.13793103448276,149.36206896551724,5.109195402298851,7.86631690460576,142,0.5140845070422535,153.2394366197183,149.83098591549296,5.197183098591549,7.854787103125769,0.0031568722680913,-1.101505585235543,-0.4689169499757213,-0.0879876962926982,0.0115298014799911,0,5,0,0.0,5,2,0.4,-0.4,19,10,9,0.5263157894736842,75,159.02666666666667,0.6133333333333333,0,1,1,0
1178419,2019-04-26,2019,Mumbai Indians,Chennai Super Kings,MA Chidambaram Stadium,Chennai Super Kings,field,181,0.574585635359116,158.1878453038674,150.08287292817678,5.535911602209945,7.772902856597835,158,0.620253164556962,160.08227848101265,149.7405063291139,5.6835443037974684,7.780859460644596,-0.045667529197846,-1.89443317714526,0.3423665990628706,-0.1476327015875238,-0.0079566040467611,1,5,3,0.6,5,3,0.6,0.0,25,14,11,0.56,6,148.33333333333334,0.6666666666666666,0,1,1,0
1178420,2019-04-27,2019,Sunrisers Hyderabad,Rajasthan Royals,Sawai Mansingh Stadium,Rajasthan Royals,field,103,0.5533980582524272,154.873786407767,149.6504854368932,5.475728155339806,7.812468322351749,143,0.5174825174825175,153.4055944055944,149.95804195804195,5.195804195804196,7.858783288541413,0.0359155407699096,1.4681920021726,-0.3075565211487401,0.2799239595356102,-0.046314966189664,0,5,2,0.4,5,3,0.6,-0.19999999999999996,10,6,4,0.6,46,157.6304347826087,0.6739130434782609,0,1,1,0
1178421,2019-04-28,2019,Delhi Capitals,Royal Challengers Bengaluru,Arun Jaitley Stadium,Delhi Capitals,bat,170,0.4352941176470588,152.13529411764705,152.71764705882353,5.1,8.035283194057568,175,0.4742857142857143,156.30285714285714,155.10285714285715,5.257142857142857,8.122593516209477,-0.0389915966386554,-4.167563025210086,-2.3852100840336163,-0.1571428571428574,-0.0873103221519091,1,5,4,0.8,5,4,0.8,0.0,21,7,14,0.3333333333333333,12,171.16666666666666,0.5,1,0,0,1
1178422,2019-04-28,2019,Kolkata Knight Riders,Mumbai Indians,Eden Gardens,Mumbai Indians,field,175,0.5142857142857142,152.26857142857142,149.52,5.12,7.873815136165304,182,0.5769230769230769,158.17032967032966,149.85164835164835,5.56043956043956,7.764555160142349,-0.0626373626373626,-5.901758241758245,-0.3316483516483401,-0.4404395604395601,0.1092599760229555,1,5,0,0.0,5,3,0.6,-0.6,23,5,18,0.21739130434782608,76,159.23684210526315,0.618421052631579,0,1,1,0
1178423,2019-04-29,2019,Sunrisers Hyderabad,Punjab Kings,Rajiv Gandhi International Stadium,Punjab Kings,field,104,0.5480769230769231,154.92307692307693,149.7403846153846,5.451923076923077,7.817117041746841,173,0.4682080924855491,157.13294797687865,156.05780346820808,5.179190751445087,8.231515829056354,0.079868830591374,-2.209871053801692,-6.317418852823465,0.2727323254779898,-0.4143987873095129,1,5,2,0.4,5,1,0.2,0.2,13,9,4,0.6923076923076923,13,159.84615384615384,0.5384615384615384,0,1,1,0
1178425,2019-05-01,2019,Chennai Super Kings,Delhi Capitals,MA Chidambaram Stadium,Delhi Capitals,field,159,0.6163522012578616,159.76100628930817,149.76729559748426,5.672955974842767,7.780331082552821,171,0.4385964912280701,152.33918128654972,152.80701754385964,5.111111111111111,8.037526914795448,0.1777557100297914,7.421825002758453,-3.03972194637538,0.5618448637316567,-0.2571958322426271,1,5,2,0.4,5,4,0.8,-0.4,19,13,6,0.6842105263157895,7,149.28571428571428,0.5714285714285714,0,1,1,0
1178426,2019-05-02,2019,Mumbai Indians,Sunrisers Hyderabad,Wankhede Stadium,Mumbai Indians,bat,183,0.5737704918032787,158.3879781420765,150.29508196721312,5.540983606557377,7.785987261146497,105,0.5523809523809524,155.46666666666667,149.9047619047619,5.476190476190476,7.8224136502940445,0.0213895394223262,2.921311475409823,0.3903200624512237,0.0647931303669011,-0.0364263891475475,1,5,3,0.6,5,3,0.6,0.0,13,6,7,0.46153846153846156,71,166.54929577464787,0.5070422535211268,1,0,0,1
1178427,2019-05-03,2019,Punjab Kings,Kolkata Knight Riders,Punjab Cricket Association IS Bindra Stadium,Kolkata Knight Riders,field,174,0.4655172413793103,157.18965517241378,156.3448275862069,5.183908045977011,8.244052729935856,176,0.5170454545454546,152.7215909090909,149.76136363636363,5.130681818181818,7.884141781743856,-0.0515282131661442,4.468064263322873,6.583463949843264,0.0532262277951929,0.3599109481919997,0,5,1,0.2,5,1,0.2,0.0,24,8,16,0.3333333333333333,8,175.375,0.5,0,1,1,0
1178428,2019-05-04,2019,Rajasthan Royals,Delhi Capitals,Arun Jaitley Stadium,Rajasthan Royals,bat,144,0.5208333333333334,153.45833333333334,149.98611111111111,5.215277777777778,7.857627940819792,172,0.436046511627907,152.02906976744185,152.95348837209303,5.104651162790698,8.042800366860288,0.0847868217054264,1.429263565891489,-2.96737726098192,0.1106266149870798,-0.1851724260404958,0,5,3,0.6,5,3,0.6,0.0,19,11,8,0.5789473684210527,13,172.3846153846154,0.46153846153846156,1,0,0,1
1178429,2019-05-04,2019,Sunrisers Hyderabad,Royal Challengers Bengaluru,M.Chinnaswamy Stadium,Royal Challengers Bengaluru,field,106,0.5471698113207547,155.60377358490567,150.04716981132074,5.471698113207547,7.824696621843227,176,0.4715909090909091,156.38636363636363,155.2556818181818,5.255681818181818,8.128408527516113,0.0755789022298455,-0.7825900514579587,-5.208512006861071,0.2160162950257289,-0.3037119056728858,0,5,2,0.4,5,3,0.6,-0.19999999999999996,13,8,5,0.6153846153846154,13,182.46153846153845,0.46153846153846156,0,1,1,0
1178430,2019-05-05,2019,Chennai Super Kings,Punjab Kings,Punjab Cricket Association IS Bindra Stadium,Punjab Kings,field,160,0.61875,159.88125,149.45,5.69375,7.7712057198570035,175,0.4628571428571428,157.33714285714285,156.49714285714285,5.171428571428572,8.254483347566183,0.1558928571428571,2.544107142857144,-7.047142857142859,0.5223214285714279,-0.483277627709179,0,5,2,0.4,5,1,0.2,0.2,20,12,8,0.6,9,176.22222222222223,0.5555555555555556,0,1,1,0
1178431,2019-05-05,2019,Kolkata Knight Riders,Mumbai Indians,Wankhede Stadium,Mumbai Indians,field,177,0.519774011299435,152.90395480225988,149.93785310734464,5.129943502824859,7.891074879825561,184,0.5760869565217391,158.45652173913044,150.39673913043478,5.548913043478261,7.788263989868193,-0.0563129452223041,-5.552566936870562,-0.4588860230901446,-0.4189695406534017,0.102810889957368,0,5,2,0.4,5,3,0.6,-0.19999999999999996,24,6,18,0.25,72,166.48611111111111,0.5,0,1,1,0
1181764,2019-05-07,2019,Chennai Super Kings,Mumbai Indians,MA Chidambaram Stadium,Chennai Super Kings,bat,161,0.6149068322981367,159.944099378882,149.54037267080744,5.683229813664596,7.778998384491115,185,0.5783783783783784,158.32432432432432,150.29189189189188,5.556756756756757,7.781333084565512,0.0365284539197583,1.619775054557664,-0.7515192210844361,0.1264730569078391,-0.0023347000743969,0,5,2,0.4,5,3,0.6,-0.19999999999999996,26,11,15,0.4230769230769231,8,153.0,0.5,1,0,0,1
1181766,2019-05-08,2019,Sunrisers Hyderabad,Delhi Capitals,Dr. Y.S. Rajasekhara Reddy ACA-VDCA Cricket Stadium,Delhi Capitals,field,107,0.5420560747663551,155.78504672897196,150.28971962616822,5.476635514018692,7.836744639376218,173,0.4393063583815029,151.84971098265896,152.73410404624278,5.121387283236994,8.028866605894864,0.1027497163848522,3.935335746313001,-2.444384420074556,0.3552482307816973,-0.1921219665186457,0,5,1,0.2,5,4,0.8,-0.6000000000000001,14,9,5,0.6428571428571429,11,158.0,0.45454545454545453,0,1,1,0
1181767,2019-05-10,2019,Delhi Capitals,Chennai Super Kings,Dr. Y.S. Rajasekhara Reddy ACA-VDCA Cricket Stadium,Chennai Super Kings,field,174,0.4425287356321839,151.92528735632183,152.77586206896552,5.132183908045977,8.028692237994564,162,0.6111111111111112,159.76543209876544,149.42592592592592,5.672839506172839,7.7748514533483215,-0.1685823754789272,-7.840144742443613,3.3499361430395997,-0.5406555981268628,0.2538407846462425,0,5,4,0.8,5,2,0.4,0.4,20,6,14,0.3,12,158.33333333333334,0.5,0,1,1,0
1181768,2019-05-12,2019,Mumbai Indians,Chennai Super Kings,Rajiv Gandhi International Stadium,Mumbai Indians,bat,186,0.5806451612903226,158.18279569892474,150.18279569892474,5.548387096774194,7.774201029732363,163,0.6134969325153374,159.7116564417178,149.38036809815952,5.693251533742331,7.770544119993617,-0.0328517712250148,-1.5288607427930572,0.8024276007652134,-0.1448644369681373,0.0036569097387459,1,5,4,0.8,5,2,0.4,0.4,27,16,11,0.5925925925925926,14,163.57142857142858,0.5,1,0,0,1
1216492,2020-09-19,2020/21,Mumbai Indians,Chennai Super Kings,Sheikh Zayed Stadium,Chennai Super Kings,field,187,0.5828877005347594,158.13368983957218,150.14438502673798,5.545454545454546,7.77074588311269,164,0.6097560975609756,159.640243902439,149.3780487804878,5.701219512195122,7.768511178056128,-0.0268683970262162,-1.506554062866826,0.7663362462501766,-0.155764966740576,0.002234705056562,0,5,4,0.8,5,2,0.4,0.4,28,17,11,0.6071428571428571,7,147.42857142857142,0.42857142857142855,0,1,1,0
1216493,2020-09-20,2020/21,Delhi Capitals,Punjab Kings,Dubai International Cricket Stadium,Punjab Kings,field,175,0.44,151.89714285714285,152.73714285714286,5.125714285714285,8.026726726726727,176,0.4659090909090909,157.42613636363637,156.5681818181818,5.170454545454546,8.255654865930993,-0.0259090909090908,-5.528993506493521,-3.831038961038957,-0.0447402597402604,-0.2289281392042657,1,5,3,0.6,5,1,0.2,0.39999999999999997,24,10,14,0.4166666666666667,7,148.85714285714286,0.5714285714285714,0,1,1,0
1216534,2020-09-21,2020/21,Royal Challengers Bengaluru,Sunrisers Hyderabad,Dubai International Cricket Stadium,Sunrisers Hyderabad,field,177,0.4745762711864407,156.5084745762712,155.36158192090394,5.265536723163842,8.13178905864958,108,0.5370370370370371,155.84259259259258,150.41666666666666,5.4907407407407405,7.8408816668007395,-0.0624607658505964,0.6658819836786165,4.944915254237287,-0.2252040175768987,0.2909073918488412,1,5,4,0.8,5,1,0.2,0.6000000000000001,14,6,8,0.42857142857142855,8,149.875,0.5,0,1,1,0
1216496,2020-09-22,2020/21,Rajasthan Royals,Chennai Super Kings,Sharjah Cricket Stadium,Chennai Super Kings,field,145,0.5172413793103449,153.19310344827585,149.75862068965515,5.213793103448276,7.853999638314545,165,0.6121212121212121,159.6787878787879,149.44848484848484,5.721212121212122,7.770285174097999,-0.0948798328108672,-6.485684430512038,0.3101358411703359,-0.507419017763846,0.0837144642165457,1,5,3,0.6,5,2,0.4,0.19999999999999996,21,7,14,0.3333333333333333,6,158.16666666666666,0.6666666666666666,0,1,1,0
1216508,2020-09-23,2020/21,Mumbai Indians,Kolkata Knight Riders,Sheikh Zayed Stadium,Kolkata Knight Riders,field,188,0.5797872340425532,158.15425531914894,150.2287234042553,5.542553191489362,7.775086028905712,178,0.5168539325842697,152.7921348314607,149.84831460674158,5.106741573033708,7.892976918524363,0.0629333014582834,5.362120487688259,0.3804087975137236,0.4358116184556539,-0.1178908896186508,1,5,4,0.8,5,2,0.4,0.4,25,19,6,0.76,8,149.25,0.5,0,1,1,0
1216510,2020-09-24,2020/21,Punjab Kings,Royal Challengers Bengaluru,Dubai International Cricket Stadium,Royal Challengers Bengaluru,field,177,0.4632768361581921,157.43502824858757,156.5819209039548,5.175141242937853,8.253015037967145,178,0.4775280898876404,156.54494382022472,155.30898876404495,5.280898876404494,8.127695021560172,-0.0142512537294483,0.8900844283628544,1.272932139909841,-0.1057576334666414,0.1253200164069738,1,5,1,0.2,5,4,0.8,-0.6000000000000001,24,12,12,0.5,9,151.33333333333334,0.4444444444444444,0,1,1,0
1216539,2020-09-25,2020/21,Delhi Capitals,Chennai Super Kings,Dubai International Cricket Stadium,Chennai Super Kings,field,176,0.4431818181818182,151.9431818181818,152.73863636363637,5.153409090909091,8.02328010744665,166,0.608433734939759,159.92168674698794,149.84337349397592,5.72289156626506,7.7889462971661185,-0.1652519167579408,-7.978504928806132,2.8952628696604563,-0.5694824753559695,0.2343338102805319,1,5,3,0.6,5,2,0.4,0.19999999999999996,21,6,15,0.2857142857142857,10,156.8,0.4,0,1,1,0
1216545,2020-09-26,2020/21,Sunrisers Hyderabad,Kolkata Knight Riders,Sheikh Zayed Stadium,Sunrisers Hyderabad,bat,109,0.5321100917431193,155.8165137614679,150.52293577981652,5.467889908256881,7.843359094892836,179,0.5139664804469274,152.75418994413408,150.08938547486034,5.100558659217877,7.903314375367719,0.0181436112961919,3.062323817333805,0.4335503049561851,0.3673312490390037,-0.0599552804748828,0,5,1,0.2,5,2,0.4,-0.2,17,7,10,0.4117647058823529,9,154.33333333333334,0.4444444444444444,1,0,0,1
1216527,2020-09-27,2020/21,Punjab Kings,Rajasthan Royals,Sharjah Cricket Stadium,Rajasthan Royals,field,178,0.4662921348314606,157.7078651685393,156.3033707865169,5.202247191011236,8.243148486494494,146,0.5205479452054794,153.62328767123287,150.0958904109589,5.219178082191781,7.869052606379795,-0.0542558103740187,4.084577497306441,6.207480375557964,-0.0169308911805448,0.3740958801146989,0,5,2,0.4,5,3,0.6,-0.19999999999999996,19,9,10,0.47368421052631576,7,166.42857142857142,0.5714285714285714,0,1,1,0
1216547,2020-09-28,2020/21,Royal Challengers Bengaluru,Mumbai Indians,Dubai International Cricket Stadium,Mumbai Indians,field,179,0.4748603351955307,156.27932960893855,155.55307262569832,5.268156424581005,8.1379511909981,189,0.582010582010582,158.34920634920636,150.1957671957672,5.560846560846561,7.771937029431896,-0.1071502468150512,-2.0698767402678016,5.357305429931131,-0.2926901362655556,0.3660141615662038,1,5,3,0.6,5,4,0.8,-0.20000000000000007,25,9,16,0.36,11,158.45454545454547,0.36363636363636365,0,1,1,0
1216532,2020-09-29,2020/21,Sunrisers Hyderabad,Delhi Capitals,Sheikh Zayed Stadium,Delhi Capitals,field,110,0.5272727272727272,155.6909090909091,150.45454545454547,5.445454545454545,7.844221502488348,177,0.4463276836158192,152.07344632768363,152.61016949152545,5.15819209039548,8.014241210502894,0.080945043656908,3.617462763225461,-2.155624036979958,0.2872624550590652,-0.1700197080145455,1,5,0,0.0,5,4,0.8,-0.8,15,9,6,0.6,10,153.1,0.5,0,1,1,0
1216504,2020-09-30,2020/21,Kolkata Knight Riders,Rajasthan Royals,Dubai International Cricket Stadium,Rajasthan Royals,field,180,0.5166666666666667,152.7111111111111,150.0222222222222,5.088888888888889,7.897445895886137,147,0.5238095238095238,154.1156462585034,150.57823129251702,5.197278911564626,7.89126559714795,-0.0071428571428571,-1.404535147392295,-0.556009070294806,-0.1083900226757377,0.0061802987381867,1,5,3,0.6,5,4,0.8,-0.20000000000000007,20,10,10,0.5,12,162.0,0.3333333333333333,0,1,1,0
1216503,2020-10-01,2020/21,Mumbai Indians,Punjab Kings,Sheikh Zayed Stadium,Punjab Kings,field,190,0.5789473684210527,158.61052631578949,150.4842105263158,5.547368421052632,7.783312916836804,179,0.4636871508379888,158.07262569832403,156.68156424581005,5.206703910614525,8.261783189316576,0.1152602175830638,0.5379006174654535,-6.197353719494259,0.3406645104381063,-0.4784702724797718,1,5,3,0.6,5,2,0.4,0.19999999999999996,24,13,11,0.5416666666666666,11,153.9090909090909,0.45454545454545453,0,1,1,0
1216516,2020-10-02,2020/21,Sunrisers Hyderabad,Chennai Super Kings,Dubai International Cricket Stadium,Sunrisers Hyderabad,bat,111,0.5315315315315315,155.74774774774775,150.36936936936937,5.45945945945946,7.83676344001878,167,0.6047904191616766,159.74850299401197,149.96407185628743,5.706586826347305,7.7933717130854205,-0.0732588876301451,-4.00075524626422,0.4052975130819334,-0.2471273668878453,0.0433917269333594,1,5,1,0.2,5,2,0.4,-0.2,12,3,9,0.25,13,162.92307692307693,0.3076923076923077,1,0,0,1
1216514,2020-10-03,2020/21,Rajasthan Royals,Royal Challengers Bengaluru,Sheikh Zayed Stadium,Rajasthan Royals,bat,148,0.5202702702702703,154.0,150.71621621621622,5.202702702702703,7.895929203539823,180,0.4777777777777778,156.5888888888889,155.8388888888889,5.272222222222222,8.148438634713145,0.0424924924924924,-2.588888888888903,-5.122672672672678,-0.0695195195195195,-0.2525094311733218,0,5,3,0.6,5,3,0.6,0.0,18,10,8,0.5555555555555556,12,157.0,0.4166666666666667,1,0,0,1
1216515,2020-10-03,2020/21,Delhi Capitals,Kolkata Knight Riders,Sharjah Cricket Stadium,Kolkata Knight Riders,field,178,0.4438202247191011,152.04494382022472,152.64044943820224,5.151685393258427,8.01356732045421,181,0.5193370165745856,152.82872928176795,149.91712707182322,5.110497237569061,7.889610389610389,-0.0755167918554845,-0.783785461543232,2.7233223663790227,0.0411881556893662,0.1239569308438213,1,5,3,0.6,5,3,0.6,0.0,23,10,13,0.43478260869565216,8,173.5,0.625,0,1,1,0
1216513,2020-10-04,2020/21,Punjab Kings,Chennai Super Kings,Dubai International Cricket Stadium,Punjab Kings,bat,180,0.4611111111111111,157.98888888888888,156.86666666666667,5.194444444444445,8.269035532994923,168,0.6011904761904762,159.73214285714286,150.04761904761904,5.696428571428571,7.795886809958249,-0.140079365079365,-1.7432539682539812,6.8190476190476375,-0.5019841269841265,0.4731487230366742,0,5,2,0.4,5,1,0.2,0.2,21,9,12,0.42857142857142855,14,163.0,0.2857142857142857,1,0,0,1
1216538,2020-10-04,2020/21,Mumbai Indians,Sunrisers Hyderabad,Sharjah Cricket Stadium,Mumbai Indians,bat,191,0.581151832460733,158.7801047120419,150.434554973822,5.560209424083769,7.779342087450927,112,0.5357142857142857,155.82142857142858,150.40178571428572,5.446428571428571,7.835491123342894,0.0454375467464472,2.9586761406133064,0.0327692595362805,0.1137808526551982,-0.0561490358919671,1,5,3,0.6,5,2,0.4,0.19999999999999996,14,7,7,0.5,9,179.55555555555554,0.5555555555555556,1,0,0,1
1216519,2020-10-05,2020/21,Delhi Capitals,Royal Challengers Bengaluru,Dubai International Cricket Stadium,Royal Challengers Bengaluru,field,179,0.4469273743016759,152.46927374301677,152.92737430167597,5.167597765363128,8.02638909250843,181,0.4806629834254143,156.59668508287294,155.8232044198895,5.276243093922652,8.145559566787004,-0.0337356091237384,-4.127411339856167,-2.8958301182135244,-0.1086453285595236,-0.1191704742785741,1,5,3,0.6,5,4,0.8,-0.20000000000000007,22,8,14,0.36363636363636365,15,164.0,0.3333333333333333,0,1,1,0
1216511,2020-10-06,2020/21,Mumbai Indians,Rajasthan Royals,Sheikh Zayed Stadium,Mumbai Indians,bat,192,0.5833333333333334,159.03645833333334,150.53125,5.567708333333333,7.782954086441363,149,0.5167785234899329,154.0,150.75838926174498,5.181208053691275,7.897919718722532,0.0665548098434004,5.036458333333343,-0.2271392617449805,0.3865002796420578,-0.1149656322811694,1,5,3,0.6,5,2,0.4,0.19999999999999996,20,10,10,0.5,13,156.76923076923077,0.46153846153846156,1,0,0,1
1216501,2020-10-07,2020/21,Kolkata Knight Riders,Chennai Super Kings,Sheikh Zayed Stadium,Kolkata Knight Riders,bat,182,0.5164835164835165,153.14285714285714,150.34615384615384,5.104395604395604,7.909905569473887,169,0.6035502958579881,159.85798816568047,150.20710059171597,5.686390532544379,7.802366682034732,-0.0870667793744716,-6.7151310228233285,0.1390532544378686,-0.5819949281487746,0.1075388874391549,1,5,2,0.4,5,2,0.4,0.0,20,7,13,0.35,14,159.35714285714286,0.42857142857142855,1,0,0,1
1216542,2020-10-08,2020/21,Sunrisers Hyderabad,Punjab Kings,Dubai International Cricket Stadium,Sunrisers Hyderabad,bat,113,0.5309734513274337,155.98230088495575,150.90265486725664,5.442477876106195,7.858668100468545,181,0.4585635359116022,158.09944751381215,157.0,5.165745856353591,8.279207536175585,0.0724099154158314,-2.117146628856404,-6.0973451327433565,0.276732019752604,-0.42053943570704,1,5,2,0.4,5,1,0.2,0.2,14,10,4,0.7142857142857143,16,166.0,0.3125,1,0,0,1
1216500,2020-10-09,2020/21,Delhi Capitals,Rajasthan Royals,Sharjah Cricket Stadium,Rajasthan Royals,field,180,0.45,152.7111111111111,152.81666666666666,5.188888888888889,8.018364669873197,150,0.5133333333333333,153.88,150.98666666666668,5.173333333333333,7.906900965902478,-0.0633333333333333,-1.1688888888888869,1.829999999999984,0.0155555555555562,0.1114637039707187,1,5,4,0.8,5,2,0.4,0.4,20,9,11,0.45,10,182.4,0.5,0,1,1,0
1216523,2020-10-10,2020/21,Kolkata Knight Riders,Punjab Kings,Sheikh Zayed Stadium,Kolkata Knight Riders,bat,183,0.5191256830601093,153.21857923497268,150.37158469945356,5.103825136612022,7.908986395861276,182,0.456043956043956,157.95604395604394,157.23626373626374,5.170329670329671,8.289176402433137,0.0630817270161532,-4.737464721071262,-6.864679036810173,-0.0665045337176488,-0.3801900065718611,1,5,3,0.6,5,1,0.2,0.39999999999999997,25,17,8,0.68,15,159.86666666666667,0.4,1,0,0,1
1216525,2020-10-10,2020/21,Royal Challengers Bengaluru,Chennai Super Kings,Dubai International Cricket Stadium,Royal Challengers Bengaluru,bat,182,0.478021978021978,156.48901098901098,156.021978021978,5.269230769230769,8.153912419239052,170,0.6,159.84117647058824,150.28235294117647,5.705882352941177,7.804490606384603,-0.1219780219780219,-3.3521654815772592,5.739625080801545,-0.4366515837104074,0.349421812854449,1,5,3,0.6,5,1,0.2,0.39999999999999997,23,8,15,0.34782608695652173,17,168.05882352941177,0.29411764705882354,1,0,0,1
1216507,2020-10-11,2020/21,Sunrisers Hyderabad,Rajasthan Royals,Dubai International Cricket Stadium,Sunrisers Hyderabad,bat,114,0.5350877192982456,156.37719298245614,150.71929824561403,5.464912280701754,7.857621951219513,151,0.5099337748344371,153.7748344370861,151.1523178807947,5.178807947019868,7.912636505460219,0.0251539444638084,2.6023585453700377,-0.4330196351806705,0.2861043336818865,-0.0550145542407056,0,5,3,0.6,5,1,0.2,0.39999999999999997,11,6,5,0.5454545454545454,18,168.11111111111111,0.2777777777777778,1,0,0,1
1216529,2020-10-11,2020/21,Delhi Capitals,Mumbai Indians,Sheikh Zayed Stadium,Delhi Capitals,bat,181,0.4530386740331492,152.88397790055248,152.71823204419888,5.2154696132596685,8.011399864747368,193,0.5854922279792746,159.21243523316062,150.45077720207254,5.590673575129534,7.78124162572577,-0.1324535539461254,-6.328457332608139,2.267454842126341,-0.3752039618698655,0.2301582390215975,0,5,4,0.8,5,4,0.8,0.0,24,12,12,0.5,16,160.125,0.375,1,0,0,1
1216540,2020-10-12,2020/21,Royal Challengers Bengaluru,Kolkata Knight Riders,Sharjah Cricket Stadium,Royal Challengers Bengaluru,bat,183,0.4808743169398907,156.55737704918033,155.89071038251367,5.278688524590164,8.14503925767309,184,0.5217391304347826,153.27717391304347,150.42391304347825,5.103260869565218,7.9095065726805105,-0.0408648134948919,3.280203136136862,5.466797339035423,0.1754276550249462,0.23553268499258,1,5,3,0.6,5,4,0.8,-0.20000000000000007,24,10,14,0.4166666666666667,11,182.54545454545453,0.45454545454545453,1,0,0,1
1216528,2020-10-13,2020/21,Chennai Super Kings,Sunrisers Hyderabad,Dubai International Cricket Stadium,Chennai Super Kings,bat,171,0.5964912280701754,159.6783625730994,150.3859649122807,5.695906432748538,7.808106877182329,115,0.5304347826086957,156.3913043478261,150.7913043478261,5.452173913043478,7.859052798549739,0.0660564454614797,3.287058225273313,-0.4053394355453861,0.2437325197050599,-0.0509459213674103,1,5,1,0.2,5,3,0.6,-0.39999999999999997,13,9,4,0.6923076923076923,19,167.57894736842104,0.3157894736842105,1,0,0,1
1216543,2020-10-14,2020/21,Delhi Capitals,Rajasthan Royals,Dubai International Cricket Stadium,Delhi Capitals,bat,182,0.4505494505494505,152.93406593406593,152.7912087912088,5.214285714285714,8.013832853025937,152,0.5131578947368421,153.83552631578948,151.19736842105263,5.164473684210527,7.912549492167327,-0.0626084441873915,-0.9014603817235524,1.5938403701561583,0.0498120300751878,0.1012833608586101,1,5,3,0.6,5,1,0.2,0.39999999999999997,21,10,11,0.47619047619047616,20,167.55,0.3,1,0,0,1
1216531,2020-10-15,2020/21,Royal Challengers Bengaluru,Punjab Kings,Sharjah Cricket Stadium,Royal Challengers Bengaluru,bat,184,0.483695652173913,156.7608695652174,155.6358695652174,5.293478260869565,8.12973740241306,183,0.453551912568306,157.9781420765027,157.2568306010929,5.158469945355192,8.287798790438705,0.030143739605607,-1.21727251128533,-1.6209610358754958,0.1350083155143737,-0.1580613880256454,0,5,4,0.8,5,0,0.0,0.8,25,12,13,0.48,12,183.5,0.4166666666666667,1,0,0,1
1216526,2020-10-16,2020/21,Kolkata Knight Riders,Mumbai Indians,Sheikh Zayed Stadium,Kolkata Knight Riders,bat,185,0.518918918918919,153.05405405405406,150.64864864864865,5.086486486486487,7.919113468459935,194,0.5876288659793815,159.24742268041237,150.51030927835052,5.577319587628866,7.782940915148823,-0.0687099470604625,-6.193368626358307,0.1383393702981266,-0.4908331011423792,0.1361725533111117,0,5,3,0.6,5,4,0.8,-0.20000000000000007,26,6,20,0.23076923076923078,17,160.23529411764707,0.4117647058823529,1,0,0,1
1216509,2020-10-17,2020/21,Chennai Super Kings,Delhi Capitals,Sharjah Cricket Stadium,Chennai Super Kings,bat,172,0.5988372093023255,159.72093023255815,150.36627906976744,5.703488372093023,7.805341783612494,183,0.453551912568306,152.9781420765027,152.75956284153006,5.224043715846994,8.010028653295128,0.1452852967340195,6.742788156055411,-2.3932837717626114,0.479444656246029,-0.204686869682634,0,5,2,0.4,5,4,0.8,-0.4,22,15,7,0.6818181818181818,13,182.53846153846155,0.46153846153846156,1,0,0,1
1216522,2020-10-17,2020/21,Rajasthan Royals,Royal Challengers Bengaluru,Dubai International Cricket Stadium,Rajasthan Royals,bat,153,0.5098039215686274,153.79738562091504,151.2483660130719,5.176470588235294,7.912805607796204,185,0.4810810810810811,156.83783783783784,155.73513513513512,5.27027027027027,8.132956951305575,0.0287228404875463,-3.0404522169228017,-4.486769122063237,-0.0937996820349758,-0.2201513435093707,0,5,1,0.2,5,3,0.6,-0.39999999999999997,19,10,9,0.5263157894736842,21,167.23809523809524,0.2857142857142857,1,0,0,1
1216512,2020-10-18,2020/21,Kolkata Knight Riders,Sunrisers Hyderabad,Sheikh Zayed Stadium,Sunrisers Hyderabad,field,186,0.5161290322580645,153.0268817204301,150.61290322580646,5.06989247311828,7.922137908281096,116,0.5258620689655172,156.31034482758622,150.9051724137931,5.456896551724138,7.862115427801482,-0.0097330367074527,-3.283463107156109,-0.2922691879866477,-0.3870040786058579,0.0600224804796134,1,5,2,0.4,5,2,0.4,0.0,18,11,7,0.6111111111111112,18,159.55555555555554,0.4444444444444444,0,1,1,0
1216517,2020-10-18,2020/21,Mumbai Indians,Punjab Kings,Dubai International Cricket Stadium,Mumbai Indians,bat,195,0.5897435897435898,159.1948717948718,150.48717948717947,5.574358974358974,7.780380026513478,184,0.4565217391304347,158.08152173913044,157.29891304347825,5.163043478260869,8.287582323184116,0.133221850613155,1.113350055741364,-6.811733556298776,0.4113154960981049,-0.5072022966706387,0,5,5,1.0,5,1,0.2,0.8,25,14,11,0.56,22,167.6818181818182,0.3181818181818182,1,0,0,1
1216533,2020-10-19,2020/21,Chennai Super Kings,Rajasthan Royals,Sheikh Zayed Stadium,Chennai Super Kings,bat,173,0.5953757225433526,159.83236994219652,150.56069364161849,5.699421965317919,7.8141,154,0.5064935064935064,153.94805194805195,151.42207792207793,5.162337662337662,7.920407585621286,0.0888822160498461,5.884317994144567,-0.8613842804594469,0.537084302980257,-0.1063075856212858,0,5,2,0.4,5,1,0.2,0.2,22,14,8,0.6363636363636364,19,159.73684210526315,0.42105263157894735,1,0,0,1
1216546,2020-10-20,2020/21,Delhi Capitals,Punjab Kings,Dubai International Cricket Stadium,Delhi Capitals,bat,184,0.4565217391304347,153.15217391304347,152.90217391304347,5.217391304347826,8.015384615384615,185,0.4594594594594595,158.2864864864865,157.45405405405404,5.167567567567567,8.288627525372284,-0.0029377203290247,-5.134312573443026,-4.551880141010571,0.0498237367802589,-0.273242909987669,0,5,4,0.8,5,2,0.4,0.4,25,11,14,0.44,23,168.04347826086956,0.34782608695652173,1,0,0,1
1216494,2020-10-21,2020/21,Kolkata Knight Riders,Royal Challengers Bengaluru,Sheikh Zayed Stadium,Kolkata Knight Riders,bat,187,0.5187165775401069,153.09625668449198,150.6524064171123,5.085561497326204,7.920899718837863,186,0.4838709677419355,156.95698924731184,155.84408602150538,5.274193548387097,8.136701754385966,0.0348456097981714,-3.8607325628198623,-5.191679604393073,-0.1886320510608934,-0.2158020355481023,0,5,3,0.6,5,3,0.6,0.0,25,14,11,0.56,20,158.0,0.45,1,0,0,1
1216518,2020-10-22,2020/21,Rajasthan Royals,Sunrisers Hyderabad,Dubai International Cricket Stadium,Sunrisers Hyderabad,field,155,0.5096774193548387,153.76774193548388,151.23225806451612,5.15483870967742,7.908124824290133,117,0.5213675213675214,156.3846153846154,151.0,5.452991452991453,7.861900170585182,-0.0116901020126827,-2.6168734491315035,0.2322580645161167,-0.2981527433140334,0.0462246537049511,0,5,2,0.4,5,1,0.2,0.2,12,6,6,0.5,24,167.875,0.375,0,1,1,0
1216521,2020-10-23,2020/21,Chennai Super Kings,Mumbai Indians,Sharjah Cricket Stadium,Mumbai Indians,field,174,0.5919540229885057,159.632183908046,150.38505747126436,5.683908045977011,7.809102213379756,196,0.5867346938775511,159.3622448979592,150.71938775510205,5.581632653061225,7.787609841827767,0.0052193291109546,0.2699390100868015,-0.3343302838376871,0.1022753929157866,0.0214923715519885,0,5,1,0.2,5,4,0.8,-0.6000000000000001,29,12,17,0.41379310344827586,14,182.28571428571428,0.5,0,1,1,0
1216497,2020-10-24,2020/21,Kolkata Knight Riders,Delhi Capitals,Sheikh Zayed Stadium,Delhi Capitals,field,188,0.5159574468085106,152.7287234042553,150.29255319148936,5.0638297872340425,7.91419634937678,185,0.4540540540540541,153.2108108108108,152.97297297297297,5.210810810810811,8.019268914706716,0.0619033927544565,-0.4820874065555074,-2.6804197814836077,-0.1469810235767683,-0.1050725653299355,1,5,2,0.4,5,3,0.6,-0.19999999999999996,24,13,11,0.5416666666666666,21,154.47619047619048,0.47619047619047616,0,1,1,0
1216498,2020-10-24,2020/21,Punjab Kings,Sunrisers Hyderabad,Dubai International Cricket Stadium,Sunrisers Hyderabad,field,186,0.4623655913978494,158.33333333333334,157.48387096774192,5.166666666666667,8.287843063283976,118,0.5254237288135594,156.38135593220338,151.02542372881356,5.4491525423728815,7.860471954715872,-0.0630581374157099,1.951977401129966,6.458447238928358,-0.2824858757062145,0.4273711085681038,1,5,3,0.6,5,2,0.4,0.19999999999999996,15,4,11,0.26666666666666666,25,167.32,0.4,0,1,1,0
1216541,2020-10-25,2020/21,Mumbai Indians,Rajasthan Royals,Sheikh Zayed Stadium,Mumbai Indians,bat,197,0.5888324873096447,159.14213197969542,150.51269035532994,5.598984771573604,7.775611888111888,156,0.5064102564102564,153.76923076923077,151.25641025641025,5.134615384615385,7.911925785179389,0.0824222308993882,5.372901210464647,-0.7437199010803113,0.4643693869582188,-0.1363138970675015,0,5,4,0.8,5,2,0.4,0.4,21,11,10,0.5238095238095238,22,156.27272727272728,0.45454545454545453,1,0,0,1
1216544,2020-10-25,2020/21,Royal Challengers Bengaluru,Chennai Super Kings,Dubai International Cricket Stadium,Royal Challengers Bengaluru,bat,187,0.4866310160427807,156.57219251336898,155.44919786096256,5.283422459893048,8.114166085136079,175,0.5885714285714285,159.37142857142857,150.17714285714283,5.651428571428571,7.814361464889242,-0.1019404125286477,-2.7992360580595914,5.272055003819702,-0.3680061115355233,0.2998046202468369,0,5,4,0.8,5,1,0.2,0.6000000000000001,24,9,15,0.375,26,165.73076923076923,0.38461538461538464,1,0,0,1
1216520,2020-10-26,2020/21,Kolkata Knight Riders,Punjab Kings,Sharjah Cricket Stadium,Punjab Kings,field,189,0.5185185185185185,152.94708994708995,150.2010582010582,5.084656084656085,7.90678674217807,187,0.46524064171123,158.16042780748663,157.25133689839572,5.18716577540107,8.2736694021102,0.0532778768072885,-5.213337860396678,-7.050278697337518,-0.1025096907449851,-0.3668826599321289,0,5,2,0.4,5,4,0.8,-0.4,26,18,8,0.6923076923076923,15,177.73333333333332,0.5333333333333333,0,1,1,0
1216524,2020-10-27,2020/21,Sunrisers Hyderabad,Delhi Capitals,Dubai International Cricket Stadium,Delhi Capitals,field,119,0.5210084033613446,156.0252100840336,150.7983193277311,5.453781512605042,7.845952051300737,186,0.4516129032258064,153.11290322580646,153.18817204301075,5.21505376344086,8.028458720766412,0.0693955001355381,2.91230685822714,-2.389852715279659,0.2387277491641821,-0.1825066694656758,1,5,1,0.2,5,2,0.4,-0.2,16,10,6,0.625,27,164.96296296296296,0.4074074074074074,0,1,1,0
1216499,2020-10-28,2020/21,Royal Challengers Bengaluru,Mumbai Indians,Sheikh Zayed Stadium,Mumbai Indians,field,188,0.4840425531914893,156.51063829787233,155.41489361702128,5.26595744680851,8.113481742028046,198,0.5858585858585859,159.32323232323233,150.72222222222223,5.58080808080808,7.788516746411483,-0.1018160326670964,-2.8125940253599997,4.692671394799049,-0.31485063399957,0.324964995616563,0,5,3,0.6,5,3,0.6,0.0,26,10,16,0.38461538461538464,23,157.95652173913044,0.4782608695652174,0,1,1,0
1216536,2020-10-29,2020/21,Kolkata Knight Riders,Chennai Super Kings,Dubai International Cricket Stadium,Chennai Super Kings,field,190,0.5157894736842106,152.92631578947368,150.18947368421053,5.068421052631579,7.906534287693374,176,0.5909090909090909,159.3181818181818,150.13636363636363,5.653409090909091,7.810434011527661,-0.0751196172248803,-6.391866028708137,0.0531100478468999,-0.5849880382775119,0.0961002761657123,0,5,2,0.4,5,2,0.4,0.0,21,8,13,0.38095238095238093,28,166.89285714285714,0.39285714285714285,0,1,1,0
1216537,2020-10-30,2020/21,Punjab Kings,Rajasthan Royals,Sheikh Zayed Stadium,Rajasthan Royals,field,188,0.4680851063829787,158.11702127659575,157.19148936170214,5.207446808510638,8.26822103054325,157,0.5095541401273885,154.03821656050957,151.5095541401274,5.13375796178344,7.9228377928278,-0.0414690337444098,4.078804716086182,5.681935221574747,0.0736888467271983,0.34538323771545,0,5,5,1.0,5,2,0.4,0.6,20,9,11,0.45,24,158.20833333333334,0.5,0,1,1,0
1216502,2020-10-31,2020/21,Royal Challengers Bengaluru,Sunrisers Hyderabad,Sharjah Cricket Stadium,Sunrisers Hyderabad,field,189,0.4814814814814814,156.55026455026456,155.46031746031747,5.264550264550264,8.115827271890248,120,0.525,156.55,150.6,5.491666666666666,7.836380718363808,-0.0435185185185185,0.0002645502645464,4.860317460317475,-0.227116402116402,0.2794465535264407,0,5,2,0.4,5,2,0.4,0.0,15,7,8,0.4666666666666667,16,175.9375,0.5625,0,1,1,0
1216535,2020-10-31,2020/21,Delhi Capitals,Mumbai Indians,Dubai International Cricket Stadium,Mumbai Indians,field,187,0.4491978609625668,152.99465240641712,153.50267379679144,5.197860962566845,8.042869151022696,199,0.5879396984924623,159.356783919598,150.7889447236181,5.582914572864322,7.790653396797923,-0.1387418375298954,-6.362131513180884,2.71372907317334,-0.3850536102974766,0.2522157542247729,0,5,2,0.4,5,3,0.6,-0.19999999999999996,25,12,13,0.48,29,167.06896551724137,0.41379310344827586,0,1,1,0
1216506,2020-11-01,2020/21,Punjab Kings,Chennai Super Kings,Sheikh Zayed Stadium,Chennai Super Kings,field,189,0.4656084656084656,158.25925925925927,157.33333333333334,5.190476190476191,8.279164733178655,177,0.5932203389830508,159.42372881355934,150.25423728813558,5.649717514124294,7.814780351633283,-0.1276118733745852,-1.1644695543000694,7.079096045197758,-0.4592413236481034,0.4643843815453721,0,5,4,0.8,5,2,0.4,0.4,22,9,13,0.4090909090909091,25,159.28,0.52,0,1,1,0
1216530,2020-11-01,2020/21,Kolkata Knight Riders,Rajasthan Royals,Dubai International Cricket Stadium,Rajasthan Royals,field,191,0.5130890052356021,153.0261780104712,150.33507853403142,5.06282722513089,7.912009184845006,158,0.5126582278481012,154.2405063291139,151.71518987341773,5.1265822784810124,7.931289290834895,0.0004307773875008,-1.214328318642714,-1.3801113393863034,-0.0637550533501221,-0.019280105989889,1,5,2,0.4,5,3,0.6,-0.19999999999999996,21,11,10,0.5238095238095238,30,165.16666666666666,0.43333333333333335,0,1,1,0
1216505,2020-11-02,2020/21,Royal Challengers Bengaluru,Delhi Capitals,Sheikh Zayed Stadium,Delhi Capitals,field,190,0.4789473684210526,156.3578947368421,155.27894736842106,5.2631578947368425,8.117485211170726,188,0.4468085106382978,152.7659574468085,153.27659574468086,5.175531914893617,8.04167441860465,0.0321388577827547,3.591937290033598,2.0023516237401964,0.0876259798432252,0.0758107925660755,0,5,2,0.4,5,1,0.2,0.2,23,14,9,0.6086956521739131,26,159.03846153846155,0.5384615384615384,0,1,1,0
1216495,2020-11-03,2020/21,Mumbai Indians,Sunrisers Hyderabad,Sharjah Cricket Stadium,Sunrisers Hyderabad,field,200,0.59,159.115,150.57,5.595,7.778045630650022,121,0.5289256198347108,156.25619834710744,150.32231404958677,5.504132231404959,7.81930214229419,0.0610743801652892,2.8588016528925664,0.2476859504132278,0.0908677685950412,-0.0412565116441685,0,5,3,0.6,5,3,0.6,0.0,15,8,7,0.5333333333333333,17,172.64705882352942,0.5882352941176471,0,1,1,0
1237177,2020-11-05,2020/21,Mumbai Indians,Delhi Capitals,Dubai International Cricket Stadium,Delhi Capitals,field,201,0.5870646766169154,159.06467661691542,150.5721393034826,5.567164179104478,7.782539750567865,189,0.4497354497354497,152.7724867724868,153.26455026455025,5.17989417989418,8.038945420906568,0.1373292268814657,6.292189844428634,-2.692410961067651,0.3872699992102983,-0.2564056703387036,1,5,3,0.6,5,1,0.2,0.39999999999999997,26,14,12,0.5384615384615384,31,166.0,0.41935483870967744,0,1,1,0
1237178,2020-11-06,2020/21,Royal Challengers Bengaluru,Sunrisers Hyderabad,Sheikh Zayed Stadium,Sunrisers Hyderabad,field,191,0.4764397905759162,156.33507853403142,155.2565445026178,5.2565445026178015,8.116600520049268,122,0.5327868852459017,156.21311475409837,150.3032786885246,5.524590163934426,7.815727782908291,-0.0563470946699854,0.1219637799330541,4.953265814093214,-0.2680456613166244,0.3008727371409767,0,5,1,0.2,5,4,0.8,-0.6000000000000001,16,7,9,0.4375,27,158.77777777777777,0.5555555555555556,0,1,1,0
1237180,2020-11-08,2020/21,Delhi Capitals,Sunrisers Hyderabad,Sheikh Zayed Stadium,Delhi Capitals,bat,190,0.4473684210526316,152.72105263157894,153.49473684210523,5.178947368421053,8.048942042318307,123,0.5365853658536586,156.01626016260164,150.14634146341464,5.528455284552845,7.805029231527788,-0.0892169448010269,-3.2952075310226974,3.3483953786906118,-0.3495079161317926,0.243912810790519,1,5,1,0.2,5,4,0.8,-0.6000000000000001,17,6,11,0.35294117647058826,28,157.78571428571428,0.5714285714285714,1,0,0,1
1237181,2020-11-10,2020/21,Delhi Capitals,Mumbai Indians,Dubai International Cricket Stadium,Delhi Capitals,bat,191,0.450261780104712,152.9109947643979,153.58638743455498,5.193717277486911,8.051692589204025,202,0.5891089108910891,159.26732673267327,150.53465346534654,5.579207920792079,7.779303287425916,-0.138847130786377,-6.356331968275356,3.051733969208442,-0.3854906433051681,0.2723893017781096,0,5,2,0.4,5,3,0.6,-0.19999999999999996,27,12,15,0.4444444444444444,32,167.0625,0.40625,1,0,0,1
1254058,2021-04-09,2021,Mumbai Indians,Royal Challengers Bengaluru,"MA Chidambaram Stadium, Chepauk, Chennai",Royal Challengers Bengaluru,field,203,0.5911330049261084,159.256157635468,150.55665024630542,5.58128078817734,7.77915411699826,192,0.4739583333333333,156.203125,155.109375,5.25,8.10771813603158,0.1171746715927751,3.0530326354679858,-4.5527247536945765,0.3312807881773398,-0.3285640190333208,0,5,4,0.8,5,0,0.0,0.8,27,17,10,0.6296296296296297,0,0.0,0.5,0,1,1,0
1254059,2021-04-10,2021,Chennai Super Kings,Delhi Capitals,"Wankhede Stadium, Mumbai",Delhi Capitals,field,178,0.5955056179775281,159.3932584269663,150.26404494382024,5.651685393258427,7.813525488095818,192,0.4479166666666667,152.92708333333334,153.58333333333334,5.1875,8.052430365920262,0.1475889513108614,6.466175093632955,-3.3192883895131047,0.4641853932584272,-0.238904877824444,0,5,3,0.6,5,2,0.4,0.19999999999999996,23,15,8,0.6521739130434783,0,0.0,0.5,0,1,1,0
1254060,2021-04-11,2021,Kolkata Knight Riders,Sunrisers Hyderabad,"MA Chidambaram Stadium, Chepauk, Chennai",Sunrisers Hyderabad,field,192,0.515625,153.22395833333334,150.22916666666666,5.083333333333333,7.904270381365609,124,0.532258064516129,156.1451612903226,150.43548387096774,5.508064516129032,7.817559544597333,-0.016633064516129,-2.921202956989248,-0.2063172043010865,-0.424731182795699,0.086710836768276,1,5,2,0.4,5,4,0.8,-0.4,19,12,7,0.631578947368421,1,159.0,1.0,0,1,1,0
1254061,2021-04-12,2021,Punjab Kings,Rajasthan Royals,"Wankhede Stadium, Mumbai",Rajasthan Royals,field,190,0.4631578947368421,158.23157894736843,157.27894736842106,5.168421052631579,8.276692978811798,159,0.5094339622641509,154.0943396226415,151.9308176100629,5.138364779874214,7.94028706037033,-0.0462760675273088,4.13723932472692,5.348129758358169,0.0300562727573643,0.3364059184414687,1,5,3,0.6,5,3,0.6,0.0,21,9,12,0.42857142857142855,1,188.0,1.0,0,1,1,0
1254062,2021-04-13,2021,Mumbai Indians,Kolkata Knight Riders,"MA Chidambaram Stadium, Chepauk, Chennai",Kolkata Knight Riders,field,204,0.5882352941176471,159.2549019607843,150.59313725490196,5.583333333333333,7.779766175663698,193,0.5181347150259067,153.39896373056996,150.3575129533679,5.082901554404145,7.908880308880309,0.0701005790917403,5.855938230214349,0.2356243015340737,0.5004317789291877,-0.1291141332166105,1,5,3,0.6,5,3,0.6,0.0,27,21,6,0.7777777777777778,2,173.0,0.5,0,1,1,0
1254063,2021-04-14,2021,Royal Challengers Bengaluru,Sunrisers Hyderabad,"MA Chidambaram Stadium, Chepauk, Chennai",Sunrisers Hyderabad,field,193,0.4766839378238341,156.22279792746113,155.12953367875647,5.259067357512953,8.106864028160116,125,0.528,156.312,150.728,5.512,7.8302971531481615,-0.0513160621761658,-0.0892020725388818,4.401533678756465,-0.2529326424870461,0.2765668750119543,1,5,1,0.2,5,3,0.6,-0.39999999999999997,17,7,10,0.4117647058823529,3,166.0,0.3333333333333333,0,1,1,0
1254064,2021-04-15,2021,Delhi Capitals,Rajasthan Royals,"Wankhede Stadium, Mumbai",Rajasthan Royals,field,193,0.4507772020725388,153.11917098445596,153.72538860103626,5.191709844559585,8.057848995111353,160,0.50625,154.4875,152.3625,5.14375,7.96059649504735,-0.0554727979274611,-1.3683290155440488,1.3628886010362464,0.0479598445595854,0.0972525000640036,0,5,3,0.6,5,2,0.4,0.19999999999999996,22,11,11,0.5,2,204.5,0.5,0,1,1,0
1254065,2021-04-16,2021,Punjab Kings,Chennai Super Kings,"Wankhede Stadium, Mumbai",Chennai Super Kings,field,191,0.4659685863874345,158.56020942408378,157.58115183246073,5.178010471204188,8.29031813799752,179,0.5921787709497207,159.55307262569832,150.48603351955308,5.636871508379889,7.826352234758607,-0.1262101845622861,-0.99286320161454,7.095118312907658,-0.4588610371757005,0.4639659032389129,0,5,3,0.6,5,3,0.6,0.0,23,9,14,0.391304347826087,3,185.33333333333334,0.6666666666666666,0,1,1,0
1254066,2021-04-17,2021,Mumbai Indians,Sunrisers Hyderabad,"MA Chidambaram Stadium, Chepauk, Chennai",Mumbai Indians,bat,205,0.5902439024390244,159.21951219512195,150.50731707317073,5.590243902439024,7.774072985344139,126,0.5238095238095238,156.20634920634922,150.6904761904762,5.531746031746032,7.825925671498249,0.0664343786295005,3.0131629887727343,-0.1831591173054789,0.0584978706929923,-0.0518526861541097,1,5,3,0.6,5,2,0.4,0.19999999999999996,16,8,8,0.5,4,161.75,0.25,1,0,0,1
1254067,2021-04-18,2021,Royal Challengers Bengaluru,Kolkata Knight Riders,"MA Chidambaram Stadium, Chepauk, Chennai",Royal Challengers Bengaluru,bat,194,0.4793814432989691,156.18556701030928,155.03608247422682,5.27319587628866,8.100094259167827,194,0.5154639175257731,153.340206185567,150.34536082474227,5.108247422680412,7.9061215269934495,-0.036082474226804,2.845360824742272,4.690721649484544,0.1649484536082477,0.1939727321743776,1,5,2,0.4,5,2,0.4,0.0,26,12,14,0.46153846153846156,5,159.4,0.2,1,0,0,1
1254068,2021-04-18,2021,Punjab Kings,Delhi Capitals,"Wankhede Stadium, Mumbai",Delhi Capitals,field,192,0.4635416666666667,158.28645833333334,157.29166666666666,5.171875,8.282671298624127,194,0.4484536082474227,153.08762886597938,153.6958762886598,5.201030927835052,8.05502026114363,0.0150880584192439,5.19882946735396,3.5957903780068534,-0.0291559278350517,0.2276510374804967,0,5,2,0.4,5,2,0.4,0.0,26,15,11,0.5769230769230769,4,165.5,0.75,0,1,1,0
1254069,2021-04-19,2021,Chennai Super Kings,Rajasthan Royals,"Wankhede Stadium, Mumbai",Rajasthan Royals,field,180,0.5944444444444444,159.26111111111112,150.23888888888888,5.644444444444445,7.811756776274613,161,0.5093167701863354,154.45962732919256,152.32919254658384,5.149068322981367,7.956634584189467,0.085127674258109,4.801483781918563,-2.0903036576949603,0.4953761214630781,-0.1448778079148533,1,5,4,0.8,5,3,0.6,0.20000000000000007,23,14,9,0.6086956521739131,5,171.4,0.8,0,1,1,0
1254070,2021-04-20,2021,Mumbai Indians,Delhi Capitals,"MA Chidambaram Stadium, Chepauk, Chennai",Mumbai Indians,bat,206,0.5922330097087378,159.1747572815534,150.4271844660194,5.601941747572815,7.769336843424846,195,0.4512820512820513,153.31794871794872,153.87692307692308,5.194871794871795,8.062516793551277,0.1409509584266865,5.856808563604687,-3.4497386109036654,0.4070699527010202,-0.2931799501264303,0,5,4,0.8,5,3,0.6,0.20000000000000007,28,16,12,0.5714285714285714,6,166.83333333333334,0.16666666666666666,1,0,0,1
1254071,2021-04-21,2021,Punjab Kings,Sunrisers Hyderabad,"MA Chidambaram Stadium, Chepauk, Chennai",Punjab Kings,bat,193,0.4611398963730569,158.47668393782382,157.49222797927462,5.16580310880829,8.294719607040523,127,0.5196850393700787,156.0551181102362,150.63779527559055,5.52755905511811,7.820808067043674,-0.0585451429970217,2.4215658275876137,6.854432703684068,-0.3617559463098203,0.4739115399968492,0,5,1,0.2,5,1,0.2,0.0,16,5,11,0.3125,7,162.57142857142858,0.2857142857142857,1,0,0,1
1254072,2021-04-21,2021,Chennai Super Kings,Kolkata Knight Riders,"Wankhede Stadium, Mumbai",Kolkata Knight Riders,field,181,0.5966850828729282,159.41988950276243,150.1767955801105,5.662983425414365,7.806806758891388,195,0.5128205128205128,153.4051282051282,150.62051282051283,5.102564102564102,7.9184902269153,0.0838645700524154,6.014761297634237,-0.4437172404023215,0.5604193228502625,-0.1116834680239122,1,5,4,0.8,5,2,0.4,0.4,22,14,8,0.6363636363636364,6,174.16666666666666,0.6666666666666666,0,1,1,0
1254073,2021-04-22,2021,Rajasthan Royals,Royal Challengers Bengaluru,"Wankhede Stadium, Mumbai",Royal Challengers Bengaluru,field,162,0.5061728395061729,154.38888888888889,152.5185185185185,5.160493827160494,7.964327925217578,195,0.482051282051282,156.43076923076924,155.09230769230768,5.287179487179487,8.101165230590652,0.0241215574548908,-2.0418803418803577,-2.57378917378918,-0.1266856600189934,-0.1368373053730742,0,5,2,0.4,5,3,0.6,-0.19999999999999996,20,10,10,0.5,7,180.71428571428572,0.5714285714285714,0,1,1,0
1254074,2021-04-23,2021,Mumbai Indians,Punjab Kings,"MA Chidambaram Stadium, Chepauk, Chennai",Punjab Kings,field,207,0.5893719806763285,159.06763285024155,150.35265700483092,5.594202898550725,7.765865424602845,194,0.4587628865979381,158.27835051546393,157.29896907216494,5.144329896907217,8.285261776550975,0.1306090940783903,0.7892823347776243,-6.94631206733402,0.4498730016435077,-0.5193963519481297,0,5,3,0.6,5,1,0.2,0.39999999999999997,26,14,12,0.5384615384615384,8,157.25,0.375,0,1,1,0
1254075,2021-04-24,2021,Kolkata Knight Riders,Rajasthan Royals,"Wankhede Stadium, Mumbai",Rajasthan Royals,field,196,0.5102040816326531,153.6530612244898,150.97448979591837,5.091836734693878,7.935016759776537,163,0.5030674846625767,154.5276073619632,152.68098159509202,5.128834355828221,7.979586383797359,0.0071365969700764,-0.874546137473402,-1.706491799173648,-0.0369976211343425,-0.0445696240208226,0,5,2,0.4,5,1,0.2,0.2,22,12,10,0.5454545454545454,8,180.25,0.625,0,1,1,0
1254076,2021-04-25,2021,Chennai Super Kings,Royal Challengers Bengaluru,"Wankhede Stadium, Mumbai",Chennai Super Kings,bat,182,0.5989010989010989,159.75274725274724,150.42857142857142,5.675824175824176,7.820051413881748,196,0.4846938775510204,156.55612244897958,155.17857142857142,5.306122448979592,8.103823437985701,0.1142072213500784,3.196624803767662,-4.75,0.3697017268445846,-0.2837720241039534,1,5,4,0.8,5,4,0.8,0.0,25,16,9,0.64,9,175.0,0.6666666666666666,1,0,0,1
1254077,2021-04-25,2021,Delhi Capitals,Sunrisers Hyderabad,"MA Chidambaram Stadium, Chepauk, Chennai",Delhi Capitals,bat,196,0.4540816326530612,153.23979591836735,153.76530612244898,5.214285714285714,8.054699331848553,128,0.5234375,155.78125,150.328125,5.546875,7.803447110510307,-0.0693558673469387,-2.5414540816326507,3.437181122448976,-0.3325892857142856,0.2512522213382464,1,5,3,0.6,5,1,0.2,0.39999999999999997,18,7,11,0.3888888888888889,9,154.33333333333334,0.4444444444444444,1,0,0,1
1254078,2021-04-26,2021,Punjab Kings,Kolkata Knight Riders,"Narendra Modi Stadium, Ahmedabad",Kolkata Knight Riders,field,195,0.4615384615384615,158.14358974358976,157.14358974358976,5.148717948717949,8.274809847427877,197,0.5076142131979695,153.5482233502538,150.85279187817258,5.086294416243655,7.929028815368197,-0.0460757516595079,4.595366393335951,6.290797865417176,0.0624235324742938,0.3457810320596799,0,5,2,0.4,5,1,0.2,0.2,27,9,18,0.3333333333333333,0,0.0,0.5,0,1,1,0
1254079,2021-04-27,2021,Royal Challengers Bengaluru,Delhi Capitals,"Narendra Modi Stadium, Ahmedabad",Delhi Capitals,field,197,0.482233502538071,156.38071065989848,155.35532994923858,5.299492385786802,8.111223993992668,197,0.4568527918781725,153.30964467005077,153.8020304568528,5.218274111675127,8.052533664068037,0.0253807106598984,3.0710659898477104,1.5532994923857757,0.0812182741116753,0.0586903299246319,1,5,4,0.8,5,4,0.8,0.0,24,14,10,0.5833333333333334,1,123.0,1.0,0,1,1,0
1254080,2021-04-28,2021,Sunrisers Hyderabad,Chennai Super Kings,"Arun Jaitley Stadium, Delhi",Sunrisers Hyderabad,bat,129,0.5193798449612403,155.86046511627907,150.42635658914728,5.5271317829457365,7.803096307218015,183,0.6010928961748634,159.92349726775956,150.2568306010929,5.683060109289618,7.80942913944902,-0.081713051213623,-4.063032151480485,0.1695259880543744,-0.1559283263438811,-0.0063328322310054,0,5,1,0.2,5,4,0.8,-0.6000000000000001,14,4,10,0.2857142857142857,0,0.0,0.5,1,0,0,1
1254081,2021-04-29,2021,Rajasthan Royals,Mumbai Indians,"Arun Jaitley Stadium, Delhi",Mumbai Indians,field,164,0.5060975609756098,154.40243902439025,152.54268292682926,5.140243902439025,7.970158763871926,208,0.5865384615384616,158.93269230769232,150.26442307692307,5.572115384615385,7.764574362371646,-0.0804409005628518,-4.530253283302073,2.278259849906192,-0.4318714821763603,0.2055844015002801,0,5,2,0.4,5,2,0.4,0.0,22,11,11,0.5,1,171.0,1.0,0,1,1,0
1254082,2021-04-29,2021,Kolkata Knight Riders,Delhi Capitals,"Narendra Modi Stadium, Ahmedabad",Delhi Capitals,field,198,0.51010101010101,153.4090909090909,150.7070707070707,5.106060606060606,7.91932059447983,198,0.4545454545454545,153.3939393939394,153.88888888888889,5.217171717171717,8.055163905534014,0.0555555555555555,0.0151515151515013,-3.181818181818187,-0.1111111111111107,-0.1358433110541845,0,5,1,0.2,5,3,0.6,-0.39999999999999997,25,14,11,0.56,2,147.0,0.5,0,1,1,0
1254083,2021-04-30,2021,Punjab Kings,Royal Challengers Bengaluru,"Narendra Modi Stadium, Ahmedabad",Royal Challengers Bengaluru,field,196,0.4591836734693877,157.96428571428572,156.95408163265307,5.142857142857143,8.26999417536628,198,0.4848484848484848,156.45454545454547,155.4090909090909,5.292929292929293,8.112219341798848,-0.025664811379097,1.509740259740255,1.5449907235621652,-0.15007215007215,0.1577748335674318,1,5,1,0.2,5,4,0.8,-0.6000000000000001,26,14,12,0.5384615384615384,3,149.33333333333334,0.6666666666666666,0,1,1,0
1254084,2021-05-01,2021,Chennai Super Kings,Mumbai Indians,"Arun Jaitley Stadium, Delhi",Mumbai Indians,field,184,0.6032608695652174,159.9945652173913,150.3586956521739,5.668478260869565,7.813047161818695,209,0.5885167464114832,158.99521531100478,150.35406698564594,5.564593301435407,7.767963085036255,0.0147441231537341,0.9993499063865272,0.0046286665279637,0.1038849594341586,0.04508407678244,0,5,5,1.0,5,3,0.6,0.4,30,12,18,0.4,2,171.0,1.0,0,1,1,0
1254085,2021-05-02,2021,Rajasthan Royals,Sunrisers Hyderabad,"Arun Jaitley Stadium, Delhi",Sunrisers Hyderabad,field,165,0.503030303030303,154.5030303030303,152.56969696969696,5.127272727272727,7.973184121621621,130,0.5153846153846153,155.97692307692307,150.6,5.507692307692308,7.814529004789781,-0.0123543123543122,-1.4738927738927714,1.9696969696969688,-0.3804195804195807,0.1586551168318397,1,5,2,0.4,5,1,0.2,0.2,13,6,7,0.46153846153846156,3,186.66666666666666,1.0,0,1,1,0
1254086,2021-05-02,2021,Punjab Kings,Delhi Capitals,"Narendra Modi Stadium, Ahmedabad",Delhi Capitals,field,197,0.4619289340101523,158.0710659898477,156.85279187817258,5.157360406091371,8.262400285217701,199,0.457286432160804,153.4070351758794,153.85929648241205,5.221105527638191,8.05171809256662,0.0046425018493482,4.66403081396831,2.993495395760533,-0.0637451215468196,0.2106821926510811,0,5,2,0.4,5,4,0.8,-0.4,27,15,12,0.5555555555555556,4,156.75,0.5,0,1,1,0
1254104,2021-09-19,2021,Chennai Super Kings,Mumbai Indians,Dubai International Cricket Stadium,Chennai Super Kings,bat,185,0.6,160.30810810810812,150.72972972972974,5.670270270270271,7.830665543386689,210,0.5904761904761905,159.2809523809524,150.66666666666666,5.557142857142857,7.782879632666447,0.0095238095238094,1.02715572715573,0.0630630630630832,0.1131274131274135,0.0477859107202416,1,5,4,0.8,5,3,0.6,0.20000000000000007,31,12,19,0.3870967741935484,33,166.72727272727272,0.42424242424242425,1,0,0,1
1254087,2021-09-20,2021,Royal Challengers Bengaluru,Kolkata Knight Riders,"Zayed Cricket Stadium, Abu Dhabi",Royal Challengers Bengaluru,bat,199,0.4824120603015075,156.39698492462313,155.52261306532662,5.291457286432161,8.116351239127585,199,0.507537688442211,153.41206030150755,150.7286432160804,5.0954773869346734,7.925749768793764,-0.0251256281407035,2.9849246231155746,4.793969849246224,0.1959798994974875,0.1906014703338208,0,5,3,0.6,5,1,0.2,0.39999999999999997,27,13,14,0.48148148148148145,0,0.0,0.5,1,0,0,1
1254111,2021-09-21,2021,Rajasthan Royals,Punjab Kings,Dubai International Cricket Stadium,Punjab Kings,field,166,0.5060240963855421,154.8975903614458,152.63855421686748,5.144578313253012,7.974611833822911,198,0.4595959595959596,158.11111111111111,156.8939393939394,5.146464646464646,8.267465069860279,0.0464281367895825,-3.213520749665321,-4.255385177071929,-0.0018863332116341,-0.2928532360373674,1,5,2,0.4,5,2,0.4,0.0,22,12,10,0.5454545454545454,34,166.41176470588235,0.4117647058823529,0,1,1,0
1254105,2021-09-22,2021,Sunrisers Hyderabad,Delhi Capitals,Dubai International Cricket Stadium,Sunrisers Hyderabad,bat,131,0.5114503816793893,156.04580152671755,151.0916030534351,5.488549618320611,7.8377771911298835,200,0.46,153.475,153.91,5.22,8.052493896058598,0.0514503816793892,2.57080152671756,-2.8183969465648886,0.2685496183206108,-0.2147167049287146,0,5,1,0.2,5,4,0.8,-0.6000000000000001,19,11,8,0.5789473684210527,35,166.94285714285715,0.4,1,0,0,1
1254096,2021-09-23,2021,Mumbai Indians,Kolkata Knight Riders,"Zayed Cricket Stadium, Abu Dhabi",Kolkata Knight Riders,field,211,0.5876777251184834,159.17061611374407,150.6777251184834,5.559241706161138,7.782229112271541,200,0.51,153.115,150.425,5.115,7.9098199027211775,0.0776777251184833,6.055616113744065,0.2527251184833972,0.4442417061611374,-0.1275907904496369,0,5,2,0.4,5,2,0.4,0.0,28,22,6,0.7857142857142857,1,92.0,1.0,0,1,1,0
1254113,2021-09-24,2021,Royal Challengers Bengaluru,Chennai Super Kings,Sharjah Cricket Stadium,Chennai Super Kings,field,200,0.48,156.075,155.215,5.27,8.11970879288548,186,0.6021505376344086,160.28494623655914,150.6505376344086,5.67741935483871,7.824909243228149,-0.1221505376344086,-4.209946236559148,4.564462365591396,-0.4074193548387104,0.2947995496573306,0,5,2,0.4,5,4,0.8,-0.4,26,9,17,0.34615384615384615,18,171.33333333333334,0.6111111111111112,0,1,1,0
1254097,2021-09-25,2021,Delhi Capitals,Rajasthan Royals,"Zayed Cricket Stadium, Abu Dhabi",Rajasthan Royals,field,201,0.4626865671641791,153.40298507462686,153.77611940298507,5.2288557213930345,8.043632893823734,167,0.5089820359281437,155.07784431137725,152.8203592814371,5.137724550898204,7.98196413678065,-0.0462954687639646,-1.6748592367503932,0.9557601215479394,0.0911311704948305,0.0616687570430833,1,5,4,0.8,5,3,0.6,0.20000000000000007,23,11,12,0.4782608695652174,2,123.5,1.0,0,1,1,0
1254107,2021-09-25,2021,Punjab Kings,Sunrisers Hyderabad,Sharjah Cricket Stadium,Sunrisers Hyderabad,field,199,0.457286432160804,158.23618090452263,157.01507537688445,5.170854271356784,8.271608206485771,132,0.5075757575757576,155.87878787878788,151.0,5.462121212121212,7.837472966773708,-0.0502893254149535,2.3573930257347517,6.015075376884425,-0.2912669407644284,0.434135239712063,1,5,2,0.4,5,1,0.2,0.2,17,5,12,0.29411764705882354,19,170.52631578947367,0.631578947368421,0,1,1,0
1254098,2021-09-26,2021,Kolkata Knight Riders,Chennai Super Kings,"Zayed Cricket Stadium, Abu Dhabi",Kolkata Knight Riders,bat,201,0.5124378109452736,153.14427860696517,150.44278606965173,5.114427860696518,7.908722374787498,187,0.6042780748663101,160.2673796791444,150.66310160427807,5.679144385026738,7.823937795056929,-0.0918402639210365,-7.1231010721792245,-0.2203155346263372,-0.5647165243302199,0.0847845797305693,0,5,3,0.6,5,4,0.8,-0.20000000000000007,23,8,15,0.34782608695652173,3,133.66666666666666,0.6666666666666666,1,0,0,1
1254108,2021-09-26,2021,Royal Challengers Bengaluru,Mumbai Indians,Dubai International Cricket Stadium,Mumbai Indians,field,201,0.4776119402985074,156.07462686567163,155.2189054726368,5.263681592039801,8.121919472405414,212,0.5849056603773585,159.1509433962264,150.71226415094338,5.547169811320755,7.791976588220948,-0.107293720078851,-3.0763165305547773,4.506641321693422,-0.2834882192809536,0.329942884184466,1,5,1,0.2,5,2,0.4,-0.2,28,11,17,0.39285714285714285,36,166.02777777777777,0.4166666666666667,0,1,1,0
1254100,2021-09-27,2021,Rajasthan Royals,Sunrisers Hyderabad,Dubai International Cricket Stadium,Rajasthan Royals,bat,168,0.5059523809523809,154.875,152.8095238095238,5.142857142857143,7.979278905926233,133,0.5037593984962406,155.60902255639098,150.77443609022558,5.473684210526316,7.823525586839197,0.0021929824561403,-0.7340225563909826,2.035087719298218,-0.3308270676691727,0.1557533190870357,0,5,3,0.6,5,0,0.0,0.6,14,7,7,0.5,37,166.0,0.40540540540540543,1,0,0,1
1254092,2021-09-28,2021,Delhi Capitals,Kolkata Knight Riders,Sharjah Cricket Stadium,Kolkata Knight Riders,field,202,0.4653465346534653,153.40594059405942,153.6089108910891,5.232673267326732,8.033051432516396,202,0.5099009900990099,153.23267326732673,150.53960396039605,5.123762376237623,7.911799141407571,-0.0445544554455445,0.1732673267326845,3.0693069306930454,0.108910891089109,0.1212522911088251,0,5,4,0.8,5,3,0.6,0.20000000000000007,26,12,14,0.46153846153846156,20,168.25,0.6,0,1,1,0
1254099,2021-09-28,2021,Punjab Kings,Mumbai Indians,"Zayed Cricket Stadium, Abu Dhabi",Mumbai Indians,field,200,0.46,158.07,156.815,5.175,8.258854509545754,213,0.5821596244131455,158.92488262910797,150.7605633802817,5.549295774647887,7.79322897706589,-0.1221596244131454,-0.8548826291079763,6.054436619718302,-0.3742957746478872,0.4656255324798639,0,5,2,0.4,5,2,0.4,0.0,27,13,14,0.48148148148148145,4,143.0,0.75,0,1,1,0
1254103,2021-09-29,2021,Rajasthan Royals,Royal Challengers Bengaluru,Dubai International Cricket Stadium,Royal Challengers Bengaluru,field,169,0.5029585798816568,154.92899408284023,152.84615384615384,5.1301775147929,7.98279680659284,202,0.4801980198019802,156.11881188118812,154.990099009901,5.287128712871287,8.11193159735717,0.0227605600796766,-1.1898177983478888,-2.143945163747162,-0.1569511980783877,-0.1291347907643301,0,5,2,0.4,5,2,0.4,0.0,21,10,11,0.47619047619047616,38,165.94736842105263,0.42105263157894735,0,1,1,0
1254091,2021-09-30,2021,Sunrisers Hyderabad,Chennai Super Kings,Sharjah Cricket Stadium,Chennai Super Kings,field,134,0.5074626865671642,155.69402985074626,150.84328358208955,5.470149253731344,7.824891928511517,188,0.6063829787234043,160.32978723404256,150.76063829787233,5.675531914893617,7.827395747031207,-0.0989202921562401,-4.635757383296294,0.0826452842172216,-0.2053826611622735,-0.0025038185196892,0,5,1,0.2,5,4,0.8,-0.6000000000000001,15,4,11,0.26666666666666666,21,166.28571428571428,0.6190476190476191,0,1,1,0
1254102,2021-10-01,2021,Kolkata Knight Riders,Punjab Kings,Dubai International Cricket Stadium,Punjab Kings,field,203,0.5123152709359606,153.11822660098522,150.41379310344828,5.133004926108375,7.903196583408826,201,0.4577114427860697,157.955223880597,156.71641791044777,5.169154228855722,8.253635529935805,0.0546038281498909,-4.836997279611779,-6.302624806999489,-0.0361493027473471,-0.3504389465269781,0,5,3,0.6,5,2,0.4,0.19999999999999996,28,19,9,0.6785714285714286,39,165.51282051282053,0.4358974358974359,0,1,1,0
1254089,2021-10-02,2021,Chennai Super Kings,Rajasthan Royals,"Zayed Cricket Stadium, Abu Dhabi",Rajasthan Royals,field,189,0.6084656084656085,160.2169312169312,150.64550264550263,5.682539682539683,7.819829717110684,170,0.5,154.89411764705883,152.83529411764707,5.1117647058823525,7.987088841069782,0.1084656084656084,5.32281356987238,-2.189791472144435,0.5707749766573302,-0.1672591239590977,0,5,4,0.8,5,2,0.4,0.4,24,15,9,0.625,5,141.4,0.8,0,1,1,0
1254112,2021-10-02,2021,Mumbai Indians,Delhi Capitals,Sharjah Cricket Stadium,Delhi Capitals,field,214,0.5841121495327103,158.82242990654206,150.6728971962617,5.551401869158879,7.787465281970777,203,0.4630541871921182,153.27586206896552,153.48275862068965,5.241379310344827,8.02808554496264,0.121057962340592,5.546567837576532,-2.8098614244279645,0.310022558814051,-0.2406202629918628,0,5,2,0.4,5,4,0.8,-0.4,29,16,13,0.5517241379310345,22,164.8181818181818,0.6363636363636364,0,1,1,0
1254090,2021-10-03,2021,Royal Challengers Bengaluru,Punjab Kings,Sharjah Cricket Stadium,Royal Challengers Bengaluru,bat,203,0.4827586206896552,156.10344827586206,154.95566502463055,5.305418719211823,8.108261373888388,202,0.4603960396039604,158.0049504950495,156.73762376237624,5.173267326732673,8.25257396064121,0.0223625810856947,-1.901502219187449,-1.781958737745697,0.1321513924791499,-0.1443125867528216,1,5,2,0.4,5,2,0.4,0.0,27,12,15,0.4444444444444444,23,163.2608695652174,0.6521739130434783,1,0,0,1
1254109,2021-10-03,2021,Sunrisers Hyderabad,Kolkata Knight Riders,Dubai International Cricket Stadium,Sunrisers Hyderabad,bat,135,0.5037037037037037,155.53333333333333,150.75555555555556,5.45925925925926,7.819171415764871,204,0.5098039215686274,153.1764705882353,150.49019607843138,5.132352941176471,7.906258047901107,-0.0061002178649237,2.3568627450980277,0.2653594771241785,0.3269063180827887,-0.087086632136236,0,5,1,0.2,5,3,0.6,-0.39999999999999997,20,7,13,0.35,40,165.5,0.45,1,0,0,1
1254110,2021-10-04,2021,Chennai Super Kings,Delhi Capitals,Dubai International Cricket Stadium,Delhi Capitals,field,190,0.6052631578947368,160.3684210526316,150.84736842105264,5.668421052631579,7.834085007516742,204,0.4656862745098039,153.17156862745097,153.36274509803923,5.254901960784314,8.019994873109459,0.1395768833849329,7.196852425180623,-2.515376676986591,0.4135190918472649,-0.1859098655927171,0,5,4,0.8,5,4,0.8,0.0,24,15,9,0.625,41,164.26829268292684,0.4634146341463415,0,1,1,0
1254093,2021-10-05,2021,Rajasthan Royals,Mumbai Indians,Sharjah Cricket Stadium,Mumbai Indians,field,171,0.5029239766081871,155.09941520467837,153.046783625731,5.105263157894737,7.996028108768714,215,0.5813953488372093,158.68372093023257,150.5767441860465,5.5488372093023255,7.782835163073964,-0.0784713722290222,-3.584305725554202,2.4700394396844843,-0.4435740514075883,0.2131929456947503,0,5,2,0.4,5,1,0.2,0.2,23,11,12,0.4782608695652174,24,163.29166666666666,0.625,0,1,1,0
1254095,2021-10-06,2021,Sunrisers Hyderabad,Royal Challengers Bengaluru,"Zayed Cricket Stadium, Abu Dhabi",Royal Challengers Bengaluru,field,136,0.5,155.23529411764707,150.52205882352942,5.448529411764706,7.805910390848427,204,0.4852941176470588,156.1421568627451,154.9607843137255,5.303921568627451,8.1066803436338,0.0147058823529411,-0.9068627450980388,-4.438725490196077,0.1446078431372548,-0.3007699527853722,1,5,1,0.2,5,3,0.6,-0.39999999999999997,18,10,8,0.5555555555555556,6,149.33333333333334,0.8333333333333334,0,1,1,0
1254094,2021-10-07,2021,Chennai Super Kings,Punjab Kings,Dubai International Cricket Stadium,Punjab Kings,field,191,0.6020942408376964,160.2408376963351,150.7801047120419,5.675392670157068,7.82971589106892,203,0.458128078817734,158.00492610837438,156.7487684729064,5.177339901477833,8.251004797095812,0.1439661620199623,2.2359115879607145,-5.9686637608645015,0.4980527686792353,-0.4212889060268914,0,5,3,0.6,5,2,0.4,0.19999999999999996,24,15,9,0.625,42,163.5952380952381,0.47619047619047616,0,1,1,0
1254106,2021-10-07,2021,Kolkata Knight Riders,Rajasthan Royals,Sharjah Cricket Stadium,Rajasthan Royals,field,205,0.5121951219512195,153.00975609756097,150.30731707317074,5.1414634146341465,7.894696387394312,172,0.5,154.72093023255815,152.69767441860466,5.087209302325581,8.004063388866314,0.0121951219512195,-1.7111741349971794,-2.390357345433926,0.0542541123085653,-0.1093670014720018,1,5,3,0.6,5,1,0.2,0.39999999999999997,23,12,11,0.5217391304347826,25,160.36,0.64,0,1,1,0
1254088,2021-10-08,2021,Mumbai Indians,Sunrisers Hyderabad,"Zayed Cricket Stadium, Abu Dhabi",Mumbai Indians,bat,216,0.5833333333333334,158.38425925925927,150.2962962962963,5.564814814814815,7.767126565116835,137,0.5036496350364964,155.13138686131387,150.4160583941606,5.445255474452555,7.798297067171239,0.0796836982968369,3.252872397945396,-0.1197620978642817,0.1195593403622599,-0.0311705020544037,1,5,2,0.4,5,2,0.4,0.0,17,9,8,0.5294117647058824,7,148.14285714285714,0.7142857142857143,1,0,0,1
1254101,2021-10-08,2021,Delhi Capitals,Royal Challengers Bengaluru,Dubai International Cricket Stadium,Royal Challengers Bengaluru,field,205,0.4682926829268293,153.10243902439024,153.25365853658536,5.253658536585366,8.012496812037746,205,0.4829268292682926,156.0487804878049,154.89268292682928,5.31219512195122,8.101288429646639,-0.0146341463414633,-2.9463414634146545,-1.639024390243918,-0.0585365853658537,-0.0887916176088925,0,5,4,0.8,5,3,0.6,0.20000000000000007,25,10,15,0.4,43,162.90697674418604,0.4883720930232558,0,1,1,0
1254114,2021-10-10,2021,Delhi Capitals,Chennai Super Kings,Dubai International Cricket Stadium,Chennai Super Kings,field,206,0.4660194174757281,153.15533980582524,153.30582524271844,5.242718446601942,8.013448363359553,192,0.5989583333333334,160.10416666666666,150.71875,5.666666666666667,7.839797715266176,-0.1329389158576052,-6.948826860841422,2.5870752427184414,-0.4239482200647249,0.1736506480933766,0,5,3,0.6,5,2,0.4,0.19999999999999996,25,10,15,0.4,44,162.9318181818182,0.5,0,1,1,0
1254115,2021-10-11,2021,Royal Challengers Bengaluru,Kolkata Knight Riders,Sharjah Cricket Stadium,Royal Challengers Bengaluru,bat,206,0.4854368932038835,156.09708737864077,154.92233009708738,5.310679611650485,8.101028049244828,206,0.5145631067961165,153.09708737864077,149.98543689320388,5.160194174757281,7.883563682755688,-0.0291262135922329,3.0,4.9368932038835,0.150485436893204,0.21746436648914,0,5,4,0.8,5,3,0.6,0.20000000000000007,28,13,15,0.4642857142857143,26,160.76923076923077,0.6153846153846154,1,0,0,1
1254116,2021-10-13,2021,Delhi Capitals,Kolkata Knight Riders,Sharjah Cricket Stadium,Kolkata Knight Riders,field,207,0.463768115942029,153.2463768115942,153.39613526570048,5.241545893719807,8.017084665881166,207,0.5169082125603864,153.02898550724638,149.89371980676327,5.164251207729468,7.87679289189761,-0.0531400966183574,0.2173913043478137,3.5024154589372074,0.0772946859903385,0.1402917739835558,0,5,2,0.4,5,4,0.8,-0.4,27,12,15,0.4444444444444444,27,159.92592592592592,0.6296296296296297,0,1,1,0
1254117,2021-10-15,2021,Chennai Super Kings,Kolkata Knight Riders,Dubai International Cricket Stadium,Kolkata Knight Riders,field,193,0.6010362694300518,160.17098445595855,150.82901554404145,5.66321243523316,7.84389455247676,208,0.5192307692307693,152.9471153846154,149.81730769230768,5.158653846153846,7.870848242475269,0.0818055001992825,7.223869071343159,1.0117078517337743,0.5045585890793145,-0.0269536899985087,1,5,2,0.4,5,4,0.8,-0.4,24,16,8,0.6666666666666666,45,163.13333333333333,0.5111111111111111,0,1,1,0
1304047,2022-03-26,2022,Chennai Super Kings,Kolkata Knight Riders,"Wankhede Stadium, Mumbai",Kolkata Knight Riders,field,194,0.6030927835051546,160.33505154639175,150.9020618556701,5.680412371134021,7.84607138071202,209,0.5167464114832536,153.00478468899522,150.00956937799043,5.148325358851674,7.87903664921466,0.0863463720219009,7.330266857396538,0.8924924776796672,0.5320870122823464,-0.0329652685026395,0,5,2,0.4,5,4,0.8,-0.4,25,17,8,0.68,10,176.6,0.6,0,1,1,0
1304048,2022-03-27,2022,Mumbai Indians,Delhi Capitals,"Brabourne Stadium, Mumbai",Delhi Capitals,field,217,0.5852534562211982,158.7373271889401,150.48387096774192,5.576036866359447,7.775617112469243,208,0.4615384615384615,153.15865384615384,153.30769230769232,5.25,8.01105388770255,0.1237149946827366,5.57867334278626,-2.823821339950399,0.3260368663594466,-0.2354367752333068,0,5,3,0.6,5,2,0.4,0.19999999999999996,30,16,14,0.5333333333333333,1,180.0,1.0,0,1,1,0
1304049,2022-03-27,2022,Royal Challengers Bengaluru,Punjab Kings,"Dr DY Patil Sports Academy, Mumbai",Punjab Kings,field,207,0.4830917874396135,156.0096618357488,154.83574879227052,5.314009661835748,8.095390444117028,204,0.4607843137254901,157.91176470588235,156.63235294117646,5.181372549019608,8.242744743970077,0.0223074737141233,-1.9021028701335467,-1.796604148905942,0.1326371128161403,-0.147354299853049,0,5,3,0.6,5,3,0.6,0.0,28,13,15,0.4642857142857143,0,0.0,0.5,0,1,1,0
1304050,2022-03-28,2022,Lucknow Super Giants,Gujarat Titans,"Wankhede Stadium, Mumbai",Gujarat Titans,field,0,0.5,0.0,0.0,0.0,0.0,0,0.5,0.0,0.0,0.0,0.0,0.0,0.0,0.0,0.0,0.0,0,0,0,0.5,0,0,0.5,0.0,0,0,0,0.5,11,172.45454545454547,0.6363636363636364,0,1,1,0
1304051,2022-03-29,2022,Rajasthan Royals,Sunrisers Hyderabad,"Maharashtra Cricket Association Stadium, Pune",Sunrisers Hyderabad,field,173,0.4971098265895953,154.31791907514452,152.757225433526,5.08092485549133,8.004947495961227,138,0.5,155.40579710144928,151.0144927536232,5.471014492753623,7.827230046948356,-0.0028901734104046,-1.0878780263047645,1.742732679902815,-0.3900896372622933,0.1777174490128708,1,5,1,0.2,5,2,0.4,-0.2,15,7,8,0.4666666666666667,0,0.0,0.5,0,1,1,0
1304052,2022-03-30,2022,Kolkata Knight Riders,Royal Challengers Bengaluru,"Dr DY Patil Sports Academy, Mumbai",Royal Challengers Bengaluru,field,210,0.5190476190476191,152.90952380952382,149.91904761904763,5.142857142857143,7.872390081266931,208,0.4807692307692308,156.24519230769232,155.08653846153845,5.3125,8.108760316728812,0.0382783882783883,-3.335668498168502,-5.167490842490821,-0.1696428571428567,-0.236370235461881,0,5,4,0.8,5,2,0.4,0.4,29,16,13,0.5517241379310345,1,205.0,1.0,0,1,1,0
1304053,2022-03-31,2022,Chennai Super Kings,Lucknow Super Giants,"Brabourne Stadium, Mumbai",Lucknow Super Giants,field,195,0.6,160.1846153846154,150.78974358974358,5.671794871794872,7.8417637123299855,1,0.0,158.0,155.0,5.0,7.881355932203389,0.6,2.184615384615398,-4.21025641025642,0.6717948717948721,-0.0395922198734037,0,5,2,0.4,1,0,0.0,0.4,0,0,0,0.5,2,178.5,1.0,0,1,1,0
1304054,2022-04-01,2022,Punjab Kings,Kolkata Knight Riders,"Wankhede Stadium, Mumbai",Kolkata Knight Riders,field,205,0.4634146341463415,158.1560975609756,156.81463414634146,5.1658536585365855,8.250224560503016,211,0.5165876777251185,152.79146919431278,149.81042654028437,5.151658767772512,7.866119198705984,-0.053173043578777,5.364628366662828,7.0042076060570935,0.0141948907640738,0.3841053617970313,0,5,3,0.6,5,3,0.6,0.0,29,10,19,0.3448275862068966,12,171.25,0.6666666666666666,0,1,1,0
1304055,2022-04-02,2022,Rajasthan Royals,Mumbai Indians,"Dr DY Patil Sports Academy, Mumbai",Mumbai Indians,field,174,0.5,154.63793103448276,152.70689655172413,5.091954022988506,8.000100361300682,218,0.5825688073394495,158.82110091743118,150.59633027522935,5.577981651376147,7.783309625414889,-0.0825688073394494,-4.18316988294842,2.1105662764947795,-0.4860276283876414,0.2167907358857927,1,5,2,0.4,5,3,0.6,-0.19999999999999996,24,11,13,0.4583333333333333,2,166.5,1.0,0,1,1,0
1304056,2022-04-02,2022,Gujarat Titans,Delhi Capitals,"Maharashtra Cricket Association Stadium, Pune",Delhi Capitals,field,1,1.0,161.0,158.0,6.0,7.9,209,0.4641148325358851,153.2822966507177,153.41626794258374,5.248803827751196,8.014998125234346,0.5358851674641149,7.717703349282289,4.583732057416256,0.7511961722488039,-0.1149981252343455,1,1,1,1.0,5,2,0.4,0.6,0,0,0,0.5,1,210.0,0.0,0,1,1,0
1304057,2022-04-03,2022,Punjab Kings,Chennai Super Kings,"Brabourne Stadium, Mumbai",Chennai Super Kings,field,206,0.4611650485436893,158.05339805825244,156.73300970873785,5.160194174757281,8.255433392994119,196,0.5969387755102041,160.4387755102041,151.06632653061226,5.663265306122449,7.855582577934999,-0.1357737269665148,-2.385377451951655,5.666683178125595,-0.5030711313651679,0.3998508150591195,1,5,3,0.6,5,2,0.4,0.19999999999999996,25,10,15,0.4,3,189.0,1.0,0,1,1,0
1304058,2022-04-04,2022,Lucknow Super Giants,Sunrisers Hyderabad,"Dr DY Patil Sports Academy, Mumbai",Sunrisers Hyderabad,field,2,0.5,184.5,177.0,5.5,8.92436974789916,139,0.4964028776978417,155.35971223021582,151.41007194244605,5.474820143884892,7.845666356011184,0.0035971223021582,29.14028776978418,25.589928057553948,0.0251798561151082,1.0787033918879765,1,2,1,0.5,5,1,0.2,0.3,0,0,0,0.5,3,175.33333333333334,0.6666666666666666,0,1,1,0
1304059,2022-04-05,2022,Rajasthan Royals,Royal Challengers Bengaluru,"Wankhede Stadium, Mumbai",Royal Challengers Bengaluru,field,175,0.5028571428571429,154.85714285714286,152.8,5.102857142857143,8.002793296089385,209,0.4832535885167464,156.12918660287082,154.9377990430622,5.334928229665072,8.101576182136602,0.0196035543403964,-1.272043745727956,-2.137799043062188,-0.2320710868079283,-0.0987828860472177,0,5,3,0.6,5,2,0.4,0.19999999999999996,22,10,12,0.45454545454545453,13,168.6153846153846,0.6923076923076923,0,1,1,0
1304060,2022-04-06,2022,Mumbai Indians,Kolkata Knight Riders,"Maharashtra Cricket Association Stadium, Pune",Kolkata Knight Riders,field,219,0.5799086757990868,158.87214611872147,150.76712328767124,5.584474885844749,7.790939122227466,212,0.5188679245283019,152.73584905660377,149.74056603773585,5.169811320754717,7.863837166095537,0.0610407512707849,6.1362970621177055,1.0265572499353937,0.4146635650900316,-0.0728980438680704,0,5,2,0.4,5,3,0.6,-0.19999999999999996,29,22,7,0.7586206896551724,2,190.5,0.0,0,1,1,0
1304061,2022-04-07,2022,Delhi Capitals,Lucknow Super Giants,"Dr DY Patil Sports Academy, Mumbai",Lucknow Super Giants,field,210,0.4619047619047619,153.3,153.4857142857143,5.252380952380952,8.0169133192389,3,0.6666666666666666,179.33333333333334,169.0,6.666666666666667,8.497206703910615,-0.2047619047619047,-26.03333333333333,-15.514285714285704,-1.4142857142857146,-0.4802933846717145,0,5,1,0.2,3,2,0.6666666666666666,-0.4666666666666666,0,0,0,0.5,4,173.75,0.5,0,1,1,0
1304062,2022-04-08,2022,Punjab Kings,Gujarat Titans,"Brabourne Stadium, Mumbai",Gujarat Titans,field,207,0.463768115942029,158.15942028985506,156.58454106280195,5.183574879227053,8.249681852888775,2,1.0,166.0,155.5,7.0,7.775,-0.536231884057971,-7.840579710144937,1.0845410628019465,-1.816425120772947,0.474681852888775,0,5,3,0.6,2,2,1.0,-0.4,0,0,0,0.5,4,186.75,0.75,0,1,1,0
1304063,2022-04-09,2022,Chennai Super Kings,Sunrisers Hyderabad,"Dr DY Patil Sports Academy, Mumbai",Sunrisers Hyderabad,field,197,0.5939086294416244,160.26395939086294,151.20812182741116,5.67005076142132,7.861359137893117,140,0.4928571428571429,155.37142857142857,151.52857142857144,5.478571428571429,7.849768732654949,0.1010514865844814,4.89253081943437,-0.3204496011602771,0.1914793328498909,0.0115904052381674,0,5,2,0.4,5,1,0.2,0.2,16,12,4,0.75,5,168.8,0.6,0,1,1,0
1304064,2022-04-09,2022,Mumbai Indians,Royal Challengers Bengaluru,"Maharashtra Cricket Association Stadium, Pune",Royal Challengers Bengaluru,field,220,0.5772727272727273,158.88181818181818,150.8090909090909,5.581818181818182,7.79924776680771,210,0.4857142857142857,156.2095238095238,154.9904761904762,5.323809523809524,8.102564102564102,0.0915584415584415,2.672294372294374,-4.181385281385275,0.2580086580086584,-0.3033163357563921,0,5,2,0.4,5,3,0.6,-0.19999999999999996,29,17,12,0.5862068965517241,3,180.66666666666666,0.3333333333333333,0,1,1,0
1304065,2022-04-10,2022,Delhi Capitals,Kolkata Knight Riders,"Brabourne Stadium, Mumbai",Kolkata Knight Riders,field,211,0.4597156398104265,153.27962085308056,153.4834123222749,5.246445497630332,8.015758425807517,213,0.5211267605633803,152.7793427230047,149.78403755868544,5.164319248826291,7.864261944866685,-0.0614111207529537,0.5002781300758556,3.6993747635894474,0.082126248804041,0.1514964809408319,1,5,1,0.2,5,3,0.6,-0.39999999999999997,28,12,16,0.42857142857142855,5,187.2,0.8,0,1,1,0
1304066,2022-04-10,2022,Rajasthan Royals,Lucknow Super Giants,"Wankhede Stadium, Mumbai",Lucknow Super Giants,field,176,0.5,154.9375,152.89772727272728,5.102272727272728,8.007736943907156,4,0.75,173.25,163.5,5.75,8.209205020920502,-0.25,-18.3125,-10.60227272727272,-0.6477272727272725,-0.2014680770133452,1,5,2,0.4,4,3,0.75,-0.35,0,0,0,0.5,14,168.64285714285714,0.7142857142857143,0,1,1,0
1304067,2022-04-11,2022,Gujarat Titans,Sunrisers Hyderabad,"Dr DY Patil Sports Academy, Mumbai",Sunrisers Hyderabad,field,3,1.0,174.0,166.33333333333334,7.333333333333333,8.316666666666666,141,0.4964539007092198,155.36879432624113,151.54609929078015,5.48936170212766,7.848668503213958,0.5035460992907801,18.63120567375887,14.787234042553196,1.843971631205673,0.4679981634527088,0,3,3,1.0,5,2,0.4,0.6,0,0,0,0.5,6,166.33333333333334,0.6666666666666666,0,1,1,0
1304068,2022-04-12,2022,Chennai Super Kings,Royal Challengers Bengaluru,"Dr DY Patil Sports Academy, Mumbai",Royal Challengers Bengaluru,field,198,0.5909090909090909,160.23232323232324,151.22727272727272,5.651515151515151,7.865592574755921,211,0.4881516587677725,156.18957345971563,154.96208530805688,5.322274881516588,8.099331186524648,0.1027574321413184,4.042749772607607,-3.734812580784165,0.3292402699985635,-0.2337386117687261,1,5,1,0.2,5,3,0.6,-0.39999999999999997,27,18,9,0.6666666666666666,7,165.71428571428572,0.7142857142857143,0,1,1,0
1304069,2022-04-13,2022,Punjab Kings,Mumbai Indians,"Maharashtra Cricket Association Stadium, Pune",Mumbai Indians,field,208,0.4615384615384615,158.30769230769232,156.73557692307693,5.173076923076923,8.255507723474297,221,0.5746606334841629,158.84615384615384,150.7963800904977,5.5656108597285066,7.800117027501463,-0.1131221719457012,-0.5384615384615188,5.939196832579199,-0.3925339366515832,0.4553906959728344,1,5,3,0.6,5,1,0.2,0.39999999999999997,28,13,15,0.4642857142857143,4,173.25,0.5,0,1,1,0
1304070,2022-04-14,2022,Gujarat Titans,Rajasthan Royals,"Dr DY Patil Sports Academy, Mumbai",Rajasthan Royals,field,4,0.75,171.0,166.0,6.0,8.387368421052631,177,0.5028248587570622,154.99435028248587,152.94350282485877,5.11864406779661,8.00798698417394,0.2471751412429378,16.00564971751413,13.056497175141232,0.8813559322033901,0.3793814368786918,1,4,3,0.75,5,3,0.6,0.15000000000000002,0,0,0,0.5,8,172.0,0.625,0,1,1,0
1304071,2022-04-15,2022,Kolkata Knight Riders,Sunrisers Hyderabad,"Brabourne Stadium, Mumbai",Sunrisers Hyderabad,field,214,0.5186915887850467,152.8644859813084,150.03271028037383,5.163551401869159,7.875153298994358,142,0.5,155.45774647887325,151.6056338028169,5.492957746478873,7.849772105742935,0.0186915887850467,-2.5932604975648417,-1.5729235224430624,-0.3294063446097137,0.0253811932514231,0,5,3,0.6,5,2,0.4,0.19999999999999996,21,14,7,0.6666666666666666,6,191.83333333333334,0.6666666666666666,0,1,1,0
1304072,2022-04-16,2022,Lucknow Super Giants,Mumbai Indians,"Brabourne Stadium, Mumbai",Mumbai Indians,field,5,0.6,171.0,163.2,5.6,8.187290969899665,222,0.5720720720720721,158.96846846846847,150.97297297297297,5.563063063063063,7.808037274315667,0.0279279279279278,12.031531531531527,12.22702702702702,0.0369369369369367,0.3792536955839987,1,5,3,0.6,5,0,0.0,0.6,0,0,0,0.5,7,189.42857142857142,0.7142857142857143,0,1,1,0
1304073,2022-04-16,2022,Royal Challengers Bengaluru,Delhi Capitals,"Wankhede Stadium, Mumbai",Delhi Capitals,field,212,0.4858490566037736,156.36320754716982,155.22169811320754,5.311320754716981,8.11116588612275,212,0.4622641509433962,153.57075471698113,153.55188679245282,5.268867924528302,8.018309454411101,0.0235849056603773,2.7924528301886937,1.669811320754718,0.0424528301886786,0.0928564317116489,1,5,3,0.6,5,2,0.4,0.19999999999999996,26,16,10,0.6153846153846154,15,168.4,0.6666666666666666,0,1,1,0
1304074,2022-04-17,2022,Punjab Kings,Sunrisers Hyderabad,"Dr DY Patil Sports Academy, Mumbai",Sunrisers Hyderabad,field,209,0.4641148325358851,158.4976076555024,156.8755980861244,5.181818181818182,8.260770975056689,143,0.5034965034965035,155.6013986013986,151.72727272727272,5.510489510489511,7.854117647058824,-0.0393816709606184,2.8962090541037924,5.148325358851679,-0.3286713286713292,0.4066533279978648,0,5,3,0.6,5,3,0.6,0.0,18,6,12,0.3333333333333333,9,174.22222222222223,0.5555555555555556,0,1,1,0
1304075,2022-04-17,2022,Chennai Super Kings,Gujarat Titans,"Maharashtra Cricket Association Stadium, Pune",Gujarat Titans,field,199,0.592964824120603,160.51256281407035,151.43718592964825,5.668341708542713,7.874918339793562,5,0.8,175.2,163.6,6.4,8.248739495798318,-0.207035175879397,-14.68743718592964,-12.162814070351743,-0.7316582914572871,-0.3738211560047562,0,5,1,0.2,5,4,0.8,-0.6000000000000001,0,0,0,0.5,5,178.2,0.4,0,1,1,0
1304076,2022-04-18,2022,Rajasthan Royals,Kolkata Knight Riders,"Brabourne Stadium, Mumbai",Kolkata Knight Riders,field,178,0.5,154.9943820224719,153.1629213483146,5.106741573033708,8.01735038964858,215,0.5162790697674419,152.96744186046513,150.13488372093022,5.153488372093023,7.882860515283487,-0.0162790697674418,2.026940162006781,3.0280376273843785,-0.0467467990593153,0.1344898743650935,1,5,3,0.6,5,2,0.4,0.19999999999999996,24,11,13,0.4583333333333333,8,190.625,0.625,0,1,1,0
1304077,2022-04-19,2022,Royal Challengers Bengaluru,Lucknow Super Giants,"Dr DY Patil Sports Academy, Mumbai",Lucknow Super Giants,field,213,0.488262910798122,156.51643192488262,155.3004694835681,5.314553990610329,8.11356389502085,6,0.6666666666666666,175.66666666666666,165.16666666666666,5.833333333333333,8.28133704735376,-0.1784037558685445,-19.150234741784036,-9.866197183098592,-0.5187793427230041,-0.1677731523329111,1,5,4,0.8,5,4,0.8,0.0,0,0,0,0.5,10,171.9,0.6,0,1,1,0
1304078,2022-04-20,2022,Punjab Kings,Delhi Capitals,"Brabourne Stadium, Mumbai",Delhi Capitals,field,210,0.4619047619047619,158.46190476190475,156.84761904761905,5.171428571428572,8.259623020019225,213,0.460093896713615,153.66197183098592,153.70422535211267,5.262910798122066,8.024592507863883,0.0018108651911469,4.799932930918828,3.143393695506376,-0.0914822266934942,0.2350305121553422,0,5,2,0.4,5,2,0.4,0.0,28,15,13,0.5357142857142857,9,193.55555555555554,0.5555555555555556,0,1,1,0
1304079,2022-04-21,2022,Mumbai Indians,Chennai Super Kings,"Dr DY Patil Sports Academy, Mumbai",Chennai Super Kings,field,223,0.5695067264573991,159.06726457399105,151.1748878923767,5.556053811659193,7.81727536231884,200,0.59,160.555,151.505,5.675,7.877209705372617,-0.0204932735426008,-1.4877354260089817,-0.3301121076233073,-0.1189461883408071,-0.0599343430537766,0,5,0,0.0,5,1,0.2,-0.2,32,19,13,0.59375,11,172.72727272727272,0.5454545454545454,0,1,1,0
1304080,2022-04-22,2022,Rajasthan Royals,Delhi Capitals,"Wankhede Stadium, Mumbai",Delhi Capitals,field,179,0.5027932960893855,155.34078212290504,153.4804469273743,5.128491620111732,8.032649481019444,214,0.4626168224299065,153.5,153.51869158878506,5.280373831775701,8.013252571242734,0.0401764736594789,1.84078212290504,-0.038244661410772,-0.1518822116639686,0.0193969097767094,1,5,3,0.6,5,2,0.4,0.19999999999999996,24,12,12,0.5,16,169.6875,0.625,0,1,1,0
1304081,2022-04-23,2022,Gujarat Titans,Kolkata Knight Riders,"Dr DY Patil Sports Academy, Mumbai",Gujarat Titans,bat,6,0.8333333333333334,174.33333333333334,164.5,6.0,8.282517482517482,216,0.5138888888888888,153.2314814814815,150.40277777777777,5.152777777777778,7.89509498157074,0.3194444444444445,21.101851851851848,14.097222222222229,0.8472222222222223,0.3874225009467418,1,5,4,0.8,5,2,0.4,0.4,0,0,0,0.5,12,171.25,0.5833333333333334,1,0,0,1
1304082,2022-04-23,2022,Royal Challengers Bengaluru,Sunrisers Hyderabad,"Brabourne Stadium, Mumbai",Sunrisers Hyderabad,field,214,0.4906542056074766,156.63084112149534,155.3177570093458,5.327102803738318,8.112765438125457,144,0.5069444444444444,155.57638888888889,151.72222222222223,5.534722222222222,7.851931716082659,-0.0162902388369677,1.054452232606451,3.5955347871235688,-0.2076194184839046,0.2608337220427978,0,5,4,0.8,5,4,0.8,0.0,19,8,11,0.42105263157894735,10,185.7,0.6,0,1,1,0
1304083,2022-04-24,2022,Lucknow Super Giants,Mumbai Indians,"Wankhede Stadium, Mumbai",Mumbai Indians,field,7,0.5714285714285714,173.85714285714286,167.14285714285714,5.714285714285714,8.377088305489261,224,0.5669642857142857,159.04910714285714,151.19196428571428,5.5625,7.816964800923254,0.0044642857142856,14.808035714285722,15.95089285714286,0.1517857142857144,0.5601235045660067,1,5,3,0.6,5,0,0.0,0.6,1,1,0,1.0,17,172.76470588235293,0.5882352941176471,0,1,1,0
1304084,2022-04-25,2022,Punjab Kings,Chennai Super Kings,"Wankhede Stadium, Mumbai",Chennai Super Kings,field,211,0.4597156398104265,158.2559241706161,156.66824644549763,5.151658767772512,8.267694872863693,201,0.5920398009950248,160.53233830845772,151.51243781094527,5.681592039800995,7.876034482758621,-0.1323241611845983,-2.2764141378416127,5.155808634552358,-0.5299332720284831,0.3916603901050717,1,5,2,0.4,5,2,0.4,0.0,26,11,15,0.4230769230769231,18,172.5,0.5555555555555556,0,1,1,0
1304085,2022-04-26,2022,Rajasthan Royals,Royal Challengers Bengaluru,"Maharashtra Cricket Association Stadium, Pune",Royal Challengers Bengaluru,field,180,0.5055555555555555,155.7111111111111,153.75,5.138888888888889,8.044278655169073,215,0.4883720930232558,156.2186046511628,154.92558139534884,5.306976744186047,8.114250913520097,0.0171834625322997,-0.5074935400516836,-1.1755813953488428,-0.1680878552971574,-0.069972258351024,1,5,3,0.6,5,3,0.6,0.0,23,10,13,0.43478260869565216,6,176.66666666666666,0.5,0,1,1,0
1304086,2022-04-27,2022,Sunrisers Hyderabad,Gujarat Titans,"Wankhede Stadium, Mumbai",Gujarat Titans,field,145,0.5103448275862069,155.0,151.1448275862069,5.56551724137931,7.830871843735112,7,0.8571428571428571,171.71428571428572,162.14285714285714,6.285714285714286,8.155688622754491,-0.3467980295566502,-16.714285714285722,-10.998029556650238,-0.7201970443349754,-0.324816779019379,0,5,5,1.0,5,4,0.8,0.19999999999999996,1,1,0,1.0,19,173.26315789473685,0.5263157894736842,0,1,1,0
1304087,2022-04-28,2022,Kolkata Knight Riders,Delhi Capitals,"Wankhede Stadium, Mumbai",Delhi Capitals,field,217,0.511520737327189,153.2073732718894,150.4147465437788,5.170506912442396,7.893909468338103,215,0.4604651162790698,153.74883720930234,153.83255813953488,5.265116279069767,8.027994659978155,0.0510556210481191,-0.5414639374129422,-3.417811595756092,-0.0946093666273713,-0.134085191640052,0,5,1,0.2,5,2,0.4,-0.2,29,16,13,0.5517241379310345,20,174.35,0.55,0,1,1,0
1304088,2022-04-29,2022,Lucknow Super Giants,Punjab Kings,"Maharashtra Cricket Association Stadium, Pune",Punjab Kings,field,8,0.625,173.125,162.5,5.875,8.1419624217119,212,0.4622641509433962,158.39150943396226,156.71698113207546,5.15566037735849,8.268104520945665,0.1627358490566037,14.733490566037744,5.78301886792454,0.7193396226415096,-0.126142099233764,1,5,3,0.6,5,2,0.4,0.19999999999999996,0,0,0,0.5,7,172.0,0.42857142857142855,0,1,1,0
1304089,2022-04-30,2022,Royal Challengers Bengaluru,Gujarat Titans,"Brabourne Stadium, Mumbai",Royal Challengers Bengaluru,bat,216,0.4861111111111111,156.02777777777777,154.875,5.314814814814815,8.109818181818182,8,0.875,175.125,166.25,6.125,8.356020942408378,-0.3888888888888889,-19.09722222222223,-11.375,-0.8101851851851851,-0.2462027605901955,0,5,2,0.4,5,4,0.8,-0.4,0,0,0,0.5,11,175.0,0.6363636363636364,1,0,0,1
1304090,2022-04-30,2022,Rajasthan Royals,Mumbai Indians,"Dr DY Patil Sports Academy, Mumbai",Mumbai Indians,field,181,0.5082872928176796,155.646408839779,153.50828729281767,5.1602209944751385,8.03073365769064,225,0.5644444444444444,158.92888888888888,151.2577777777778,5.564444444444445,7.819184376794945,-0.0561571516267648,-3.282480049109864,2.25050951503988,-0.4042234499693062,0.211549280895694,0,5,4,0.8,5,0,0.0,0.8,25,12,13,0.48,13,170.07692307692307,0.5384615384615384,0,1,1,0
1304091,2022-05-01,2022,Lucknow Super Giants,Delhi Capitals,"Wankhede Stadium, Mumbai",Lucknow Super Giants,bat,9,0.6666666666666666,170.88888888888889,158.55555555555554,6.111111111111111,7.942486085343228,216,0.4629629629629629,153.7314814814815,153.77314814814815,5.282407407407407,8.02326985788478,0.2037037037037036,17.15740740740739,4.782407407407391,0.8287037037037033,-0.080783772541551,1,5,3,0.6,5,3,0.6,0.0,1,1,0,1.0,21,173.0,0.5714285714285714,1,0,0,1
1304092,2022-05-01,2022,Chennai Super Kings,Sunrisers Hyderabad,"Maharashtra Cricket Association Stadium, Pune",Sunrisers Hyderabad,field,202,0.5891089108910891,160.6089108910891,151.68316831683168,5.6683168316831685,7.88336192109777,146,0.5068493150684932,155.27397260273972,151.46575342465752,5.561643835616438,7.845553453169348,0.0822595958225959,5.3349382883493774,0.2174148921741618,0.10667299606673,0.0378084679284222,1,5,2,0.4,5,4,0.8,-0.4,17,12,5,0.7058823529411765,8,169.625,0.375,0,1,1,0
1304093,2022-05-02,2022,Rajasthan Royals,Kolkata Knight Riders,"Wankhede Stadium, Mumbai",Kolkata Knight Riders,field,182,0.5054945054945055,155.65934065934067,153.53296703296704,5.15934065934066,8.031520958083833,218,0.5091743119266054,153.1743119266055,150.39908256880733,5.169724770642202,7.893191028367372,-0.0036798064320999,2.4850287327351737,3.1338844641597063,-0.0103841113015423,0.1383299297164608,0,5,3,0.6,5,0,0.0,0.6,25,12,13,0.48,22,174.0,0.5454545454545454,0,1,1,0
1304094,2022-05-03,2022,Gujarat Titans,Punjab Kings,"Dr DY Patil Sports Academy, Mumbai",Gujarat Titans,bat,9,0.8888888888888888,175.0,166.11111111111111,6.111111111111111,8.344186046511629,213,0.460093896713615,158.27230046948358,156.66197183098592,5.164319248826291,8.263062319438712,0.4287949921752738,16.727699530516418,9.449139280125197,0.9467918622848196,0.0811237270729172,0,5,5,1.0,5,2,0.4,0.6,1,1,0,1.0,14,169.21428571428572,0.5714285714285714,1,0,0,1
1304095,2022-05-04,2022,Royal Challengers Bengaluru,Chennai Super Kings,"Maharashtra Cricket Association Stadium, Pune",Chennai Super Kings,field,217,0.4838709677419355,156.0921658986175,154.9447004608295,5.308755760368664,8.112679454698998,203,0.5911330049261084,160.8128078817734,151.85714285714286,5.669950738916256,7.890870307167236,-0.1072620371841729,-4.7206419831559,3.087557603686633,-0.3611949785475925,0.2218091475317622,1,5,2,0.4,5,3,0.6,-0.19999999999999996,28,9,19,0.32142857142857145,9,173.22222222222223,0.3333333333333333,0,1,1,0
1304096,2022-05-05,2022,Delhi Capitals,Sunrisers Hyderabad,"Brabourne Stadium, Mumbai",Sunrisers Hyderabad,field,217,0.4608294930875576,153.89400921658986,153.9447004608295,5.271889400921659,8.030610200729196,147,0.5034013605442177,155.50340136054422,151.7687074829932,5.537414965986395,7.859323626115548,-0.04257186745666,-1.6093921439543522,2.1759929778363016,-0.2655255650647357,0.1712865746136485,1,5,2,0.4,5,3,0.6,-0.19999999999999996,20,9,11,0.45,12,174.58333333333334,0.6666666666666666,0,1,1,0
1304097,2022-05-06,2022,Mumbai Indians,Gujarat Titans,"Brabourne Stadium, Mumbai",Gujarat Titans,field,226,0.5663716814159292,158.93805309734512,151.28318584070797,5.566371681415929,7.819325328759291,10,0.8,171.8,163.6,5.7,8.382578992314262,-0.2336283185840708,-12.861946902654893,-12.316814159292022,-0.1336283185840709,-0.5632536635549705,1,5,1,0.2,5,4,0.8,-0.6000000000000001,0,0,0,0.5,13,177.07692307692307,0.6153846153846154,0,1,1,0
1304098,2022-05-07,2022,Punjab Kings,Rajasthan Royals,"Wankhede Stadium, Mumbai",Punjab Kings,bat,214,0.4626168224299065,158.21028037383178,156.57476635514018,5.172897196261682,8.256344969199178,183,0.5027322404371585,155.63934426229508,153.53551912568307,5.147540983606557,8.031538828013339,-0.0401154180072519,2.570936111536696,3.039247229457118,0.025356212655125,0.224806141185839,0,5,2,0.4,5,3,0.6,-0.19999999999999996,23,10,13,0.43478260869565216,23,173.04347826086956,0.5652173913043478,1,0,0,1
1304099,2022-05-07,2022,Lucknow Super Giants,Kolkata Knight Riders,"Maharashtra Cricket Association Stadium, Pune",Kolkata Knight Riders,field,10,0.7,173.3,161.6,6.2,8.093489148580968,219,0.5114155251141552,153.19634703196348,150.3972602739726,5.168949771689498,7.891306952042488,0.1885844748858447,20.103652968036528,11.202739726027405,1.0310502283105023,0.2021821965384802,1,5,4,0.8,5,1,0.2,0.6000000000000001,0,0,0,0.5,10,173.2,0.3,0,1,1,0
1304100,2022-05-08,2022,Royal Challengers Bengaluru,Sunrisers Hyderabad,"Wankhede Stadium, Mumbai",Royal Challengers Bengaluru,bat,218,0.4862385321100917,156.1697247706422,154.9495412844037,5.321100917431193,8.111177812462481,148,0.5,155.70945945945945,152.13513513513513,5.52027027027027,7.876399253731344,-0.0137614678899082,0.4602653111827521,2.8144061492685357,-0.1991693528390774,0.2347785587311373,1,5,2,0.4,5,2,0.4,0.0,20,8,12,0.4,24,173.70833333333334,0.5833333333333334,1,0,0,1
1304101,2022-05-08,2022,Chennai Super Kings,Delhi Capitals,"Dr DY Patil Sports Academy, Mumbai",Delhi Capitals,field,204,0.5882352941176471,160.80882352941177,151.93627450980392,5.671568627450981,7.893463497453311,218,0.463302752293578,154.13761467889907,154.08715596330276,5.284403669724771,8.036444834323538,0.1249325418240691,6.6712088505126985,-2.1508814534988403,0.3871649577262097,-0.1429813368702266,1,5,2,0.4,5,3,0.6,-0.19999999999999996,26,16,10,0.6153846153846154,15,167.46666666666667,0.6,0,1,1,0
1304102,2022-05-09,2022,Kolkata Knight Riders,Mumbai Indians,"Dr DY Patil Sports Academy, Mumbai",Mumbai Indians,field,220,0.509090909090909,152.95909090909092,150.50454545454545,5.168181818181818,7.895163533759886,227,0.5682819383259912,159.01762114537445,151.36123348017622,5.5550660792951545,7.822196926579397,-0.0591910292350821,-6.058530236283531,-0.8566880256307741,-0.3868842611133365,0.072966607180489,1,5,1,0.2,5,2,0.4,-0.2,30,8,22,0.26666666666666666,16,170.0,0.5625,0,1,1,0
1304103,2022-05-10,2022,Gujarat Titans,Lucknow Super Giants,"Maharashtra Cricket Association Stadium, Pune",Gujarat Titans,bat,11,0.7272727272727273,171.8181818181818,164.63636363636363,5.636363636363637,8.416731216111542,11,0.7272727272727273,173.54545454545453,156.0,6.454545454545454,8.012451361867704,0.0,-1.7272727272727195,8.636363636363626,-0.8181818181818175,0.4042798542438373,1,5,3,0.6,5,4,0.8,-0.20000000000000007,1,1,0,1.0,11,173.45454545454547,0.2727272727272727,1,0,0,1
1304104,2022-05-11,2022,Rajasthan Royals,Delhi Capitals,"Dr DY Patil Sports Academy, Mumbai",Delhi Capitals,field,184,0.5054347826086957,155.82608695652175,153.71195652173913,5.146739130434782,8.038749407863572,219,0.4611872146118721,153.96803652968038,154.33333333333334,5.287671232876712,8.047700305567682,0.0442475679968235,1.8580504268413731,-0.6213768115942173,-0.1409321024419298,-0.0089508977041106,0,5,3,0.6,5,2,0.4,0.19999999999999996,25,13,12,0.52,17,169.7058823529412,0.5294117647058824,0,1,1,0
1304105,2022-05-12,2022,Chennai Super Kings,Mumbai Indians,"Wankhede Stadium, Mumbai",Mumbai Indians,field,205,0.5902439024390244,161.0390243902439,151.7560975609756,5.692682926829268,7.887264429983943,228,0.5657894736842105,158.81578947368422,151.41666666666666,5.5701754385964914,7.823909348441926,0.0244544287548138,2.223234916559676,0.339430894308947,0.1225074882327765,0.0633550815420163,0,5,3,0.6,5,2,0.4,0.19999999999999996,33,14,19,0.42424242424242425,25,174.44,0.56,0,1,1,0
1304106,2022-05-13,2022,Punjab Kings,Royal Challengers Bengaluru,"Brabourne Stadium, Mumbai",Royal Challengers Bengaluru,field,215,0.4604651162790698,158.353488372093,156.73023255813953,5.167441860465116,8.263119176066699,219,0.4885844748858447,156.33333333333334,154.79908675799086,5.337899543378995,8.10285623232283,-0.0281193586067749,2.0201550387596683,1.9311458001486697,-0.170457682913879,0.1602629437438683,1,5,2,0.4,5,2,0.4,0.0,29,16,13,0.5517241379310345,14,177.07142857142858,0.5714285714285714,0,1,1,0
1304107,2022-05-14,2022,Kolkata Knight Riders,Sunrisers Hyderabad,"Maharashtra Cricket Association Stadium, Pune",Kolkata Knight Riders,bat,221,0.5113122171945701,153.01357466063348,150.29864253393666,5.176470588235294,7.887288269748299,149,0.4966442953020134,155.50335570469798,152.39597315436242,5.503355704697986,7.888026864289023,0.0146679218925566,-2.4897810440645003,-2.0973306204257653,-0.3268851164626918,-0.0007385945407243,1,5,2,0.4,5,1,0.2,0.2,22,14,8,0.6363636363636364,12,171.0,0.25,1,0,0,1
1304108,2022-05-15,2022,Chennai Super Kings,Gujarat Titans,"Wankhede Stadium, Mumbai",Chennai Super Kings,bat,206,0.587378640776699,160.72815533980582,151.51456310679612,5.689320388349515,7.883477162702589,12,0.75,169.5,157.75,5.916666666666667,8.266375545851528,-0.162621359223301,-8.771844660194176,-6.235436893203882,-0.2273462783171522,-0.3828983831489383,0,5,2,0.4,5,3,0.6,-0.19999999999999996,1,0,1,0.0,26,171.46153846153845,0.5769230769230769,1,0,0,1
1304109,2022-05-15,2022,Rajasthan Royals,Lucknow Super Giants,"Brabourne Stadium, Mumbai",Rajasthan Royals,bat,185,0.5027027027027027,155.84864864864866,153.74054054054054,5.129729729729729,8.042414816909373,12,0.6666666666666666,165.91666666666666,154.91666666666666,6.25,7.938790035587189,-0.1639639639639639,-10.068018018017996,-1.176126126126121,-1.1202702702702707,0.1036247813221837,1,5,2,0.4,5,4,0.8,-0.4,1,1,0,1.0,15,179.2,0.5333333333333333,1,0,0,1
1304110,2022-05-16,2022,Delhi Capitals,Punjab Kings,"Dr DY Patil Sports Academy, Mumbai",Punjab Kings,field,220,0.4636363636363636,154.0,154.35454545454544,5.290909090909091,8.047237252656108,216,0.4629629629629629,158.58796296296296,156.71759259259258,5.185185185185185,8.260370912640312,0.0006734006734006,-4.587962962962962,-2.3630471380471363,0.1057239057239058,-0.2131336599842033,1,5,3,0.6,5,3,0.6,0.0,29,14,15,0.4827586206896552,18,169.16666666666666,0.5555555555555556,0,1,1,0
1304111,2022-05-17,2022,Sunrisers Hyderabad,Mumbai Indians,"Wankhede Stadium, Mumbai",Mumbai Indians,field,150,0.4933333333333333,155.28666666666666,152.53333333333333,5.506666666666667,7.893284268629255,229,0.5676855895196506,158.57205240174673,151.16593886462883,5.585152838427947,7.816868014000226,-0.0743522561863173,-3.285385735080069,1.3673944687045037,-0.0784861717612805,0.076416254629029,1,5,0,0.0,5,3,0.6,-0.6,18,8,10,0.4444444444444444,27,170.03703703703704,0.5925925925925926,0,1,1,0
1304112,2022-05-18,2022,Lucknow Super Giants,Kolkata Knight Riders,"Dr DY Patil Sports Academy, Mumbai",Lucknow Super Giants,bat,13,0.6153846153846154,165.0,156.6153846153846,6.153846153846154,8.010491803278688,222,0.5135135135135135,153.1216216216216,150.17567567567568,5.1891891891891895,7.879076729163385,0.1018711018711019,11.878378378378386,6.439708939708936,0.9646569646569648,0.1314150741153028,1,5,3,0.6,5,3,0.6,0.0,1,1,0,1.0,19,168.6315789473684,0.5263157894736842,1,0,0,1
1304113,2022-05-19,2022,Gujarat Titans,Royal Challengers Bengaluru,"Wankhede Stadium, Mumbai",Gujarat Titans,bat,13,0.7692307692307693,167.0,155.69230769230768,5.846153846153846,8.1285140562249,220,0.4863636363636364,156.3272727272727,155.03181818181818,5.35,8.113309281211594,0.2828671328671329,10.672727272727286,0.6604895104894979,0.4961538461538461,0.0152047750133057,0,5,3,0.6,5,2,0.4,0.19999999999999996,1,1,0,1.0,28,170.85714285714286,0.5714285714285714,1,0,0,1
1304114,2022-05-20,2022,Chennai Super Kings,Rajasthan Royals,"Brabourne Stadium, Mumbai",Chennai Super Kings,bat,207,0.5845410628019324,160.59420289855072,151.41545893719805,5.676328502415459,7.878424801005446,186,0.5053763440860215,155.96774193548387,153.7258064516129,5.145161290322581,8.039645719105863,0.0791647187159109,4.626460963066847,-2.3103475144148438,0.5311672120928783,-0.1612209181004171,0,5,2,0.4,5,2,0.4,0.0,25,15,10,0.6,16,179.125,0.5,1,0,0,1
1304115,2022-05-21,2022,Delhi Capitals,Mumbai Indians,"Wankhede Stadium, Mumbai",Mumbai Indians,field,221,0.4660633484162896,154.02262443438914,154.29864253393666,5.307692307692308,8.042768976767956,230,0.5652173913043478,158.7086956521739,151.3304347826087,5.586956521739131,7.824210408002697,-0.0991540428880581,-4.686071217784757,2.9682077513279523,-0.2792642140468233,0.2185585687652587,0,5,3,0.6,5,3,0.6,0.0,31,15,16,0.4838709677419355,29,170.75862068965517,0.5862068965517241,0,1,1,0
1304116,2022-05-22,2022,Sunrisers Hyderabad,Punjab Kings,"Wankhede Stadium, Mumbai",Sunrisers Hyderabad,bat,151,0.4966887417218543,155.53642384105962,152.7483443708609,5.503311258278146,7.902129846399817,217,0.4608294930875576,158.5115207373272,156.7004608294931,5.193548387096774,8.257406508013599,0.0358592486342966,-2.975096896267587,-3.9521164586321618,0.3097628711813716,-0.3552766616137814,0,5,1,0.2,5,2,0.4,-0.2,19,13,6,0.6842105263157895,30,170.36666666666667,0.6,1,0,0,1
1312197,2022-05-24,2022,Rajasthan Royals,Gujarat Titans,"Eden Gardens, Kolkata",Gujarat Titans,field,187,0.5080213903743316,155.94117647058823,153.7058823529412,5.149732620320855,8.036627988256676,14,0.7142857142857143,167.07142857142858,156.42857142857142,5.571428571428571,8.181818181818182,-0.2062643239113827,-11.130252100840352,-2.722689075630228,-0.4216959511077158,-0.1451901935615058,0,5,3,0.6,5,2,0.4,0.19999999999999996,1,0,1,0.0,0,0.0,0.5,0,1,1,0
1312198,2022-05-25,2022,Royal Challengers Bengaluru,Lucknow Super Giants,"Eden Gardens, Kolkata",Lucknow Super Giants,field,221,0.4886877828054298,156.3891402714932,155.08597285067873,5.343891402714932,8.114430020123901,14,0.6428571428571429,168.21428571428572,160.07142857142858,6.285714285714286,8.17386018237082,-0.154169360051713,-11.825145442792518,-4.985455720749854,-0.9418228829993538,-0.0594301622469188,1,5,3,0.6,5,3,0.6,0.0,1,1,0,1.0,1,188.0,1.0,0,1,1,0
1312199,2022-05-27,2022,Royal Challengers Bengaluru,Rajasthan Royals,"Narendra Modi Stadium, Ahmedabad",Rajasthan Royals,field,222,0.4909909909909909,156.61711711711712,155.22522522522522,5.346846846846847,8.120017279974865,188,0.5053191489361702,156.11170212765958,153.89893617021278,5.132978723404255,8.045884315906562,-0.0143281579451792,0.5054149894575346,1.3262890550124382,0.2138681234425918,0.074132964068303,0,5,4,0.8,5,3,0.6,0.20000000000000007,24,13,11,0.5416666666666666,5,158.6,0.6,0,1,1,0
1312200,2022-05-29,2022,Rajasthan Royals,Gujarat Titans,"Narendra Modi Stadium, Ahmedabad",Rajasthan Royals,bat,189,0.5079365079365079,156.13756613756613,153.87301587301587,5.148148148148148,8.042588495575222,15,0.7333333333333333,168.66666666666666,158.53333333333333,5.466666666666667,8.26651216685979,-0.2253968253968253,-12.529100529100532,-4.660317460317458,-0.3185185185185188,-0.2239236712845684,0,5,3,0.6,5,3,0.6,0.0,2,0,2,0.0,6,158.33333333333334,0.6666666666666666,1,0,0,1
1359475,2023-03-31,2023,Chennai Super Kings,Gujarat Titans,"Narendra Modi Stadium, Ahmedabad",Gujarat Titans,field,208,0.5817307692307693,160.54326923076923,151.375,5.673076923076923,7.87543771885943,16,0.75,166.4375,156.625,5.625,8.145178764897075,-0.1682692307692307,-5.894230769230774,-5.25,0.0480769230769233,-0.2697410460376455,0,5,1,0.2,5,4,0.8,-0.6000000000000001,2,0,2,0.0,7,154.28571428571428,0.7142857142857143,0,1,1,0
1359476,2023-04-01,2023,Punjab Kings,Kolkata Knight Riders,"Punjab Cricket Association IS Bindra Stadium, Mohali, Chandigarh",Kolkata Knight Riders,field,218,0.463302752293578,158.5183486238532,156.6880733944954,5.201834862385321,8.254712421459642,223,0.5112107623318386,153.3677130044843,150.44394618834082,5.165919282511211,7.891406617531755,-0.0479080100382606,5.150635619368899,6.244127206154587,0.0359155798741106,0.3633058039278865,1,5,3,0.6,5,3,0.6,0.0,30,10,20,0.3333333333333333,0,0.0,0.5,0,1,1,0
1359477,2023-04-01,2023,Lucknow Super Giants,Delhi Capitals,"Bharat Ratna Shri Atal Bihari Vajpayee Ekana Cricket Stadium, Lucknow",Delhi Capitals,field,15,0.6,169.86666666666667,163.2,6.133333333333334,8.321813031161472,222,0.4639639639639639,154.04504504504504,154.31981981981983,5.306306306306307,8.04390702042733,0.136036036036036,15.821621621621633,8.880180180180162,0.827027027027027,0.2779060107341422,1,5,2,0.4,5,3,0.6,-0.19999999999999996,2,2,0,1.0,0,0.0,0.5,0,1,1,0
1359478,2023-04-02,2023,Rajasthan Royals,Sunrisers Hyderabad,"Rajiv Gandhi International Stadium, Uppal, Hyderabad",Sunrisers Hyderabad,field,190,0.5052631578947369,156.0,153.7578947368421,5.136842105263158,8.038706718642514,152,0.4934210526315789,155.54605263157896,152.7828947368421,5.5,7.915132924335379,0.0118421052631579,0.4539473684210406,0.9749999999999944,-0.3631578947368421,0.1235737943071351,1,5,3,0.6,5,1,0.2,0.39999999999999997,16,8,8,0.5,0,0.0,0.5,0,1,1,0
1359479,2023-04-02,2023,Mumbai Indians,Royal Challengers Bengaluru,"M Chinnaswamy Stadium, Bengaluru",Royal Challengers Bengaluru,field,231,0.5670995670995671,158.71428571428572,151.33766233766235,5.593073593073593,7.823430681436724,223,0.4887892376681614,156.61883408071748,155.25112107623318,5.336322869955157,8.123181604880338,0.0783103294314056,2.0954516335682456,-3.913458738570824,0.2567507231184365,-0.2997509234436144,0,5,3,0.6,5,3,0.6,0.0,30,17,13,0.5666666666666667,0,0.0,0.5,0,1,1,0
1359480,2023-04-03,2023,Chennai Super Kings,Lucknow Super Giants,"MA Chidambaram Stadium, Chepauk, Chennai",Lucknow Super Giants,field,209,0.5789473684210527,160.6267942583732,151.4928229665072,5.669856459330144,7.881347494191835,16,0.625,171.3125,161.9375,6.3125,8.247214854111405,-0.0460526315789473,-10.685705741626805,-10.444677033492807,-0.6426435406698561,-0.3658673599195703,1,5,1,0.2,5,2,0.4,-0.2,1,0,1,0.0,10,154.8,0.4,0,1,1,0
1359481,2023-04-04,2023,Delhi Capitals,Gujarat Titans,"Arun Jaitley Stadium, Delhi",Gujarat Titans,field,223,0.4618834080717489,153.99551569506727,154.4798206278027,5.309417040358745,8.050712783360598,17,0.7647058823529411,167.35294117647058,157.47058823529412,5.705882352941177,8.169888097660223,-0.3028224742811922,-13.357425481403313,-2.9907676074914207,-0.396465312582432,-0.1191753142996248,0,5,2,0.4,5,4,0.8,-0.4,1,0,1,0.0,4,195.0,0.75,0,1,1,0
1359482,2023-04-05,2023,Punjab Kings,Rajasthan Royals,"Barsapara Cricket Stadium, Guwahati",Rajasthan Royals,field,219,0.4657534246575342,158.66666666666666,156.6255707762557,5.210045662100456,8.257342320654791,191,0.5078534031413613,156.2460732984293,153.63350785340313,5.151832460732984,8.030285062713798,-0.042099978483827,2.4205933682373484,2.9920629228525684,0.0582132013674723,0.2270572579409933,1,5,3,0.6,5,3,0.6,0.0,24,10,14,0.4166666666666667,0,0.0,0.5,0,1,1,0
1359483,2023-04-06,2023,Kolkata Knight Riders,Royal Challengers Bengaluru,"Eden Gardens, Kolkata",Royal Challengers Bengaluru,field,224,0.5089285714285714,153.33482142857142,150.62053571428572,5.165178571428571,7.898938660839707,224,0.4910714285714285,156.6875,155.32142857142858,5.34375,8.125175151798224,0.0178571428571428,-3.352678571428584,-4.700892857142861,-0.1785714285714288,-0.2262364909585175,1,5,2,0.4,5,3,0.6,-0.19999999999999996,30,16,14,0.5333333333333333,2,197.5,0.5,0,1,1,0
1359484,2023-04-07,2023,Sunrisers Hyderabad,Lucknow Super Giants,"Bharat Ratna Shri Atal Bihari Vajpayee Ekana Cricket Stadium, Lucknow",Sunrisers Hyderabad,bat,153,0.4901960784313725,155.3856209150327,153.0718954248366,5.496732026143791,7.928232904536222,17,0.5882352941176471,173.2941176470588,164.7058823529412,6.352941176470588,8.379052369077307,-0.0980392156862745,-17.908496732026123,-11.633986928104576,-0.856209150326797,-0.4508194645410848,0,5,1,0.2,5,2,0.4,-0.2,1,0,1,0.0,1,193.0,0.0,1,0,0,1
1359485,2023-04-08,2023,Rajasthan Royals,Delhi Capitals,"Barsapara Cricket Stadium, Guwahati",Delhi Capitals,field,192,0.5052083333333334,156.43229166666666,153.84895833333334,5.145833333333333,8.039281502313344,224,0.4598214285714285,154.03125,154.50892857142858,5.303571428571429,8.05414420354497,0.0453869047619048,2.401041666666657,-0.6599702380952408,-0.1577380952380958,-0.0148627012316264,1,5,2,0.4,5,2,0.4,0.0,26,13,13,0.5,1,197.0,0.0,0,1,1,0
1359486,2023-04-08,2023,Mumbai Indians,Chennai Super Kings,"Wankhede Stadium, Mumbai",Chennai Super Kings,field,232,0.5646551724137931,158.76724137931035,151.42241379310346,5.577586206896552,7.833067003604742,210,0.580952380952381,160.89523809523808,151.73333333333332,5.6761904761904765,7.892012383900929,-0.0162972085385878,-2.127996715927736,-0.310919540229861,-0.0986042692939248,-0.058945380296187,0,5,2,0.4,5,1,0.2,0.2,34,20,14,0.5882352941176471,31,169.93548387096774,0.6129032258064516,0,1,1,0
1359487,2023-04-09,2023,Gujarat Titans,Kolkata Knight Riders,"Narendra Modi Stadium, Ahmedabad",Gujarat Titans,bat,18,0.7777777777777778,167.11111111111111,157.5,5.833333333333333,8.154362416107382,225,0.5111111111111111,153.56,150.47555555555556,5.1866666666666665,7.893914665423176,0.2666666666666667,13.551111111111112,7.024444444444441,0.6466666666666665,0.2604477506842064,0,5,4,0.8,5,3,0.6,0.20000000000000007,1,1,0,1.0,8,157.25,0.75,1,0,0,1
1359488,2023-04-09,2023,Punjab Kings,Sunrisers Hyderabad,"Rajiv Gandhi International Stadium, Uppal, Hyderabad",Sunrisers Hyderabad,field,220,0.4681818181818182,158.8409090909091,156.78181818181818,5.213636363636364,8.26353617632966,154,0.487012987012987,155.16233766233765,152.8896103896104,5.493506493506493,7.927609427609427,-0.0188311688311688,3.678571428571445,3.8922077922077847,-0.2798701298701296,0.3359267487202331,0,5,4,0.8,5,1,0.2,0.6000000000000001,20,7,13,0.35,1,203.0,0.0,0,1,1,0
1359489,2023-04-10,2023,Royal Challengers Bengaluru,Lucknow Super Giants,"M Chinnaswamy Stadium, Bengaluru",Lucknow Super Giants,field,225,0.4888888888888889,156.5377777777778,155.49333333333334,5.351111111111111,8.13249651324965,18,0.6111111111111112,170.72222222222223,162.16666666666666,6.388888888888889,8.241882352941175,-0.1222222222222222,-14.184444444444438,-6.673333333333318,-1.0377777777777784,-0.1093858396915248,0,5,3,0.6,5,3,0.6,0.0,2,2,0,1.0,1,171.0,1.0,0,1,1,0
1359490,2023-04-11,2023,Delhi Capitals,Mumbai Indians,"Arun Jaitley Stadium, Delhi",Mumbai Indians,field,225,0.4577777777777778,153.9777777777778,154.70222222222222,5.297777777777778,8.062695440682546,233,0.5622317596566524,158.75965665236052,151.43776824034336,5.566523605150215,7.835887186320231,-0.1044539818788746,-4.7818788745827305,3.2644539818788587,-0.2687458273724363,0.2268082543623153,0,5,1,0.2,5,2,0.4,-0.2,32,15,17,0.46875,5,188.4,0.8,0,1,1,0
1359491,2023-04-12,2023,Rajasthan Royals,Chennai Super Kings,"MA Chidambaram Stadium, Chepauk, Chennai",Chennai Super Kings,field,193,0.5077720207253886,156.65284974093265,153.77720207253887,5.16580310880829,8.033655147523234,211,0.5829383886255924,160.88625592417063,151.7440758293839,5.687203791469194,7.8910659272951325,-0.0751663679002038,-4.233406183237975,2.0331262431549817,-0.5214006826609046,0.1425892202281016,1,5,3,0.6,5,2,0.4,0.19999999999999996,26,11,15,0.4230769230769231,11,160.45454545454547,0.36363636363636365,0,1,1,0
1359492,2023-04-13,2023,Punjab Kings,Gujarat Titans,"Punjab Cricket Association IS Bindra Stadium, Mohali, Chandigarh",Gujarat Titans,field,221,0.4660633484162896,158.76923076923077,156.7285067873303,5.199095022624435,8.26428599832982,19,0.7368421052631579,169.05263157894737,160.05263157894737,5.894736842105263,8.271078875793291,-0.2707787568468682,-10.283400809716596,-3.3241247916170664,-0.6956418194808283,-0.0067928774634715,0,5,3,0.6,5,4,0.8,-0.20000000000000007,2,1,1,0.5,1,191.0,0.0,0,1,1,0
1359493,2023-04-14,2023,Sunrisers Hyderabad,Kolkata Knight Riders,"Eden Gardens, Kolkata",Kolkata Knight Riders,field,155,0.4903225806451612,155.09677419354838,152.81935483870967,5.516129032258065,7.922073578595318,226,0.5132743362831859,153.79646017699116,150.69026548672565,5.18141592920354,7.9034578788582035,-0.0229517556380245,1.3003140165572231,2.129089351984021,0.3347131030545247,0.018615699737114,1,5,2,0.4,5,3,0.6,-0.19999999999999996,23,8,15,0.34782608695652173,3,199.66666666666666,0.3333333333333333,0,1,1,0
1359494,2023-04-15,2023,Royal Challengers Bengaluru,Delhi Capitals,"M Chinnaswamy Stadium, Bengaluru",Delhi Capitals,field,226,0.4867256637168141,156.78318584070797,155.71681415929203,5.367256637168142,8.142526608051828,226,0.4557522123893805,154.05752212389382,154.76548672566372,5.287610619469026,8.064481420282057,0.0309734513274336,2.7256637168141538,0.9513274336283076,0.0796460176991153,0.0780451877697707,1,5,2,0.4,5,0,0.0,0.4,27,17,10,0.6296296296296297,2,191.5,1.0,0,1,1,0
1359495,2023-04-15,2023,Lucknow Super Giants,Punjab Kings,"Bharat Ratna Shri Atal Bihari Vajpayee Ekana Cricket Stadium, Lucknow",Punjab Kings,field,19,0.631578947368421,172.94736842105263,164.3684210526316,6.157894736842105,8.346547884187082,222,0.4639639639639639,158.74324324324326,156.68018018018017,5.193693693693693,8.260033246259797,0.167614983404457,14.204125177809374,7.688240872451416,0.964201043148412,0.0865146379272854,0,5,3,0.6,5,3,0.6,0.0,1,1,0,1.0,2,157.0,0.5,0,1,1,0
1359496,2023-04-16,2023,Kolkata Knight Riders,Mumbai Indians,"Wankhede Stadium, Mumbai",Mumbai Indians,field,227,0.5110132158590308,154.02202643171807,151.0308370044053,5.176211453744493,7.91961191961192,234,0.5641025641025641,158.82051282051282,151.52136752136752,5.581196581196581,7.839622641509433,-0.0530893482435332,-4.798486388794743,-0.4905305169622238,-0.4049851274520879,0.0799892781024862,0,5,2,0.4,5,2,0.4,0.0,31,9,22,0.2903225806451613,32,169.53125,0.625,0,1,1,0
1359497,2023-04-16,2023,Gujarat Titans,Rajasthan Royals,"Narendra Modi Stadium, Ahmedabad",Rajasthan Royals,field,20,0.75,168.3,159.6,5.9,8.233877901977644,194,0.5103092783505154,156.74742268041237,153.86082474226805,5.170103092783505,8.036166202997396,0.2396907216494845,11.55257731958764,5.739175257731944,0.7298969072164949,0.1977116989802478,0,5,4,0.8,5,3,0.6,0.20000000000000007,3,3,0,1.0,9,162.44444444444446,0.7777777777777778,0,1,1,0
1359498,2023-04-17,2023,Chennai Super Kings,Royal Challengers Bengaluru,"M Chinnaswamy Stadium, Bengaluru",Royal Challengers Bengaluru,field,212,0.5801886792452831,160.93867924528303,151.85377358490567,5.693396226415095,7.895278969957081,227,0.4889867841409692,156.8590308370044,155.69603524229075,5.378854625550661,8.139797328420084,0.0912018951043138,4.079648408278615,-3.84226165738508,0.3145416008644339,-0.2445183584630026,1,5,2,0.4,5,2,0.4,0.0,29,19,10,0.6551724137931034,3,185.66666666666666,0.6666666666666666,0,1,1,0
1359499,2023-04-18,2023,Mumbai Indians,Sunrisers Hyderabad,"Rajiv Gandhi International Stadium, Uppal, Hyderabad",Sunrisers Hyderabad,field,235,0.5659574468085107,158.93617021276594,151.65531914893617,5.582978723404255,7.845391840328735,156,0.4935897435897436,155.56410256410257,153.1346153846154,5.5256410256410255,7.936105420519351,0.072367703218767,3.372067648663375,-1.4792962356792143,0.0573376977632298,-0.0907135801906164,1,5,3,0.6,5,2,0.4,0.19999999999999996,19,10,9,0.5263157894736842,2,173.0,0.5,0,1,1,0
1359500,2023-04-19,2023,Lucknow Super Giants,Rajasthan Royals,"Sawai Mansingh Stadium, Jaipur",Rajasthan Royals,field,20,0.6,172.25,164.1,6.25,8.337002540220151,195,0.5128205128205128,156.86153846153846,153.97435897435898,5.1692307692307695,8.040257073998037,0.0871794871794872,15.388461538461542,10.125641025641016,1.0807692307692305,0.2967454662221147,1,5,3,0.6,5,4,0.8,-0.20000000000000007,2,0,2,0.0,0,0.0,0.5,0,1,1,0
1359501,2023-04-20,2023,Royal Challengers Bengaluru,Punjab Kings,"Punjab Cricket Association IS Bindra Stadium, Mohali, Chandigarh",Punjab Kings,field,228,0.4868421052631579,157.12719298245614,156.0,5.381578947368421,8.154057771664375,223,0.4663677130044843,158.75336322869956,156.66367713004485,5.20627802690583,8.256824358923858,0.0204743922586735,-1.6261702462434189,-0.6636771300448459,0.1753009204625915,-0.1027665872594827,1,5,2,0.4,5,3,0.6,-0.19999999999999996,30,13,17,0.43333333333333335,2,172.0,0.5,0,1,1,0
1359502,2023-04-20,2023,Kolkata Knight Riders,Delhi Capitals,"Arun Jaitley Stadium, Delhi",Delhi Capitals,field,228,0.5087719298245614,154.1578947368421,151.18421052631578,5.175438596491228,7.93021472392638,227,0.4537444933920704,154.04405286343612,154.8193832599119,5.290748898678414,8.065791990207703,0.0550274364324909,0.1138418734059882,-3.6351727335961073,-0.1153103021871864,-0.1355772662813237,0,5,2,0.4,5,0,0.0,0.4,30,16,14,0.5333333333333333,6,185.66666666666666,0.8333333333333334,0,1,1,0
1359503,2023-04-21,2023,Sunrisers Hyderabad,Chennai Super Kings,"MA Chidambaram Stadium, Chepauk, Chennai",Chennai Super Kings,field,157,0.4904458598726114,155.70700636942675,153.38216560509554,5.515923566878981,7.947087618942853,213,0.5821596244131455,161.24413145539907,152.14084507042253,5.704225352112676,7.908724832214765,-0.091713764540534,-5.53712508597232,1.241320534673008,-0.188301785233695,0.0383627867280882,0,5,2,0.4,5,3,0.6,-0.19999999999999996,18,5,13,0.2777777777777778,12,161.66666666666666,0.3333333333333333,0,1,1,0
1359504,2023-04-22,2023,Gujarat Titans,Lucknow Super Giants,"Bharat Ratna Shri Atal Bihari Vajpayee Ekana Cricket Stadium, Lucknow",Gujarat Titans,bat,21,0.7142857142857143,168.71428571428572,160.47619047619048,5.9523809523809526,8.28009828009828,21,0.6190476190476191,171.38095238095238,162.9047619047619,6.190476190476191,8.269943593875906,0.0952380952380952,-2.666666666666657,-2.4285714285714164,-0.2380952380952381,0.0101546862223731,1,5,3,0.6,5,3,0.6,0.0,2,2,0,1.0,3,157.66666666666666,0.6666666666666666,1,0,0,1
1359505,2023-04-22,2023,Punjab Kings,Mumbai Indians,"Wankhede Stadium, Mumbai",Mumbai Indians,field,224,0.4642857142857143,158.71428571428572,156.70535714285714,5.200892857142857,8.25702748265182,236,0.5677966101694916,159.07627118644066,151.7415254237288,5.593220338983051,7.848986301369863,-0.1035108958837772,-0.3619854721549416,4.963831719128336,-0.3923274818401943,0.4080411812819564,1,5,2,0.4,5,3,0.6,-0.19999999999999996,29,14,15,0.4827586206896552,33,170.0,0.6363636363636364,0,1,1,0
1359506,2023-04-23,2023,Royal Challengers Bengaluru,Rajasthan Royals,"M Chinnaswamy Stadium, Bengaluru",Rajasthan Royals,field,229,0.4890829694323144,157.2008733624454,155.9650655021834,5.393013100436681,8.153717373107071,196,0.5102040816326531,156.79591836734693,153.95408163265307,5.168367346938775,8.037379028677972,-0.0211211122003386,0.4049549950984783,2.010983869530321,0.2246457534979056,0.1163383444290993,1,5,2,0.4,5,3,0.6,-0.19999999999999996,25,13,12,0.52,4,195.75,0.5,0,1,1,0
1359507,2023-04-23,2023,Chennai Super Kings,Kolkata Knight Riders,"Eden Gardens, Kolkata",Kolkata Knight Riders,field,214,0.5841121495327103,161.1355140186916,152.0467289719626,5.705607476635514,7.902367941712204,229,0.5065502183406113,154.03930131004367,151.07423580786025,5.179039301310044,7.923957856161246,0.0775619311920989,7.096212708647926,0.9724931641023602,0.5265681753254698,-0.0215899144490414,1,5,4,0.8,5,2,0.4,0.4,26,17,9,0.6538461538461539,4,206.75,0.25,0,1,1,0
1359508,2023-04-24,2023,Delhi Capitals,Sunrisers Hyderabad,"Rajiv Gandhi International Stadium, Uppal, Hyderabad",Delhi Capitals,bat,228,0.4561403508771929,153.9298245614035,154.69298245614036,5.307017543859649,8.057723793930624,158,0.4873417721518987,155.56962025316454,153.27215189873417,5.493670886075949,7.943038320669108,-0.0312014212747057,-1.6397956917610372,1.420830557406191,-0.1866533422163003,0.1146854732615159,1,5,1,0.2,5,2,0.4,-0.2,21,10,11,0.47619047619047616,3,179.33333333333334,0.3333333333333333,1,0,0,1
1359509,2023-04-25,2023,Gujarat Titans,Mumbai Indians,"Narendra Modi Stadium, Ahmedabad",Mumbai Indians,field,22,0.7272727272727273,167.1818181818182,158.95454545454547,5.909090909090909,8.189695550351288,237,0.5654008438818565,159.25316455696202,151.9915611814346,5.59915611814346,7.860774686306601,0.1618718833908707,7.928653624856167,6.962984273110862,0.309934790947449,0.3289208640446874,1,5,3,0.6,5,3,0.6,0.0,1,0,1,0.0,10,163.9,0.8,0,1,1,0
1359510,2023-04-26,2023,Kolkata Knight Riders,Royal Challengers Bengaluru,"M Chinnaswamy Stadium, Bengaluru",Royal Challengers Bengaluru,field,230,0.5043478260869565,154.1782608695652,151.4391304347826,5.173913043478261,7.94140446876425,230,0.4913043478260869,157.33913043478262,156.0608695652174,5.391304347826087,8.157109309900765,0.0130434782608695,-3.1608695652174106,-4.621739130434776,-0.2173913043478261,-0.2157048411365147,1,5,1,0.2,5,3,0.6,-0.39999999999999997,31,17,14,0.5483870967741935,5,194.4,0.4,0,1,1,0
1359511,2023-04-27,2023,Rajasthan Royals,Chennai Super Kings,"Sawai Mansingh Stadium, Jaipur",Rajasthan Royals,bat,197,0.5076142131979695,156.9238578680203,154.11675126903555,5.1725888324873095,8.044069592864082,215,0.586046511627907,161.47906976744187,152.2,5.716279069767442,7.908882175226586,-0.0784322984299374,-4.555211899421579,1.916751269035558,-0.5436902372801322,0.1351874176374954,1,5,3,0.6,5,4,0.8,-0.20000000000000007,27,12,15,0.4444444444444444,1,154.0,0.0,1,0,0,1
1359512,2023-04-28,2023,Lucknow Super Giants,Punjab Kings,"Punjab Cricket Association IS Bindra Stadium, Mohali, Chandigarh",Punjab Kings,field,22,0.5909090909090909,169.4090909090909,161.5909090909091,6.181818181818182,8.197540353574173,225,0.4666666666666667,158.96,156.90222222222224,5.204444444444444,8.265423186483005,0.1242424242424242,10.4490909090909,4.688686868686858,0.9773737373737372,-0.0678828329088325,1,5,3,0.6,5,2,0.4,0.19999999999999996,2,1,1,0.5,3,172.66666666666666,0.3333333333333333,0,1,1,0
1359513,2023-04-29,2023,Kolkata Knight Riders,Gujarat Titans,"Eden Gardens, Kolkata",Gujarat Titans,field,231,0.5064935064935064,154.37662337662337,151.54545454545453,5.181818181818182,7.9453018610985024,23,0.7391304347826086,168.91304347826087,158.47826086956522,6.0,8.154362416107382,-0.2326369282891022,-14.536420101637503,-6.932806324110686,-0.8181818181818183,-0.2090605550088797,0,5,1,0.2,5,3,0.6,-0.39999999999999997,2,1,1,0.5,5,212.4,0.2,0,1,1,0
1359514,2023-04-29,2023,Sunrisers Hyderabad,Delhi Capitals,"Arun Jaitley Stadium, Delhi",Sunrisers Hyderabad,bat,159,0.4842767295597484,155.45283018867926,153.2012578616352,5.49685534591195,7.937544126432411,229,0.4585152838427948,153.88646288209608,154.61572052401746,5.310043668122271,8.052230603039837,0.0257614457169536,1.5663673065831745,-1.414462662382249,0.1868116777896791,-0.1146864766074253,1,5,2,0.4,5,2,0.4,0.0,22,11,11,0.5,7,177.28571428571428,0.8571428571428571,1,0,0,1
1359515,2023-04-30,2023,Chennai Super Kings,Punjab Kings,"MA Chidambaram Stadium, Chepauk, Chennai",Chennai Super Kings,bat,216,0.5833333333333334,161.5185185185185,152.39814814814815,5.708333333333333,7.917739025856885,226,0.4646017699115044,159.14601769911505,157.31415929203538,5.20353982300885,8.284837657293771,0.1187315634218289,2.372500819403456,-4.916011143887232,0.5047935103244834,-0.3670986314368862,0,5,3,0.6,5,2,0.4,0.19999999999999996,27,15,12,0.5555555555555556,13,159.53846153846155,0.38461538461538464,1,0,0,1
1359516,2023-04-30,2023,Rajasthan Royals,Mumbai Indians,"Wankhede Stadium, Mumbai",Rajasthan Royals,bat,198,0.51010101010101,157.15151515151516,154.1919191919192,5.1767676767676765,8.046209259421945,238,0.5630252100840336,159.22268907563026,152.22268907563026,5.600840336134453,7.871591526344378,-0.0529241999830235,-2.071173924115101,1.9692301162889407,-0.4240726593667769,0.1746177330775662,0,5,3,0.6,5,3,0.6,0.0,26,12,14,0.46153846153846156,34,171.2941176470588,0.6176470588235294,1,0,0,1
1359517,2023-05-01,2023,Royal Challengers Bengaluru,Lucknow Super Giants,"Bharat Ratna Shri Atal Bihari Vajpayee Ekana Cricket Stadium, Lucknow",Royal Challengers Bengaluru,bat,231,0.4891774891774891,157.43290043290042,156.24242424242425,5.3896103896103895,8.164995098408868,23,0.6086956521739131,173.2173913043478,163.1304347826087,6.3478260869565215,8.27342888643881,-0.1195181629964239,-15.784490871447389,-6.888010540184439,-0.958215697346132,-0.1084337880299415,1,5,3,0.6,5,3,0.6,0.0,3,2,1,0.6666666666666666,4,152.0,0.5,1,0,0,1
1359518,2023-05-02,2023,Delhi Capitals,Gujarat Titans,"Narendra Modi Stadium, Ahmedabad",Delhi Capitals,bat,230,0.4565217391304347,154.03478260869565,154.79565217391306,5.3130434782608695,8.060144134626269,24,0.75,169.375,159.33333333333334,6.041666666666667,8.188436830835117,-0.2934782608695652,-15.34021739130435,-4.537681159420288,-0.7286231884057974,-0.1282926962088488,1,5,2,0.4,5,4,0.8,-0.4,2,0,2,0.0,11,167.8181818181818,0.7272727272727273,1,0,0,1
1359520,2023-05-03,2023,Punjab Kings,Mumbai Indians,"Punjab Cricket Association IS Bindra Stadium, Mohali, Chandigarh",Mumbai Indians,field,227,0.4669603524229075,159.33039647577093,157.4977973568282,5.198237885462556,8.292562239059842,239,0.5648535564853556,159.4518828451883,152.43933054393307,5.606694560669456,7.881665765278529,-0.0978932040624481,-0.1214863694173686,5.058466812895119,-0.4084566752069003,0.410896473781313,0,5,3,0.6,5,3,0.6,0.0,30,15,15,0.5,4,193.75,0.25,0,1,1,0
1359521,2023-05-04,2023,Kolkata Knight Riders,Sunrisers Hyderabad,"Rajiv Gandhi International Stadium, Uppal, Hyderabad",Kolkata Knight Riders,bat,232,0.5043103448275862,154.48275862068965,151.6293103448276,5.172413793103448,7.951927061748861,160,0.4875,155.7125,153.4125,5.5,7.946689688663465,0.0168103448275862,-1.2297413793103544,-1.7831896551724071,-0.3275862068965516,0.0052373730853956,1,5,1,0.2,5,2,0.4,-0.2,24,15,9,0.625,4,170.5,0.25,1,0,0,1
1359522,2023-05-05,2023,Rajasthan Royals,Gujarat Titans,"Sawai Mansingh Stadium, Jaipur",Rajasthan Royals,bat,199,0.507537688442211,157.42713567839195,154.4824120603015,5.170854271356784,8.060656382467334,25,0.72,167.6,158.12,6.08,8.117043121149898,-0.2124623115577889,-10.172864321608046,-3.6375879396985056,-0.9091457286432164,-0.0563867386825638,0,5,2,0.4,5,3,0.6,-0.19999999999999996,4,1,3,0.25,2,178.0,0.0,1,0,0,1
1359523,2023-05-06,2023,Mumbai Indians,Chennai Super Kings,"MA Chidambaram Stadium, Chepauk, Chennai",Chennai Super Kings,field,240,0.5666666666666667,159.6875,152.675,5.595833333333333,7.892730210016155,217,0.5806451612903226,161.69585253456222,152.58986175115209,5.709677419354839,7.926271693596648,-0.0139784946236559,-2.0083525345622206,0.0851382488479259,-0.1138440860215057,-0.0335414835804934,0,5,3,0.6,5,3,0.6,0.0,35,20,15,0.5714285714285714,14,162.42857142857142,0.42857142857142855,0,1,1,0
1359524,2023-05-06,2023,Royal Challengers Bengaluru,Delhi Capitals,"Arun Jaitley Stadium, Delhi",Royal Challengers Bengaluru,bat,232,0.4913793103448275,157.29741379310346,156.02586206896552,5.400862068965517,8.152396681806238,231,0.4588744588744589,153.93073593073592,154.66666666666666,5.316017316017316,8.05198512564324,0.0325048514703686,3.3666778623675384,1.359195402298866,0.084844752948201,0.1004115561629976,0,5,3,0.6,5,3,0.6,0.0,28,18,10,0.6428571428571429,8,179.75,0.75,1,0,0,1
1359525,2023-05-07,2023,Gujarat Titans,Lucknow Super Giants,"Narendra Modi Stadium, Ahmedabad",Lucknow Super Giants,field,26,0.7307692307692307,165.73076923076923,156.53846153846155,6.153846153846154,8.062066688676131,24,0.5833333333333334,170.5,161.58333333333334,6.416666666666667,8.190073917634635,0.1474358974358973,-4.769230769230774,-5.044871794871796,-0.2628205128205128,-0.1280072289585039,1,5,4,0.8,5,2,0.4,0.4,3,3,0,1.0,12,164.66666666666666,0.6666666666666666,0,1,1,0
1359526,2023-05-07,2023,Rajasthan Royals,Sunrisers Hyderabad,"Sawai Mansingh Stadium, Jaipur",Rajasthan Royals,bat,200,0.505,157.23,154.295,5.15,8.062091787860316,161,0.484472049689441,155.77639751552795,153.51552795031057,5.515527950310559,7.950249289658499,0.0205279503105589,1.453602484472043,0.7794720496894172,-0.3655279503105584,0.1118424982018169,0,5,1,0.2,5,1,0.2,0.0,17,9,8,0.5294117647058824,3,158.0,0.3333333333333333,1,0,0,1
1359527,2023-05-08,2023,Punjab Kings,Kolkata Knight Riders,"Eden Gardens, Kolkata",Punjab Kings,bat,228,0.4649122807017544,159.5701754385965,157.73684210526315,5.192982456140351,8.305453985604865,233,0.5064377682403434,154.55364806866953,151.6609442060086,5.184549356223176,7.9519183887784575,-0.0415254875385889,5.016527369926962,6.0758978992545565,0.0084330999171751,0.3535355968264078,0,5,2,0.4,5,2,0.4,0.0,31,11,20,0.3548387096774194,6,206.83333333333334,0.3333333333333333,1,0,0,1
1359528,2023-05-09,2023,Royal Challengers Bengaluru,Mumbai Indians,"Wankhede Stadium, Mumbai",Mumbai Indians,field,233,0.4892703862660944,157.39914163090128,156.13304721030042,5.390557939914163,8.162521970008601,241,0.5643153526970954,159.60165975103735,152.61410788381744,5.589211618257261,7.892421587210757,-0.075044966431001,-2.2025181201360624,3.518939326482979,-0.1986536783430983,0.2701003827978443,0,5,3,0.6,5,2,0.4,0.19999999999999996,31,14,17,0.45161290322580644,35,172.45714285714286,0.6285714285714286,0,1,1,0
1359529,2023-05-10,2023,Chennai Super Kings,Delhi Capitals,"MA Chidambaram Stadium, Chepauk, Chennai",Chennai Super Kings,bat,218,0.5825688073394495,161.59633027522935,152.5045871559633,5.720183486238532,7.920428826682549,232,0.4612068965517241,154.07327586206895,154.77155172413794,5.310344827586207,8.056014658041356,0.1213619107877253,7.523054413160395,-2.266964568174643,0.4098386586523244,-0.1355858313588065,1,5,3,0.6,5,4,0.8,-0.20000000000000007,27,17,10,0.6296296296296297,15,160.86666666666667,0.4666666666666667,1,0,0,1
1359530,2023-05-11,2023,Kolkata Knight Riders,Rajasthan Royals,"Eden Gardens, Kolkata",Rajasthan Royals,field,234,0.5085470085470085,154.67094017094018,151.74786324786325,5.1923076923076925,7.954822088638316,201,0.5024875621890548,157.51243781094527,154.60696517412936,5.154228855721393,8.076583210603829,0.0060594463579537,-2.8414976400050875,-2.8591019262661064,0.0380788365862994,-0.1217611219655125,0,5,3,0.6,5,1,0.2,0.39999999999999997,26,14,12,0.5384615384615384,7,202.85714285714286,0.42857142857142855,0,1,1,0
1359531,2023-05-12,2023,Mumbai Indians,Gujarat Titans,"Wankhede Stadium, Mumbai",Gujarat Titans,field,242,0.5661157024793388,159.76859504132233,152.80165289256198,5.590909090909091,7.90100067661408,27,0.7407407407407407,168.0,156.96296296296296,6.185185185185185,8.074944426802158,-0.1746250382614018,-8.231404958677672,-4.161310070400987,-0.5942760942760943,-0.1739437501880782,1,5,3,0.6,5,4,0.8,-0.20000000000000007,2,1,1,0.5,36,173.19444444444446,0.6388888888888888,0,1,1,0
1359532,2023-05-13,2023,Sunrisers Hyderabad,Lucknow Super Giants,"Rajiv Gandhi International Stadium, Uppal, Hyderabad",Sunrisers Hyderabad,bat,162,0.4876543209876543,156.15432098765433,153.85185185185185,5.493827160493828,7.965908485591008,25,0.56,170.52,164.16,6.24,8.316109422492401,-0.0723456790123457,-14.36567901234568,-10.308148148148147,-0.7461728395061726,-0.350200936901393,0,5,2,0.4,5,2,0.4,0.0,2,0,2,0.0,5,170.6,0.2,1,0,0,1
1359533,2023-05-13,2023,Punjab Kings,Delhi Capitals,"Arun Jaitley Stadium, Delhi",Delhi Capitals,field,229,0.462882096069869,159.65502183406113,157.83842794759826,5.187772925764192,8.308877054518984,233,0.4592274678111588,154.0128755364807,154.80257510729615,5.321888412017168,8.056211145441685,0.0036546282587102,5.642146297580439,3.035852840302113,-0.1341154862529752,0.2526659090772991,1,5,2,0.4,5,3,0.6,-0.19999999999999996,30,15,15,0.5,9,179.88888888888889,0.7777777777777778,0,1,1,0
1359534,2023-05-14,2023,Royal Challengers Bengaluru,Rajasthan Royals,"Sawai Mansingh Stadium, Jaipur",Royal Challengers Bengaluru,bat,234,0.4871794871794871,157.57692307692307,156.2905982905983,5.384615384615385,8.175254275176037,202,0.504950495049505,157.48019801980195,154.56930693069307,5.1683168316831685,8.0728259932776,-0.0177710078700177,0.0967250571210911,1.7212913599052229,0.2162985529322165,0.1024282818984367,1,5,2,0.4,5,2,0.4,0.0,26,14,12,0.5384615384615384,4,172.0,0.5,1,0,0,1
1359535,2023-05-14,2023,Chennai Super Kings,Kolkata Knight Riders,"MA Chidambaram Stadium, Chepauk, Chennai",Chennai Super Kings,bat,219,0.5844748858447488,161.62100456621005,152.4200913242009,5.721461187214612,7.914641375222288,235,0.5063829787234042,154.6468085106383,151.73617021276596,5.170212765957447,7.964708510163056,0.0780919071213446,6.974196055571753,0.6839211114349553,0.5512484212571644,-0.0500671349407673,0,5,3,0.6,5,3,0.6,0.0,27,18,9,0.6666666666666666,16,161.25,0.4375,1,0,0,1
1359536,2023-05-15,2023,Gujarat Titans,Sunrisers Hyderabad,"Narendra Modi Stadium, Ahmedabad",Sunrisers Hyderabad,field,28,0.7142857142857143,168.82142857142858,159.07142857142858,6.142857142857143,8.174977057204037,163,0.4846625766871165,156.31288343558282,154.03680981595093,5.478527607361963,7.975435438615067,0.2296231375985977,12.508545135845765,5.034618755477652,0.6643295354951801,0.1995416185889702,1,5,3,0.6,5,2,0.4,0.19999999999999996,2,1,1,0.5,13,169.46153846153845,0.6153846153846154,0,1,1,0
1359537,2023-05-16,2023,Lucknow Super Giants,Mumbai Indians,"Bharat Ratna Shri Atal Bihari Vajpayee Ekana Cricket Stadium, Lucknow",Mumbai Indians,field,26,0.5769230769230769,171.07692307692307,164.76923076923077,6.230769230769231,8.342745861733203,243,0.5679012345679012,160.0082304526749,152.94650205761317,5.600823045267489,7.907379170951384,0.0090218423551756,11.068692624248172,11.8227287116176,0.6299461855017414,0.4353666907818185,1,5,2,0.4,5,4,0.8,-0.4,2,2,0,1.0,5,146.8,0.4,0,1,1,0
1359538,2023-05-17,2023,Delhi Capitals,Punjab Kings,"Himachal Pradesh Cricket Association Stadium, Dharamsala",Punjab Kings,field,234,0.4572649572649572,153.93589743589743,154.84615384615384,5.3247863247863245,8.057072971871177,230,0.4652173913043478,159.68695652173912,157.7391304347826,5.2,8.301742877846001,-0.0079524340393905,-5.751059085841689,-2.8929765886287555,0.1247863247863243,-0.244669905974824,1,5,2,0.4,5,2,0.4,0.0,31,15,16,0.4838709677419355,0,0.0,0.5,0,1,1,0
1359539,2023-05-18,2023,Sunrisers Hyderabad,Royal Challengers Bengaluru,"Rajiv Gandhi International Stadium, Uppal, Hyderabad",Royal Challengers Bengaluru,field,164,0.4817073170731707,156.2987804878049,154.2378048780488,5.493902439024391,7.984112788679047,235,0.4893617021276595,157.63404255319148,155.87234042553192,5.4,8.169045495093666,-0.0076543850544888,-1.335262065386587,-1.6345355474831251,0.0939024390243901,-0.1849327064146191,0,5,2,0.4,5,2,0.4,0.0,21,12,9,0.5714285714285714,6,172.5,0.3333333333333333,0,1,1,0
1359540,2023-05-19,2023,Punjab Kings,Rajasthan Royals,"Himachal Pradesh Cricket Association Stadium, Dharamsala",Rajasthan Royals,field,231,0.4632034632034632,159.85281385281385,157.978354978355,5.186147186147186,8.312440681826809,203,0.5024630541871922,156.99507389162562,154.65024630541873,5.167487684729064,8.075280802537941,-0.0392595909837289,2.85773996118823,3.328108672936253,0.0186595014181216,0.2371598792888676,0,5,2,0.4,5,1,0.2,0.2,25,11,14,0.44,1,213.0,0.0,0,1,1,0
1359541,2023-05-20,2023,Chennai Super Kings,Delhi Capitals,"Arun Jaitley Stadium, Delhi",Chennai Super Kings,bat,220,0.5818181818181818,161.54090909090908,152.3909090909091,5.709090909090909,7.914542020774316,235,0.4595744680851064,154.1872340425532,155.00425531914894,5.327659574468085,8.063904364830462,0.1222437137330754,7.353675048355882,-2.613346228239834,0.3814313346228237,-0.1493623440561462,1,5,2,0.4,5,3,0.6,-0.19999999999999996,28,18,10,0.6428571428571429,10,178.6,0.7,1,0,0,1
1359542,2023-05-20,2023,Lucknow Super Giants,Kolkata Knight Riders,"Eden Gardens, Kolkata",Kolkata Knight Riders,field,27,0.5925925925925926,171.2962962962963,164.8148148148148,6.185185185185185,8.338538413491568,236,0.5084745762711864,154.614406779661,151.70338983050848,5.173728813559322,7.961307538358906,0.0841180163214061,16.681889516635295,13.111424984306325,1.011456371625863,0.3772308751326623,1,5,3,0.6,5,3,0.6,0.0,2,2,0,1.0,8,196.125,0.5,0,1,1,0
1359543,2023-05-21,2023,Sunrisers Hyderabad,Mumbai Indians,"Wankhede Stadium, Mumbai",Mumbai Indians,field,165,0.4787878787878787,156.47878787878787,154.42424242424244,5.472727272727273,7.993725490196079,244,0.5655737704918032,160.05737704918033,153.02459016393442,5.590163934426229,7.910313901345291,-0.0867858917039244,-3.578589170392462,1.3996522603080166,-0.1174366616989566,0.0834115888507875,0,5,1,0.2,5,3,0.6,-0.39999999999999997,20,9,11,0.45,37,174.40540540540542,0.6216216216216216,0,1,1,0
1359544,2023-05-21,2023,Royal Challengers Bengaluru,Gujarat Titans,"M Chinnaswamy Stadium, Bengaluru",Gujarat Titans,field,236,0.4915254237288136,157.7584745762712,155.99576271186442,5.398305084745763,8.173845470692717,29,0.7241379310344828,169.48275862068965,158.75862068965515,6.241379310344827,8.151077013868397,-0.2326125073056691,-11.724284044418454,-2.762857977790759,-0.8430742255990644,0.0227684568243198,0,5,3,0.6,5,3,0.6,0.0,2,1,1,0.5,6,195.33333333333334,0.3333333333333333,0,1,1,0
1370350,2023-05-23,2023,Chennai Super Kings,Gujarat Titans,"MA Chidambaram Stadium, Chepauk, Chennai",Gujarat Titans,field,221,0.583710407239819,161.81900452488688,152.34841628959276,5.723981900452489,7.910949248120301,30,0.7333333333333333,170.43333333333334,159.96666666666667,6.2,8.20575662581932,-0.1496229260935142,-8.614328808446459,-7.618250377073906,-0.4760180995475114,-0.2948073776990201,1,5,3,0.6,5,4,0.8,-0.20000000000000007,3,0,3,0.0,17,160.23529411764707,0.47058823529411764,0,1,1,0
1370351,2023-05-24,2023,Mumbai Indians,Lucknow Super Giants,"MA Chidambaram Stadium, Chepauk, Chennai",Mumbai Indians,bat,245,0.5673469387755102,160.22448979591837,153.19591836734693,5.587755102040816,7.918076017017685,28,0.6071428571428571,171.46428571428572,165.03571428571428,6.178571428571429,8.346177001806142,-0.0397959183673468,-11.23979591836735,-11.839795918367344,-0.5908163265306126,-0.4281009847884567,1,5,3,0.6,5,3,0.6,0.0,3,0,3,0.0,18,160.88888888888889,0.4444444444444444,1,0,0,1
1370352,2023-05-26,2023,Gujarat Titans,Mumbai Indians,"Narendra Modi Stadium, Ahmedabad",Mumbai Indians,field,31,0.7096774193548387,170.0,160.2258064516129,6.225806451612903,8.209917355371902,246,0.5691056910569106,160.3130081300813,152.95528455284554,5.59349593495935,7.910371408549404,0.1405717282979282,9.6869918699187,7.270521898767356,0.6323105166535532,0.2995459468224979,1,5,3,0.6,5,4,0.8,-0.20000000000000007,3,1,2,0.3333333333333333,14,170.78571428571428,0.5714285714285714,0,1,1,0
1370353,2023-05-29,2023,Gujarat Titans,Chennai Super Kings,"Narendra Modi Stadium, Ahmedabad",Chennai Super Kings,field,32,0.71875,171.96875,160.5,6.34375,8.239572192513368,222,0.5855855855855856,161.86486486486487,152.36036036036035,5.738738738738738,7.910196445275959,0.1331644144144144,10.10388513513513,8.139639639639626,0.6050112612612617,0.3293757472374086,0,5,3,0.6,5,4,0.8,-0.20000000000000007,4,3,1,0.75,15,174.93333333333334,0.5333333333333333,0,1,1,0
1422119,2024-03-22,2024,Royal Challengers Bengaluru,Chennai Super Kings,"MA Chidambaram Stadium, Chepauk, Chennai",Royal Challengers Bengaluru,bat,237,0.4894514767932489,157.9240506329114,156.126582278481,5.39240506329114,8.180551973175135,223,0.5874439461883408,161.90582959641256,152.62780269058297,5.7309417040358746,7.922718808193668,-0.0979924693950918,-3.98177896350117,3.498779587898042,-0.338536640744735,0.2578331649814664,0,5,2,0.4,5,4,0.8,-0.4,30,10,20,0.3333333333333333,19,162.0,0.42105263157894735,1,0,0,1
1422120,2024-03-23,2024,Delhi Capitals,Punjab Kings,"Maharaja Yadavindra Singh International Cricket Stadium, Mullanpur",Punjab Kings,field,236,0.4576271186440678,154.15254237288136,155.28813559322035,5.317796610169491,8.077287587701575,232,0.4612068965517241,159.9698275862069,158.10775862068965,5.189655172413793,8.318001436184286,-0.0035797779076563,-5.817285213325533,-2.819623027469305,0.1281414377556986,-0.2407138484827111,0,5,2,0.4,5,1,0.2,0.2,32,16,16,0.5,0,0.0,0.5,0,1,1,0
1422121,2024-03-23,2024,Kolkata Knight Riders,Sunrisers Hyderabad,"Eden Gardens, Kolkata",Sunrisers Hyderabad,field,237,0.5063291139240507,154.7004219409283,151.78481012658227,5.185654008438819,7.963914102280275,166,0.4759036144578313,156.74096385542168,154.6987951807229,5.451807228915663,8.011230697239121,0.0304254994662193,-2.040541914493417,-2.9139850541406247,-0.266153220476844,-0.0473165949588461,1,5,3,0.6,5,1,0.2,0.39999999999999997,25,16,9,0.64,9,193.88888888888889,0.4444444444444444,0,1,1,0
1422122,2024-03-24,2024,Rajasthan Royals,Lucknow Super Giants,"Sawai Mansingh Stadium, Jaipur",Rajasthan Royals,bat,204,0.5049019607843137,157.15196078431373,154.80882352941177,5.166666666666667,8.081804998720465,29,0.5862068965517241,169.0344827586207,165.27586206896552,6.241379310344827,8.355026147588612,-0.0813049357674103,-11.882521974306968,-10.467038539553757,-1.0747126436781604,-0.2732211488681475,1,5,2,0.4,5,3,0.6,-0.19999999999999996,3,2,1,0.6666666666666666,5,171.8,0.4,1,0,0,1
1422123,2024-03-24,2024,Gujarat Titans,Mumbai Indians,"Narendra Modi Stadium, Ahmedabad",Mumbai Indians,field,33,0.696969696969697,173.24242424242425,160.78787878787878,6.303030303030303,8.312271540469974,247,0.5668016194331984,160.3562753036437,153.27125506072875,5.578947368421052,7.925610607117933,0.1301680775364986,12.886148938780536,7.516623727150034,0.7240829346092506,0.3866609333520401,1,5,3,0.6,5,3,0.6,0.0,4,2,2,0.5,16,177.375,0.5625,0,1,1,0
1422124,2024-03-25,2024,Punjab Kings,Royal Challengers Bengaluru,"M Chinnaswamy Stadium, Bengaluru",Royal Challengers Bengaluru,field,233,0.463519313304721,160.04291845493563,158.15021459227466,5.197424892703863,8.318371646788819,238,0.4873949579831932,157.98739495798318,156.1764705882353,5.38655462184874,8.183919856152068,-0.0238756446784722,2.0555234969524463,1.9737440040393608,-0.1891297291448772,0.134451790636751,0,5,2,0.4,5,2,0.4,0.0,31,17,14,0.5483870967741935,7,195.57142857142858,0.42857142857142855,0,1,1,0
1422125,2024-03-26,2024,Chennai Super Kings,Gujarat Titans,"MA Chidambaram Stadium, Chepauk, Chennai",Gujarat Titans,field,224,0.5892857142857143,161.96875,152.70535714285714,5.727678571428571,7.925393883225208,34,0.7058823529411765,173.08823529411765,160.8235294117647,6.382352941176471,8.305822784810125,-0.1165966386554622,-11.119485294117652,-8.118172268907557,-0.6546743697478998,-0.3804289015849171,1,5,4,0.8,5,3,0.6,0.20000000000000007,5,2,3,0.4,20,162.55,0.45,0,1,1,0
1422126,2024-03-27,2024,Sunrisers Hyderabad,Mumbai Indians,"Rajiv Gandhi International Stadium, Uppal, Hyderabad",Mumbai Indians,field,167,0.4730538922155688,157.0239520958084,155.01796407185628,5.455089820359281,8.026042474035034,248,0.5645161290322581,160.36290322580646,153.31451612903226,5.580645161290323,7.92675469075747,-0.0914622368166892,-3.338951129998065,1.7034479428240277,-0.1255553409310419,0.099287783277564,1,5,0,0.0,5,2,0.4,-0.4,21,9,12,0.42857142857142855,7,174.42857142857142,0.42857142857142855,0,1,1,0
1422127,2024-03-28,2024,Rajasthan Royals,Delhi Capitals,"Sawai Mansingh Stadium, Jaipur",Delhi Capitals,field,205,0.5073170731707317,157.32682926829267,154.87317073170732,5.170731707317073,8.083425273699397,237,0.4556962025316455,154.23628691983123,155.37130801687763,5.316455696202532,8.081422144189618,0.0516208706390861,3.0905423484614403,-0.4981372851703156,-0.1457239888854582,0.0020031295097791,1,5,3,0.6,5,1,0.2,0.39999999999999997,27,14,13,0.5185185185185185,6,175.33333333333334,0.3333333333333333,0,1,1,0
1422128,2024-03-29,2024,Royal Challengers Bengaluru,Kolkata Knight Riders,"M Chinnaswamy Stadium, Bengaluru",Kolkata Knight Riders,field,239,0.4895397489539749,158.07112970711296,156.2510460251046,5.389121338912134,8.186182455883966,238,0.5084033613445378,154.92436974789916,152.0,5.19327731092437,7.973550804496363,-0.0188636123905628,3.146759959213796,4.251046025104614,0.1958440279877642,0.2126316513876025,0,5,3,0.6,5,3,0.6,0.0,32,14,18,0.4375,8,193.125,0.5,0,1,1,0
1422129,2024-03-30,2024,Lucknow Super Giants,Punjab Kings,"Bharat Ratna Shri Atal Bihari Vajpayee Ekana Cricket Stadium, Lucknow",Lucknow Super Giants,bat,30,0.5666666666666667,169.16666666666666,166.16666666666666,6.166666666666667,8.396967995508142,234,0.4615384615384615,160.11111111111111,158.18803418803418,5.200854700854701,8.31976025472935,0.105128205128205,9.055555555555545,7.978632478632477,0.965811965811966,0.0772077407787925,1,5,3,0.6,5,2,0.4,0.19999999999999996,3,2,1,0.6666666666666666,6,151.83333333333334,0.3333333333333333,1,0,0,1
1422130,2024-03-31,2024,Sunrisers Hyderabad,Gujarat Titans,"Narendra Modi Stadium, Ahmedabad",Sunrisers Hyderabad,bat,168,0.4761904761904761,157.73809523809524,155.5297619047619,5.4523809523809526,8.0508396240949,35,0.6857142857142857,172.22857142857143,162.0857142857143,6.342857142857143,8.363144963144963,-0.2095238095238095,-14.490476190476189,-6.555952380952391,-0.89047619047619,-0.3123053390500629,0,5,1,0.2,5,2,0.4,-0.2,3,1,2,0.3333333333333333,17,176.8235294117647,0.5294117647058824,1,0,0,1
1422131,2024-03-31,2024,Delhi Capitals,Chennai Super Kings,"Dr. Y.S. Rajasekhara Reddy ACA-VDCA Cricket Stadium, Visakhapatnam",Delhi Capitals,bat,238,0.453781512605042,154.31512605042016,155.48739495798318,5.315126050420168,8.086091991696712,225,0.5911111111111111,162.16444444444446,152.65333333333334,5.737777777777778,7.921356088560886,-0.1373295985060691,-7.849318394024294,2.8340616246498485,-0.4226517273576098,0.1647359031358259,1,5,1,0.2,5,5,1.0,-0.8,29,10,19,0.3448275862068966,0,0.0,0.5,1,0,0,1
1422132,2024-04-01,2024,Mumbai Indians,Rajasthan Royals,"Wankhede Stadium, Mumbai",Rajasthan Royals,field,249,0.5622489959839357,160.70682730923696,153.79116465863453,5.570281124497992,7.95031141868512,206,0.5097087378640777,157.46116504854368,154.95631067961165,5.169902912621359,8.086042387908469,0.052540258119858,3.24566226069328,-1.1651460209771187,0.4003782118766326,-0.1357309692233483,0,5,2,0.4,5,4,0.8,-0.4,27,15,12,0.5555555555555556,38,175.07894736842104,0.631578947368421,0,1,1,0
1422133,2024-04-02,2024,Lucknow Super Giants,Royal Challengers Bengaluru,"M Chinnaswamy Stadium, Bengaluru",Royal Challengers Bengaluru,field,31,0.5806451612903226,170.1290322580645,166.48387096774192,6.129032258064516,8.410103204780011,240,0.4875,158.17083333333332,156.34583333333333,5.379166666666666,8.19518054746651,0.0931451612903226,11.958198924731192,10.13803763440859,0.7498655913978496,0.214922657313501,1,5,3,0.6,5,2,0.4,0.19999999999999996,4,1,3,0.25,9,191.88888888888889,0.5555555555555556,0,1,1,0
1422134,2024-04-03,2024,Kolkata Knight Riders,Delhi Capitals,"Dr. Y.S. Rajasekhara Reddy ACA-VDCA Cricket Stadium, Visakhapatnam",Kolkata Knight Riders,bat,239,0.5104602510460251,155.05439330543933,152.1213389121339,5.192468619246862,7.978275181040158,239,0.4560669456066946,154.46861924686192,155.53556485355648,5.317991631799163,8.087240291526161,0.0543933054393305,0.5857740585774138,-3.414225941422586,-0.1255230125523017,-0.1089651104860029,1,5,3,0.6,5,2,0.4,0.19999999999999996,31,16,15,0.5161290322580645,1,191.0,0.0,1,0,0,1
1422135,2024-04-04,2024,Gujarat Titans,Punjab Kings,"Narendra Modi Stadium, Ahmedabad",Punjab Kings,field,36,0.6944444444444444,172.11111111111111,162.02777777777777,6.361111111111111,8.352744630071598,235,0.4595744680851064,160.1872340425532,158.3531914893617,5.208510638297873,8.326608241655789,0.234869976359338,11.923877068557914,3.674586288416066,1.152600472813238,0.026136388415809,0,5,3,0.6,5,1,0.2,0.39999999999999997,3,2,1,0.6666666666666666,18,176.0,0.5555555555555556,0,1,1,0
1422136,2024-04-05,2024,Chennai Super Kings,Sunrisers Hyderabad,"Rajiv Gandhi International Stadium, Uppal, Hyderabad",Sunrisers Hyderabad,field,226,0.588495575221239,162.20353982300884,152.80088495575222,5.734513274336283,7.927382637640126,169,0.4733727810650887,157.76331360946745,155.603550295858,5.437869822485207,8.055033694098428,0.1151227941561502,4.4402262135413935,-2.802665340105761,0.2966434518510761,-0.1276510564583022,0,5,4,0.8,5,1,0.2,0.6000000000000001,19,14,5,0.7368421052631579,8,187.25,0.375,0,1,1,0
1422137,2024-04-06,2024,Royal Challengers Bengaluru,Rajasthan Royals,"Sawai Mansingh Stadium, Jaipur",Rajasthan Royals,field,241,0.4854771784232365,158.149377593361,156.448132780083,5.377593360995851,8.19889823137141,207,0.5120772946859904,157.31400966183574,154.79710144927537,5.188405797101449,8.07603125262539,-0.0266001162627538,0.8353679315252691,1.6510313308076263,0.1891875638944018,0.1228669787460212,0,5,1,0.2,5,4,0.8,-0.6000000000000001,27,15,12,0.5555555555555556,7,176.71428571428572,0.2857142857142857,0,1,1,0
1422138,2024-04-07,2024,Mumbai Indians,Delhi Capitals,"Wankhede Stadium, Mumbai",Delhi Capitals,field,250,0.56,160.564,153.668,5.564,7.950263856793018,240,0.4541666666666666,154.51666666666668,155.99583333333334,5.325,8.109823459330661,0.1058333333333333,6.047333333333313,-2.3278333333333308,0.2389999999999998,-0.1595596025376426,1,5,1,0.2,5,1,0.2,0.0,33,18,15,0.5454545454545454,39,173.7948717948718,0.6410256410256411,0,1,1,0
1422139,2024-04-07,2024,Lucknow Super Giants,Gujarat Titans,"Bharat Ratna Shri Atal Bihari Vajpayee Ekana Cricket Stadium, Lucknow",Lucknow Super Giants,bat,32,0.59375,170.46875,165.96875,6.1875,8.385789473684211,37,0.6756756756756757,172.83783783783784,162.83783783783784,6.378378378378378,8.389417498259457,-0.0819256756756756,-2.3690878378378386,3.1309121621621614,-0.190878378378378,-0.0036280245752458,1,5,3,0.6,5,2,0.4,0.19999999999999996,4,0,4,0.0,7,158.57142857142858,0.2857142857142857,1,0,0,1
1426260,2024-04-08,2024,Kolkata Knight Riders,Chennai Super Kings,"MA Chidambaram Stadium, Chepauk, Chennai",Chennai Super Kings,field,240,0.5125,155.54166666666666,152.13333333333333,5.2125,7.981637337413925,227,0.5859030837004405,162.215859030837,152.84140969162996,5.726872246696035,7.93149432294445,-0.0734030837004405,-6.674192364170352,-0.708076358296637,-0.514372246696035,0.0501430144694756,0,5,4,0.8,5,3,0.6,0.20000000000000007,28,10,18,0.35714285714285715,21,164.61904761904762,0.42857142857142855,0,1,1,0
1426261,2024-04-09,2024,Sunrisers Hyderabad,Punjab Kings,"Maharaja Yadavindra Singh International Cricket Stadium, Mullanpur",Punjab Kings,field,170,0.4764705882352941,157.81176470588235,155.6529411764706,5.435294117647059,8.055916379135377,236,0.461864406779661,160.35593220338984,158.50423728813558,5.203389830508475,8.332726935214405,0.014606181455633,-2.5441674975074875,-2.8512961116649933,0.2319042871385841,-0.2768105560790275,1,5,2,0.4,5,2,0.4,0.0,21,14,7,0.6666666666666666,1,174.0,1.0,0,1,1,0
1426262,2024-04-10,2024,Rajasthan Royals,Gujarat Titans,"Sawai Mansingh Stadium, Jaipur",Gujarat Titans,field,208,0.5144230769230769,157.46634615384616,154.92307692307693,5.177884615384615,8.08091615815431,38,0.6578947368421053,171.71052631578948,162.73684210526315,6.342105263157895,8.377511853691578,-0.1434716599190284,-14.24418016194332,-7.813765182186216,-1.1642206477732795,-0.2965956955372686,0,5,5,1.0,5,2,0.4,0.6,5,1,4,0.2,8,177.5,0.375,0,1,1,0
1426263,2024-04-11,2024,Royal Challengers Bengaluru,Mumbai Indians,"Wankhede Stadium, Mumbai",Mumbai Indians,field,242,0.4834710743801653,158.2520661157025,156.58264462809916,5.371900826446281,8.205796369148592,251,0.5617529880478087,160.85657370517927,153.86852589641435,5.569721115537849,7.959536976608388,-0.0782819136676434,-2.604507589476782,2.714118731684806,-0.1978202890915676,0.2462593925402041,0,5,1,0.2,5,1,0.2,0.0,32,14,18,0.4375,40,175.3,0.625,0,1,1,0
1426264,2024-04-12,2024,Lucknow Super Giants,Delhi Capitals,"Bharat Ratna Shri Atal Bihari Vajpayee Ekana Cricket Stadium, Lucknow",Lucknow Super Giants,bat,33,0.6060606060606061,170.24242424242425,164.78787878787878,6.303030303030303,8.33622892181911,241,0.4522821576763485,154.72614107883817,156.31950207468878,5.323651452282157,8.125310039900787,0.1537784483842575,15.51628316358608,8.468376713189997,0.9793788507481452,0.2109188819183227,0,5,3,0.6,5,1,0.2,0.39999999999999997,3,3,0,1.0,8,159.125,0.25,1,0,0,1
1426265,2024-04-13,2024,Punjab Kings,Rajasthan Royals,"Maharaja Yadavindra Singh International Cricket Stadium, Mullanpur",Rajasthan Royals,field,237,0.459915611814346,160.43881856540085,158.59493670886076,5.219409282700422,8.33568656440584,209,0.5119617224880383,157.65071770334927,155.1196172248804,5.181818181818182,8.089495134325876,-0.0520461106736923,2.7881008620515786,3.475319483980371,0.0375911008822402,0.2461914300799641,0,5,2,0.4,5,4,0.8,-0.4,26,11,15,0.4230769230769231,2,178.0,0.5,0,1,1,0
1426266,2024-04-14,2024,Lucknow Super Giants,Kolkata Knight Riders,"Eden Gardens, Kolkata",Kolkata Knight Riders,field,34,0.5882352941176471,170.14705882352942,164.91176470588235,6.235294117647059,8.36241610738255,241,0.5103734439834025,155.46473029045643,152.07883817427387,5.203319502074689,7.981199869342721,0.0778618501342446,14.68232853307299,12.83292653160848,1.03197461557237,0.3812162380398298,0,5,3,0.6,5,3,0.6,0.0,3,3,0,1.0,10,195.3,0.4,0,1,1,0
1426267,2024-04-14,2024,Chennai Super Kings,Mumbai Indians,"Wankhede Stadium, Mumbai",Mumbai Indians,field,228,0.5877192982456141,162.12280701754386,152.75,5.741228070175438,7.92543427141015,252,0.5634920634920635,161.0079365079365,154.02777777777777,5.579365079365079,7.966681490096808,0.0242272347535505,1.114870509607357,-1.2777777777777717,0.1618629908103592,-0.0412472186866583,1,5,3,0.6,5,2,0.4,0.19999999999999996,36,16,20,0.4444444444444444,41,175.8048780487805,0.6341463414634146,0,1,1,0
1426268,2024-04-15,2024,Sunrisers Hyderabad,Royal Challengers Bengaluru,"M Chinnaswamy Stadium, Bengaluru",Royal Challengers Bengaluru,field,171,0.47953216374269,157.953216374269,155.78947368421052,5.43859649122807,8.061327415775672,243,0.4814814814814814,158.40740740740742,156.75720164609052,5.362139917695473,8.221294964028777,-0.0019493177387914,-0.4541910331384144,-0.9677279618800014,0.0764565735325968,-0.1599675482531051,1,5,3,0.6,5,1,0.2,0.39999999999999997,22,12,10,0.5454545454545454,10,190.8,0.5,0,1,1,0
1426269,2024-04-16,2024,Kolkata Knight Riders,Rajasthan Royals,"Eden Gardens, Kolkata",Rajasthan Royals,field,242,0.512396694214876,155.4917355371901,152.11157024793388,5.210743801652892,7.981281393415965,210,0.5142857142857142,157.6238095238095,155.07142857142858,5.190476190476191,8.08532649176529,-0.0018890200708382,-2.1320739866194174,-2.9598583234947,0.0202676111767017,-0.1040450983493253,0,5,4,0.8,5,4,0.8,0.0,27,14,13,0.5185185185185185,11,192.1818181818182,0.45454545454545453,0,1,1,0
1426270,2024-04-17,2024,Gujarat Titans,Delhi Capitals,"Narendra Modi Stadium, Ahmedabad",Delhi Capitals,field,39,0.6666666666666666,172.4102564102564,163.5897435897436,6.256410256410256,8.415036271708068,242,0.4545454545454545,154.78925619834712,156.3512396694215,5.330578512396694,8.125630838612691,0.2121212121212121,17.62100021190929,7.238503920322103,0.9258317440135624,0.2894054330953768,0,5,2,0.4,5,2,0.4,0.0,3,2,1,0.6666666666666666,19,177.21052631578948,0.5789473684210527,0,1,1,0
1426271,2024-04-18,2024,Mumbai Indians,Punjab Kings,"Maharaja Yadavindra Singh International Cricket Stadium, Mullanpur",Punjab Kings,field,253,0.5612648221343873,161.10671936758894,154.22134387351778,5.573122529644269,7.975607263312097,238,0.4579831932773109,160.38235294117646,158.5672268907563,5.226890756302521,8.332744535217488,0.1032816288570764,0.7243664264124732,-4.3458830172385206,0.3462317733417475,-0.3571372719053913,1,5,2,0.4,5,1,0.2,0.2,31,16,15,0.5161290322580645,3,167.66666666666666,0.6666666666666666,0,1,1,0
1426272,2024-04-19,2024,Chennai Super Kings,Lucknow Super Giants,"Bharat Ratna Shri Atal Bihari Vajpayee Ekana Cricket Stadium, Lucknow",Lucknow Super Giants,field,229,0.5895196506550219,162.31441048034935,152.88646288209608,5.74235807860262,7.931208940572378,35,0.5714285714285714,169.88571428571427,164.65714285714284,6.114285714285714,8.398834102501823,0.0180910792264504,-7.57130380536492,-11.77067997504676,-0.371927635683094,-0.4676251619294449,0,5,3,0.6,5,3,0.6,0.0,2,1,1,0.5,9,160.0,0.3333333333333333,0,1,1,0
1426273,2024-04-20,2024,Sunrisers Hyderabad,Delhi Capitals,"Arun Jaitley Stadium, Delhi",Delhi Capitals,field,172,0.4825581395348837,158.70348837209303,156.40116279069767,5.441860465116279,8.091337477441348,243,0.4567901234567901,154.53086419753086,156.05349794238683,5.345679012345679,8.113179289687634,0.0257680160780936,4.1726241745621735,0.347664848310842,0.0961814527706002,-0.0218418122462864,1,5,4,0.8,5,3,0.6,0.20000000000000007,23,12,11,0.5217391304347826,11,182.63636363636363,0.6363636363636364,0,1,1,0
1426274,2024-04-21,2024,Kolkata Knight Riders,Royal Challengers Bengaluru,"Eden Gardens, Kolkata",Royal Challengers Bengaluru,field,243,0.5102880658436214,155.76954732510288,152.40329218106996,5.218106995884773,7.994962760407296,244,0.4795081967213114,158.83196721311475,157.2827868852459,5.352459016393443,8.247206303724928,0.0307798691223099,-3.062419888011874,-4.879494704175954,-0.1343520205086692,-0.2522435433176317,1,5,3,0.6,5,0,0.0,0.6,33,19,14,0.5757575757575758,12,194.75,0.5,0,1,1,0
1426275,2024-04-21,2024,Punjab Kings,Gujarat Titans,"Maharaja Yadavindra Singh International Cricket Stadium, Mullanpur",Punjab Kings,bat,239,0.4560669456066946,160.47698744769875,158.68200836820083,5.2301255230125525,8.33699714222906,40,0.65,170.325,161.7,6.2,8.432855280312907,-0.1939330543933054,-9.848012552301242,-3.017991631799162,-0.9698744769874476,-0.0958581380838463,0,5,1,0.2,5,2,0.4,-0.2,4,2,2,0.5,4,173.75,0.5,1,0,0,1
1426276,2024-04-22,2024,Mumbai Indians,Rajasthan Royals,"Sawai Mansingh Stadium, Jaipur",Mumbai Indians,bat,254,0.562992125984252,161.22834645669292,154.31496062992127,5.586614173228346,7.980724854079002,211,0.5165876777251185,157.9383886255924,155.35545023696682,5.194312796208531,8.098492958906366,0.0464044482591334,3.2899578311005087,-1.0404896070455436,0.3923013770198151,-0.1177681048273644,0,5,3,0.6,5,4,0.8,-0.20000000000000007,28,15,13,0.5357142857142857,9,179.55555555555554,0.4444444444444444,1,0,0,1
1426277,2024-04-23,2024,Chennai Super Kings,Lucknow Super Giants,"MA Chidambaram Stadium, Chepauk, Chennai",Lucknow Super Giants,field,230,0.5869565217391305,162.37391304347827,152.9913043478261,5.726086956521739,7.937142857142858,36,0.5833333333333334,170.16666666666666,164.94444444444446,6.111111111111111,8.408779797026199,0.0036231884057971,-7.792753623188389,-11.95314009661837,-0.385024154589372,-0.4716369398833411,0,5,2,0.4,5,3,0.6,-0.19999999999999996,3,1,2,0.3333333333333333,22,163.36363636363637,0.45454545454545453,0,1,1,0
1426278,2024-04-24,2024,Delhi Capitals,Gujarat Titans,"Arun Jaitley Stadium, Delhi",Gujarat Titans,field,244,0.4549180327868852,154.71311475409837,156.49590163934425,5.348360655737705,8.134853003834683,41,0.6585365853658537,169.73170731707316,161.1951219512195,6.2682926829268295,8.397712833545109,-0.2036185525789684,-15.018592562974789,-4.699220311875251,-0.9199320271891248,-0.2628598297104254,1,5,2,0.4,5,2,0.4,0.0,4,2,2,0.5,12,189.58333333333334,0.5833333333333334,0,1,1,0
1426279,2024-04-25,2024,Royal Challengers Bengaluru,Sunrisers Hyderabad,"Rajiv Gandhi International Stadium, Uppal, Hyderabad",Royal Challengers Bengaluru,bat,245,0.4775510204081633,159.0857142857143,157.49795918367346,5.355102040816327,8.256552904675297,173,0.4855491329479768,159.32369942196533,156.64161849710982,5.468208092485549,8.104171858645268,-0.0079981125398135,-0.2379851362510407,0.8563406865636409,-0.1131060516692219,0.1523810460300296,1,5,0,0.0,5,4,0.8,-0.8,23,10,13,0.43478260869565216,9,184.77777777777777,0.4444444444444444,1,0,0,1
1426280,2024-04-26,2024,Kolkata Knight Riders,Punjab Kings,"Eden Gardens, Kolkata",Punjab Kings,field,244,0.5122950819672131,156.04098360655738,152.6639344262295,5.233606557377049,8.007021817790992,240,0.4541666666666666,160.4,158.62083333333334,5.2375,8.333540078076544,0.0581284153005464,-4.35901639344263,-5.9568989071038345,-0.0038934426229504,-0.3265182602855514,0,5,3,0.6,5,1,0.2,0.39999999999999997,32,21,11,0.65625,13,196.84615384615384,0.46153846153846156,0,1,1,0
1426281,2024-04-27,2024,Delhi Capitals,Mumbai Indians,"Arun Jaitley Stadium, Delhi",Mumbai Indians,field,245,0.4571428571428571,154.99591836734697,156.73877551020408,5.359183673469388,8.146160373355961,255,0.5607843137254902,161.2980392156863,154.42352941176472,5.568627450980392,7.987423935091278,-0.103641456582633,-6.302120848339342,2.31524609843936,-0.2094437775110043,0.1587364382646834,1,5,3,0.6,5,3,0.6,0.0,34,15,19,0.4411764705882353,13,192.23076923076923,0.5384615384615384,0,1,1,0
1426282,2024-04-27,2024,Lucknow Super Giants,Rajasthan Royals,"Bharat Ratna Shri Atal Bihari Vajpayee Ekana Cricket Stadium, Lucknow",Rajasthan Royals,field,37,0.5945945945945946,171.32432432432432,166.1081081081081,6.027027027027027,8.46362175809043,212,0.5188679245283019,158.0566037735849,155.46226415094338,5.212264150943396,8.102433827747275,0.0757266700662927,13.267720550739426,10.645843957164717,0.8147628760836314,0.3611879303431546,0,5,3,0.6,5,4,0.8,-0.20000000000000007,4,1,3,0.25,10,161.6,0.4,0,1,1,0
1426283,2024-04-28,2024,Gujarat Titans,Royal Challengers Bengaluru,"Narendra Modi Stadium, Ahmedabad",Royal Challengers Bengaluru,field,42,0.6428571428571429,170.92857142857142,162.64285714285714,6.214285714285714,8.464684014869889,246,0.4796747967479675,159.27642276422765,157.5487804878049,5.365853658536586,8.257590284435922,0.1631823461091754,11.65214866434377,5.094076655052248,0.8484320557491287,0.2070937304339661,0,5,2,0.4,5,1,0.2,0.2,3,2,1,0.6666666666666666,20,172.8,0.6,0,1,1,0
1426284,2024-04-28,2024,Chennai Super Kings,Sunrisers Hyderabad,"MA Chidambaram Stadium, Chepauk, Chennai",Sunrisers Hyderabad,field,231,0.5844155844155844,162.58008658008657,153.23809523809524,5.718614718614719,7.949545233372011,174,0.4827586206896552,159.39080459770116,156.91379310344828,5.477011494252873,8.116632809790417,0.1016569637259292,3.1892819823854097,-3.675697865353044,0.2416032243618451,-0.1670875764184058,1,5,2,0.4,5,4,0.8,-0.4,20,14,6,0.7,23,165.3913043478261,0.4782608695652174,0,1,1,0
1426285,2024-04-29,2024,Delhi Capitals,Kolkata Knight Riders,"Eden Gardens, Kolkata",Delhi Capitals,bat,246,0.4593495934959349,155.41056910569105,157.08943089430895,5.369918699186992,8.163075623151668,245,0.5102040816326531,156.46938775510205,153.10204081632654,5.216326530612245,8.030686886708297,-0.0508544881367181,-1.0588186494109948,3.987390077982411,0.1535921685747467,0.1323887364433709,0,5,4,0.8,5,2,0.4,0.4,32,15,17,0.46875,14,201.42857142857142,0.5,1,0,0,1
1426286,2024-04-30,2024,Mumbai Indians,Lucknow Super Giants,"Bharat Ratna Shri Atal Bihari Vajpayee Ekana Cricket Stadium, Lucknow",Lucknow Super Giants,field,256,0.55859375,161.6328125,154.8203125,5.5625,8.006868686868687,38,0.5789473684210527,171.97368421052633,166.92105263157896,5.947368421052632,8.512189666741222,-0.0203536184210526,-10.34087171052633,-12.10074013157896,-0.3848684210526318,-0.5053209798725344,0,5,2,0.4,5,2,0.4,0.0,4,1,3,0.25,11,164.72727272727272,0.45454545454545453,0,1,1,0
1426287,2024-05-01,2024,Chennai Super Kings,Punjab Kings,"MA Chidambaram Stadium, Chepauk, Chennai",Punjab Kings,field,232,0.5862068965517241,162.79310344827587,153.1551724137931,5.737068965517241,7.946030562802832,241,0.4564315352697095,160.82157676348547,159.03734439834025,5.236514522821577,8.353663409495441,0.1297753612820145,1.9715266847904047,-5.882171984547142,0.5005544426956643,-0.4076328466926089,0,5,3,0.6,5,1,0.2,0.39999999999999997,28,15,13,0.5357142857142857,24,167.33333333333334,0.4583333333333333,0,1,1,0
1426288,2024-05-02,2024,Sunrisers Hyderabad,Rajasthan Royals,"Rajiv Gandhi International Stadium, Uppal, Hyderabad",Sunrisers Hyderabad,bat,175,0.48,159.24571428571429,157.21142857142857,5.462857142857143,8.130424075259814,213,0.5211267605633803,158.2488262910798,155.6431924882629,5.211267605633803,8.110250346570986,-0.0411267605633802,0.9968879946344772,1.568236083165658,0.2515895372233396,0.0201737286888281,1,5,3,0.6,5,4,0.8,-0.20000000000000007,18,9,9,0.5,10,186.9,0.4,1,0,0,1
1426289,2024-05-03,2024,Kolkata Knight Riders,Mumbai Indians,"Wankhede Stadium, Mumbai",Mumbai Indians,field,246,0.5121951219512195,156.47154471544715,153.08943089430895,5.2317073170731705,8.028424231657489,257,0.556420233463035,161.56420233463035,154.76653696498053,5.560311284046692,8.004091762811914,-0.0442251115118155,-5.0926576191832,-1.6771060706715843,-0.3286039669735219,0.024332468845575,1,5,3,0.6,5,1,0.2,0.39999999999999997,32,9,23,0.28125,42,176.52380952380952,0.6190476190476191,0,1,1,0
1426290,2024-05-04,2024,Gujarat Titans,Royal Challengers Bengaluru,"M Chinnaswamy Stadium, Bengaluru",Royal Challengers Bengaluru,field,43,0.627906976744186,171.6046511627907,163.46511627906978,6.093023255813954,8.540704738760631,247,0.4817813765182186,159.4655870445344,157.7165991902834,5.3562753036437245,8.264771401294155,0.1461256002259674,12.1390641182563,5.748517088786372,0.7367479521702291,0.2759333374664763,0,5,2,0.4,5,2,0.4,0.0,4,2,2,0.5,11,199.54545454545453,0.45454545454545453,0,1,1,0
1426291,2024-05-05,2024,Chennai Super Kings,Punjab Kings,"Himachal Pradesh Cricket Association Stadium, Dharamsala",Punjab Kings,field,233,0.5836909871244635,162.78969957081546,153.1931330472103,5.725321888412017,7.950551286334782,242,0.4586776859504132,160.8305785123967,159.02892561983472,5.239669421487603,8.351477449455675,0.1250133011740503,1.9591210584187595,-5.835792572624428,0.4856524669244138,-0.4009261631208938,1,5,2,0.4,5,2,0.4,0.0,29,15,14,0.5172413793103449,2,200.0,0.5,0,1,1,0
1426292,2024-05-05,2024,Kolkata Knight Riders,Lucknow Super Giants,"Bharat Ratna Shri Atal Bihari Vajpayee Ekana Cricket Stadium, Lucknow",Lucknow Super Giants,field,247,0.5141700404858299,156.52226720647772,153.04453441295547,5.251012145748988,8.02647038006936,39,0.5897435897435898,171.28205128205127,166.28205128205127,5.948717948717949,8.475277717272926,-0.0755735492577598,-14.759784075573547,-13.2375168690958,-0.6977058029689607,-0.448807337203565,1,5,3,0.6,5,3,0.6,0.0,4,1,3,0.25,12,163.0,0.5,0,1,1,0
1426293,2024-05-06,2024,Sunrisers Hyderabad,Mumbai Indians,"Wankhede Stadium, Mumbai",Mumbai Indians,field,176,0.4829545454545454,159.48295454545453,157.45454545454547,5.471590909090909,8.14140919551486,258,0.5542635658914729,161.5,154.81782945736435,5.573643410852713,8.005946216803073,-0.0713090204369273,-2.0170454545454675,2.6367159971811134,-0.1020525017618041,0.1354629787117875,0,5,3,0.6,5,1,0.2,0.39999999999999997,22,10,12,0.45454545454545453,43,176.34883720930233,0.6046511627906976,0,1,1,0
1426294,2024-05-07,2024,Delhi Capitals,Rajasthan Royals,"Arun Jaitley Stadium, Delhi",Rajasthan Royals,field,247,0.4574898785425101,155.40080971659918,157.07692307692307,5.3603238866396765,8.166853774908784,214,0.5186915887850467,158.44392523364485,155.8551401869159,5.200934579439252,8.119694879493629,-0.0612017102425366,-3.0431155170456634,1.2217828900071763,0.1593893072004242,0.0471588954151549,1,5,3,0.6,5,4,0.8,-0.20000000000000007,28,13,15,0.4642857142857143,14,196.85714285714286,0.5,0,1,1,0
1426295,2024-05-08,2024,Lucknow Super Giants,Sunrisers Hyderabad,"Rajiv Gandhi International Stadium, Uppal, Hyderabad",Lucknow Super Giants,bat,40,0.575,170.425,168.0,5.95,8.558692421991084,177,0.480225988700565,159.5593220338983,157.4689265536723,5.457627118644068,8.14692843571881,0.0947740112994349,10.865677966101714,10.531073446327696,0.4923728813559327,0.411763986272275,0,5,3,0.6,5,2,0.4,0.19999999999999996,3,3,0,1.0,11,188.1818181818182,0.36363636363636365,1,0,0,1
1426296,2024-05-09,2024,Royal Challengers Bengaluru,Punjab Kings,"Himachal Pradesh Cricket Association Stadium, Dharamsala",Punjab Kings,field,248,0.4838709677419355,159.43548387096774,157.66129032258064,5.366935483870968,8.261145151066977,243,0.4567901234567901,160.74074074074073,159.0576131687243,5.255144032921811,8.351254996578918,0.0270808442851454,-1.3052568697729896,-1.3963228461436472,0.1117914509491573,-0.0901098455119413,1,5,3,0.6,5,2,0.4,0.19999999999999996,32,15,17,0.46875,3,189.0,0.3333333333333333,0,1,1,0
1426297,2024-05-10,2024,Gujarat Titans,Chennai Super Kings,"Narendra Modi Stadium, Ahmedabad",Chennai Super Kings,field,44,0.6136363636363636,171.04545454545453,163.1818181818182,6.090909090909091,8.58167330677291,234,0.5854700854700855,162.80769230769232,153.11111111111111,5.739316239316239,7.945004989466682,0.0281662781662781,8.237762237762212,10.070707070707073,0.3515928515928515,0.6366683173062277,1,5,1,0.2,5,2,0.4,-0.2,6,3,3,0.5,21,174.0952380952381,0.6190476190476191,0,1,1,0
1426298,2024-05-11,2024,Kolkata Knight Riders,Mumbai Indians,"Eden Gardens, Kolkata",Mumbai Indians,field,248,0.5161290322580645,156.83870967741936,152.9758064516129,5.270161290322581,8.027790513137013,259,0.555984555984556,161.54826254826256,154.8803088803089,5.583011583011583,8.008118449509233,-0.0398555237264914,-4.709552870843197,-1.9045024286959915,-0.312850292689002,0.0196720636277802,1,5,4,0.8,5,1,0.2,0.6000000000000001,33,10,23,0.30303030303030304,15,198.2,0.5333333333333333,0,1,1,0
1426299,2024-05-12,2024,Rajasthan Royals,Chennai Super Kings,"MA Chidambaram Stadium, Chepauk, Chennai",Rajasthan Royals,bat,215,0.5162790697674419,158.64186046511628,156.15813953488373,5.2046511627906975,8.133893240733263,235,0.5829787234042553,162.94893617021276,153.43829787234043,5.723404255319149,7.960702064245502,-0.0666996536368134,-4.30707570509648,2.7198416625433026,-0.5187530925284518,0.1731911764877614,0,5,3,0.6,5,2,0.4,0.19999999999999996,28,13,15,0.4642857142857143,25,167.12,0.48,1,0,0,1
1426300,2024-05-12,2024,Royal Challengers Bengaluru,Delhi Capitals,"M Chinnaswamy Stadium, Bengaluru",Delhi Capitals,field,249,0.4859437751004016,159.76305220883535,157.74698795180723,5.381526104417671,8.269263157894736,248,0.4596774193548387,155.66532258064515,157.23790322580646,5.370967741935484,8.173910005589715,0.0262663557455629,4.097729628190194,0.5090847260007649,0.010558362482187,0.0953531523050212,1,5,4,0.8,5,3,0.6,0.20000000000000007,29,18,11,0.6206896551724138,12,195.16666666666666,0.5,0,1,1,0
1426302,2024-05-14,2024,Delhi Capitals,Lucknow Super Giants,"Arun Jaitley Stadium, Delhi",Lucknow Super Giants,field,249,0.4578313253012048,155.6024096385542,157.3453815261044,5.377510040160643,8.17819370999165,41,0.5609756097560976,170.29268292682926,167.9512195121951,5.804878048780488,8.66345145732858,-0.1031442844548928,-14.690273288275051,-10.605837986090703,-0.4273680086198448,-0.4852577473369308,1,5,3,0.6,5,2,0.4,0.19999999999999996,4,1,3,0.25,15,198.46666666666667,0.4666666666666667,0,1,1,0
1426303,2024-05-15,2024,Rajasthan Royals,Punjab Kings,"Barsapara Cricket Stadium, Guwahati",Rajasthan Royals,bat,216,0.5138888888888888,158.5601851851852,156.10185185185185,5.199074074074074,8.13265798359865,244,0.4549180327868852,160.8237704918033,159.38934426229508,5.262295081967213,8.366954713327834,0.0589708561020035,-2.263585306618097,-3.2874924104432357,-0.063221007893139,-0.2342967297291842,0,5,2,0.4,5,2,0.4,0.0,27,16,11,0.5925925925925926,2,198.0,0.0,1,0,0,1
1426305,2024-05-17,2024,Lucknow Super Giants,Mumbai Indians,"Wankhede Stadium, Mumbai",Mumbai Indians,field,42,0.5476190476190477,170.73809523809524,168.9047619047619,5.761904761904762,8.706074861934956,260,0.5538461538461539,161.46153846153845,154.87692307692308,5.584615384615384,8.013266558323107,-0.0062271062271062,9.276556776556788,14.02783882783882,0.1772893772893775,0.6928083036118498,1,5,1,0.2,5,1,0.2,0.0,5,4,1,0.8,44,176.27272727272728,0.6136363636363636,0,1,1,0
1426306,2024-05-18,2024,Royal Challengers Bengaluru,Chennai Super Kings,"M Chinnaswamy Stadium, Bengaluru",Chennai Super Kings,field,250,0.488,159.872,157.672,5.392,8.265175607199021,236,0.5847457627118644,162.8728813559322,153.38135593220338,5.720338983050848,7.956478733926805,-0.0967457627118644,-3.0008813559321936,4.29064406779662,-0.3283389830508474,0.3086968732722157,1,5,5,1.0,5,3,0.6,0.4,31,10,21,0.3225806451612903,13,194.53846153846155,0.46153846153846156,0,1,1,0
1426307,2024-05-19,2024,Punjab Kings,Sunrisers Hyderabad,"Rajiv Gandhi International Stadium, Uppal, Hyderabad",Punjab Kings,bat,245,0.4571428571428571,160.75918367346938,159.32244897959183,5.273469387755102,8.36174086900639,178,0.4831460674157303,159.6011235955056,157.5056179775281,5.443820224719101,8.147236886714778,-0.0260032102728732,1.1580600779637678,1.8168310020637364,-0.1703508369639985,0.2145039822916121,0,5,3,0.6,5,2,0.4,0.19999999999999996,22,7,15,0.3181818181818182,12,186.25,0.4166666666666667,1,0,0,1
1426309,2024-05-21,2024,Sunrisers Hyderabad,Kolkata Knight Riders,"Narendra Modi Stadium, Ahmedabad",Sunrisers Hyderabad,bat,179,0.4860335195530726,159.91061452513966,157.79329608938548,5.435754189944134,8.160543169451534,249,0.5180722891566265,156.8393574297189,152.89156626506025,5.27710843373494,8.028258118937158,-0.0320387696035538,3.0712570954207763,4.90172982432523,0.1586457562091947,0.1322850505143762,0,5,3,0.6,5,4,0.8,-0.20000000000000007,26,9,17,0.34615384615384615,22,176.6818181818182,0.5909090909090909,1,0,0,1
1426310,2024-05-22,2024,Royal Challengers Bengaluru,Rajasthan Royals,"Narendra Modi Stadium, Ahmedabad",Rajasthan Royals,field,251,0.4900398406374502,160.10358565737053,157.78486055776892,5.394422310756972,8.269497128936836,217,0.511520737327189,158.49308755760367,156.05069124423963,5.1981566820276495,8.130697506903038,-0.0214808966897387,1.6104980997668576,1.7341693135292928,0.1962656287293223,0.1387996220337974,0,5,5,1.0,5,1,0.2,0.8,28,15,13,0.5357142857142857,23,175.91304347826087,0.6086956521739131,0,1,1,0
1426311,2024-05-24,2024,Sunrisers Hyderabad,Rajasthan Royals,"MA Chidambaram Stadium, Chepauk, Chennai",Rajasthan Royals,field,180,0.4833333333333333,159.90555555555557,157.77777777777777,5.416666666666667,8.173053863494651,218,0.5137614678899083,158.56422018348624,156.11467889908258,5.211009174311927,8.13246246365845,-0.0304281345565749,1.3413353720693235,1.6630988786951946,0.2056574923547405,0.0405913998362006,1,5,3,0.6,5,1,0.2,0.39999999999999997,19,10,9,0.5263157894736842,26,166.1153846153846,0.5,0,1,1,0
1426312,2024-05-26,2024,Sunrisers Hyderabad,Kolkata Knight Riders,"MA Chidambaram Stadium, Chepauk, Chennai",Sunrisers Hyderabad,bat,181,0.4861878453038674,159.9889502762431,157.6685082872928,5.425414364640884,8.165768515427535,250,0.52,156.868,152.916,5.292,8.02877244565788,-0.0338121546961326,3.120950276243093,4.752508287292812,0.1334143646408838,0.1369960697696548,0,5,3,0.6,5,5,1.0,-0.4,27,9,18,0.3333333333333333,27,166.44444444444446,0.48148148148148145,1,0,0,1
