match_id,date,season,team_a,team_b,venue,toss_winner,toss_decision,team_a_matches,team_a_win_rate,team_a_runs_per_match,team_a_runs_conceded_per_match,team_a_wickets_per_match,team_a_bowling_economy,team_b_matches,team_b_win_rate,team_b_runs_per_match,team_b_runs_conceded_per_match,team_b_wickets_per_match,team_b_bowling_economy,win_rate_difference,runs_per_match_difference,runs_conceded_difference,wickets_per_match_difference,economy_difference,team_a_won
335982,2008-04-18,2007/08,Royal Challengers Bengaluru,Kolkata Knight Riders,M Chinnaswamy Stadium,Royal Challengers Bengaluru,field,0,0.5,0.0,0.0,0.0,0.0,0,0.5,0.0,0.0,0.0,0.0,0.0,0.0,0.0,0.0,0.0,0
335983,2008-04-19,2007/08,Punjab Kings,Chennai Super Kings,"Punjab Cricket Association Stadium, Mohali",Chennai Super Kings,bat,0,0.5,0.0,0.0,0.0,0.0,0,0.5,0.0,0.0,0.0,0.0,0.0,0.0,0.0,0.0,0.0,0
335984,2008-04-19,2007/08,Delhi Capitals,Rajasthan Royals,Feroz Shah Kotla,Rajasthan Royals,bat,0,0.5,0.0,0.0,0.0,0.0,0,0.5,0.0,0.0,0.0,0.0,0.0,0.0,0.0,0.0,0.0,1
335985,2008-04-20,2007/08,Mumbai Indians,Royal Challengers Bengaluru,Wankhede Stadium,Mumbai Indians,bat,0,0.5,0.0,0.0,0.0,0.0,1,0.0,82.0,214.0,3.0,10.7,0.5,-82.0,-214.0,-3.0,-10.7,0
335986,2008-04-20,2007/08,Kolkata Knight Riders,Deccan Chargers,Eden Gardens,Deccan Chargers,bat,1,1.0,222.0,74.0,9.0,4.8791208791208796,0,0.5,0.0,0.0,0.0,0.0,0.5,222.0,74.0,9.0,4.8791208791208796,1
335987,2008-04-21,2007/08,Rajasthan Royals,Punjab Kings,Sawai Mansingh Stadium,Punjab Kings,bat,1,0.0,129.0,132.0,1.0,8.703296703296704,1,0.0,207.0,238.0,5.0,11.9,0.0,-78.0,-106.0,-4.0,-3.196703296703296,1
335988,2008-04-22,2007/08,Deccan Chargers,Delhi Capitals,"Rajiv Gandhi International Stadium, Uppal",Deccan Chargers,bat,1,0.0,110.0,100.0,5.0,5.2631578947368425,1,1.0,132.0,125.0,6.0,6.25,-1.0,-22.0,-25.0,-1.0,-0.9868421052631575,0
335989,2008-04-23,2007/08,Chennai Super Kings,Mumbai Indians,"MA Chidambaram Stadium, Chepauk",Mumbai Indians,field,1,1.0,240.0,201.0,4.0,10.05,1,0.0,165.0,166.0,5.0,8.440677966101694,1.0,75.0,35.0,-1.0,1.609322033898307,1
335990,2008-04-24,2007/08,Deccan Chargers,Rajasthan Royals,"Rajiv Gandhi International Stadium, Uppal",Rajasthan Royals,field,2,0.0,126.0,119.0,3.0,7.4375,2,0.5,148.5,148.5,4.0,8.485714285714286,-0.5,-22.5,-29.5,-1.0,-1.0482142857142858,0
335991,2008-04-25,2007/08,Punjab Kings,Mumbai Indians,"Punjab Cricket Association Stadium, Mohali",Mumbai Indians,field,2,0.0,186.5,202.0,4.5,10.585152838427948,2,0.0,183.5,183.5,4.5,9.252100840336135,0.0,3.0,18.5,0.0,1.333051998091813,1
335992,2008-04-26,2007/08,Royal Challengers Bengaluru,Rajasthan Royals,M Chinnaswamy Stadium,Rajasthan Royals,field,2,0.5,124.0,185.5,4.0,9.275,3,0.6666666666666666,171.33333333333334,170.33333333333334,4.333333333333333,9.290909090909091,-0.16666666666666663,-47.33333333333334,15.166666666666657,-0.33333333333333304,-0.01590909090909065,0
335993,2008-04-26,2007/08,Chennai Super Kings,Kolkata Knight Riders,"MA Chidambaram Stadium, Chepauk",Kolkata Knight Riders,bat,2,1.0,224.0,199.0,5.0,9.95,2,1.0,167.0,90.0,9.0,5.320197044334975,0.0,57.0,109.0,-4.0,4.629802955665024,1
335994,2008-04-27,2007/08,Mumbai Indians,Deccan Chargers,Dr DY Patil Sports Academy,Deccan Chargers,field,3,0.0,161.0,182.33333333333334,5.666666666666667,9.167597765363128,3,0.0,155.33333333333334,150.33333333333334,4.0,8.70096463022508,0.0,5.666666666666657,32.0,1.666666666666667,0.46663313513804816,0
335995,2008-04-27,2007/08,Punjab Kings,Delhi Capitals,"Punjab Cricket Association Stadium, Mohali",Delhi Capitals,bat,3,0.3333333333333333,185.0,173.0,5.666666666666667,8.922636103151863,2,1.0,137.5,132.0,6.5,6.6,-0.6666666666666667,47.5,41.0,-0.833333333333333,2.322636103151863,1
335996,2008-04-28,2007/08,Royal Challengers Bengaluru,Chennai Super Kings,M Chinnaswamy Stadium,Chennai Super Kings,bat,3,0.3333333333333333,127.66666666666667,169.33333333333334,3.6666666666666665,8.886297376093294,3,1.0,200.0,181.0,6.0,9.05,-0.6666666666666667,-72.33333333333333,-11.666666666666657,-2.3333333333333335,-0.16370262390670653,0
335997,2008-04-29,2007/08,Kolkata Knight Riders,Mumbai Indians,Eden Gardens,Kolkata Knight Riders,bat,3,0.6666666666666666,160.33333333333334,109.0,6.333333333333333,6.432786885245902,4,0.0,159.25,174.25,4.25,9.703016241299304,0.6666666666666666,1.0833333333333428,-65.25,2.083333333333333,-3.2702293560534024,0
335998,2008-04-30,2007/08,Delhi Capitals,Royal Challengers Bengaluru,Feroz Shah Kotla,Royal Challengers Bengaluru,field,3,0.6666666666666666,144.33333333333334,141.0,6.0,7.109243697478991,4,0.25,137.0,171.25,3.75,8.876889848812095,0.41666666666666663,7.333333333333343,-30.25,2.25,-1.7676461513331034,1
335999,2008-05-01,2007/08,Deccan Chargers,Punjab Kings,"Rajiv Gandhi International Stadium, Uppal",Punjab Kings,field,4,0.25,155.25,149.75,4.75,8.338747099767982,4,0.5,179.25,168.0,6.0,8.597014925373134,-0.25,-24.0,-18.25,-1.25,-0.25826782560515227,0
336000,2008-05-01,2007/08,Rajasthan Royals,Kolkata Knight Riders,Sawai Mansingh Stadium,Rajasthan Royals,bat,4,0.75,163.0,161.0,4.75,8.586666666666666,4,0.5,154.5,115.0,5.5,6.618705035971223,0.25,8.5,46.0,-0.75,1.9679616306954433,1
336001,2008-05-02,2007/08,Chennai Super Kings,Delhi Capitals,"MA Chidambaram Stadium, Chepauk",Chennai Super Kings,bat,4,1.0,194.5,176.75,6.5,8.874476987447698,4,0.75,156.0,148.25,5.75,7.459119496855346,0.25,38.5,28.5,0.75,1.4153574905923527,0
336003,2008-05-03,2007/08,Punjab Kings,Kolkata Knight Riders,"Punjab Cricket Association Stadium, Mohali",Punjab Kings,bat,5,0.6,176.8,166.8,6.2,8.495755517826824,5,0.4,153.8,129.8,5.6,7.251396648044692,0.19999999999999996,23.0,37.0,0.6000000000000005,1.2443588697821317,1
336034,2008-05-03,2007/08,Royal Challengers Bengaluru,Deccan Chargers,M Chinnaswamy Stadium,Deccan Chargers,field,5,0.2,145.8,174.8,3.8,8.994854202401372,5,0.2,157.0,152.8,4.2,8.426470588235293,0.0,-11.199999999999989,22.0,-0.40000000000000036,0.5683836141660787,1
336004,2008-05-04,2007/08,Mumbai Indians,Delhi Capitals,Dr DY Patil Sports Academy,Delhi Capitals,field,5,0.2,155.0,165.6,4.8,9.01633393829401,5,0.8,159.2,152.4,5.6,7.658291457286432,-0.6000000000000001,-4.199999999999989,13.199999999999989,-0.7999999999999998,1.3580424810075788,1
336005,2008-05-04,2007/08,Rajasthan Royals,Chennai Super Kings,Sawai Mansingh Stadium,Chennai Super Kings,bat,5,0.8,169.6,158.0,5.2,8.389380530973451,5,0.8,189.4,175.4,5.6,8.888513513513512,0.0,-19.80000000000001,-17.400000000000006,-0.39999999999999947,-0.4991329825400612,1
336006,2008-05-05,2007/08,Royal Challengers Bengaluru,Punjab Kings,M Chinnaswamy Stadium,Punjab Kings,field,6,0.3333333333333333,147.5,170.5,4.166666666666667,8.731152204836414,6,0.6666666666666666,177.0,167.0,6.166666666666667,8.479548660084626,-0.3333333333333333,-29.5,3.5,-2.0,0.2516035447517879,0
336007,2008-05-06,2007/08,Chennai Super Kings,Deccan Chargers,"MA Chidambaram Stadium, Chepauk",Deccan Chargers,field,6,0.6666666666666666,176.0,163.5,5.0,8.68141592920354,6,0.16666666666666666,156.33333333333334,152.83333333333334,4.666666666666667,8.286144578313253,0.5,19.666666666666657,10.666666666666657,0.33333333333333304,0.39527135089028675,0
336008,2008-05-07,2007/08,Mumbai Indians,Rajasthan Royals,Dr DY Patil Sports Academy,Mumbai Indians,field,6,0.3333333333333333,156.16666666666666,159.66666666666666,5.5,8.656626506024097,6,0.8333333333333334,159.66666666666666,149.0,6.0,7.899852724594992,-0.5,-3.5,10.666666666666657,-0.5,0.7567737814291045,1
336009,2008-05-08,2007/08,Delhi Capitals,Chennai Super Kings,Feroz Shah Kotla,Chennai Super Kings,field,6,0.6666666666666666,154.83333333333334,153.0,6.0,7.682008368200837,7,0.5714285714285714,171.42857142857142,161.14285714285714,4.714285714285714,8.610687022900763,0.09523809523809523,-16.595238095238074,-8.142857142857139,1.2857142857142856,-0.9286786546999259,0
336010,2008-05-08,2007/08,Kolkata Knight Riders,Royal Challengers Bengaluru,Eden Gardens,Kolkata Knight Riders,bat,6,0.3333333333333333,156.33333333333334,136.33333333333334,5.5,7.470319634703197,7,0.2857142857142857,144.42857142857142,162.85714285714286,4.142857142857143,8.413284132841328,0.047619047619047616,11.904761904761926,-26.52380952380952,1.3571428571428568,-0.9429644981381315,1
336011,2008-05-09,2007/08,Rajasthan Royals,Deccan Chargers,Sawai Mansingh Stadium,Rajasthan Royals,field,7,0.7142857142857143,151.57142857142858,142.28571428571428,5.571428571428571,7.7610389610389605,7,0.2857142857142857,155.14285714285714,150.71428571428572,5.0,8.073979591836736,0.4285714285714286,-3.571428571428555,-8.428571428571445,0.5714285714285712,-0.3129406307977751,1
336013,2008-05-10,2007/08,Chennai Super Kings,Punjab Kings,"MA Chidambaram Stadium, Chepauk",Punjab Kings,field,8,0.625,173.5,163.625,4.75,8.668874172185431,7,0.7142857142857143,169.85714285714286,161.0,6.285714285714286,8.196363636363637,-0.0892857142857143,3.642857142857139,2.625,-1.5357142857142856,0.4725105358217938,1
336014,2008-05-11,2007/08,Deccan Chargers,Kolkata Knight Riders,"Rajiv Gandhi International Stadium, Uppal",Kolkata Knight Riders,bat,8,0.25,153.25,149.375,4.625,8.147727272727273,7,0.42857142857142855,152.42857142857142,134.14285714285714,5.0,7.48207171314741,-0.17857142857142855,0.8214285714285836,15.232142857142861,-0.375,0.6656555595798634,0
336015,2008-05-11,2007/08,Rajasthan Royals,Delhi Capitals,Sawai Mansingh Stadium,Rajasthan Royals,field,8,0.75,150.25,141.5,5.625,7.631460674157303,7,0.5714285714285714,159.42857142857142,157.28571428571428,5.857142857142857,7.89247311827957,0.1785714285714286,-9.178571428571416,-15.785714285714278,-0.23214285714285676,-0.261012444122267,1
336016,2008-05-12,2007/08,Punjab Kings,Royal Challengers Bengaluru,"Punjab Cricket Association Stadium, Mohali",Royal Challengers Bengaluru,bat,8,0.625,169.0,163.0,6.0,8.27936507936508,8,0.25,141.875,158.25,4.25,8.356435643564357,0.375,27.125,4.75,1.75,-0.0770705641992766,1
336017,2008-05-13,2007/08,Kolkata Knight Riders,Delhi Capitals,Eden Gardens,Kolkata Knight Riders,bat,8,0.5,158.875,139.0,5.25,7.642611683848798,8,0.5,159.0,156.375,5.625,7.892744479495268,0.0,-0.125,-17.375,-0.375,-0.2501327956464703,1
336018,2008-05-14,2007/08,Mumbai Indians,Chennai Super Kings,Wankhede Stadium,Mumbai Indians,field,7,0.42857142857142855,148.71428571428572,151.28571428571428,6.142857142857143,8.338582677165354,9,0.6666666666666666,174.33333333333334,163.44444444444446,5.222222222222222,8.602339181286549,-0.23809523809523808,-25.61904761904762,-12.15873015873018,0.9206349206349209,-0.26375650412119533,1
336020,2008-05-15,2007/08,Delhi Capitals,Deccan Chargers,Feroz Shah Kotla,Deccan Chargers,field,9,0.4444444444444444,153.55555555555554,153.44444444444446,5.555555555555555,7.7366946778711485,9,0.2222222222222222,156.33333333333334,155.33333333333334,4.444444444444445,8.388,0.2222222222222222,-2.7777777777778,-1.8888888888888857,1.1111111111111107,-0.6513053221288514,1
336021,2008-05-16,2007/08,Mumbai Indians,Kolkata Knight Riders,Wankhede Stadium,Mumbai Indians,field,8,0.5,149.875,151.5,6.125,8.244897959183673,9,0.5555555555555556,156.0,135.66666666666666,5.555555555555555,7.475510204081632,-0.05555555555555558,-6.125,15.833333333333343,0.5694444444444446,0.7693877551020405,1
336022,2008-05-17,2007/08,Delhi Capitals,Punjab Kings,Feroz Shah Kotla,Delhi Capitals,bat,10,0.5,157.6,156.2,5.9,7.869017632241814,9,0.6666666666666666,166.22222222222223,160.0,6.111111111111111,8.112676056338028,-0.16666666666666663,-8.622222222222234,-3.8000000000000114,-0.21111111111111036,-0.24365842409621408,0
336023,2008-05-17,2007/08,Rajasthan Royals,Royal Challengers Bengaluru,Sawai Mansingh Stadium,Royal Challengers Bengaluru,field,9,0.7777777777777778,151.22222222222223,142.33333333333334,5.666666666666667,7.6099009900990096,9,0.2222222222222222,142.0,156.11111111111111,3.888888888888889,8.404785643070788,0.5555555555555556,9.222222222222229,-13.777777777777771,1.7777777777777781,-0.7948846529717786,1
336024,2008-05-18,2007/08,Deccan Chargers,Mumbai Indians,"Rajiv Gandhi International Stadium, Uppal",Deccan Chargers,field,10,0.2,158.9,158.9,4.3,8.512500000000001,9,0.5555555555555556,140.77777777777777,141.88888888888889,6.444444444444445,7.86652977412731,-0.35555555555555557,18.122222222222234,17.01111111111112,-2.144444444444445,0.6459702258726914,0
336025,2008-05-18,2007/08,Kolkata Knight Riders,Chennai Super Kings,Eden Gardens,Kolkata Knight Riders,bat,10,0.5,147.1,128.4,5.2,7.605133267522211,10,0.6,172.5,162.5,4.8,8.791704238052299,-0.09999999999999998,-25.400000000000006,-34.099999999999994,0.40000000000000036,-1.186570970530088,0
336026,2008-05-19,2007/08,Royal Challengers Bengaluru,Delhi Capitals,M Chinnaswamy Stadium,Delhi Capitals,field,10,0.2,141.0,159.5,3.6,8.521816562778273,11,0.45454545454545453,154.0,150.36363636363637,5.636363636363637,8.009685230024212,-0.2545454545454545,-13.0,9.136363636363626,-2.0363636363636366,0.5121313327540609,0
336027,2008-05-20,2007/08,Kolkata Knight Riders,Rajasthan Royals,Eden Gardens,Rajasthan Royals,field,11,0.45454545454545453,147.27272727272728,121.63636363636364,4.7272727272727275,7.566446748350613,10,0.8,155.8,141.3,6.0,7.502654867256637,-0.3454545454545455,-8.527272727272731,-19.66363636363637,-1.2727272727272725,0.06379188109397571,0
336028,2008-05-21,2007/08,Mumbai Indians,Punjab Kings,Wankhede Stadium,Mumbai Indians,field,10,0.6,144.5,142.6,6.4,7.8208409506398535,10,0.7,159.0,155.6,5.9,8.254641909814323,-0.09999999999999998,-14.5,-13.0,0.5,-0.43380095917446937,0
336029,2008-05-21,2007/08,Chennai Super Kings,Royal Challengers Bengaluru,"MA Chidambaram Stadium, Chepauk",Royal Challengers Bengaluru,bat,11,0.6363636363636364,161.8181818181818,160.45454545454547,4.818181818181818,8.616761594792514,11,0.18181818181818182,142.1818181818182,158.72727272727272,3.6363636363636362,8.496350364963504,0.45454545454545453,19.636363636363626,1.727272727272748,1.181818181818182,0.12041122982900987,0
336031,2008-05-23,2007/08,Punjab Kings,Deccan Chargers,"Punjab Cricket Association Stadium, Mohali",Punjab Kings,field,11,0.7272727272727273,161.72727272727272,157.36363636363637,5.818181818181818,8.302158273381295,11,0.18181818181818182,158.36363636363637,159.63636363636363,4.545454545454546,8.496774193548388,0.5454545454545454,3.3636363636363455,-2.272727272727252,1.2727272727272725,-0.1946159201670934,1
336032,2008-05-24,2007/08,Delhi Capitals,Mumbai Indians,Feroz Shah Kotla,Delhi Capitals,field,12,0.5,154.33333333333334,150.66666666666666,5.583333333333333,7.9823399558498895,11,0.5454545454545454,148.45454545454547,146.54545454545453,6.181818181818182,7.967051070840197,-0.045454545454545414,5.878787878787875,4.121212121212125,-0.5984848484848486,0.015288885009692166,1
336033,2008-05-24,2007/08,Chennai Super Kings,Rajasthan Royals,"MA Chidambaram Stadium, Chepauk",Rajasthan Royals,bat,12,0.5833333333333334,157.66666666666666,157.33333333333334,5.083333333333333,8.397331356560414,11,0.8181818181818182,155.27272727272728,141.63636363636363,6.090909090909091,7.4784,-0.23484848484848486,2.3939393939393767,15.696969696969717,-1.0075757575757578,0.9189313565604147,0
336002,2008-05-25,2007/08,Deccan Chargers,Royal Challengers Bengaluru,"Rajiv Gandhi International Stadium, Uppal",Deccan Chargers,bat,12,0.16666666666666666,159.75,160.91666666666666,4.5,8.537951363301401,12,0.25,140.83333333333334,154.66666666666666,3.9166666666666665,8.23059866962306,-0.08333333333333334,18.916666666666657,6.25,0.5833333333333335,0.3073526936783413,0
336035,2008-05-25,2007/08,Kolkata Knight Riders,Punjab Kings,Eden Gardens,Punjab Kings,bat,12,0.4166666666666667,147.25,123.66666666666667,4.666666666666667,7.675862068965517,12,0.75,163.08333333333334,158.5,5.666666666666667,8.323851203501095,-0.3333333333333333,-15.833333333333343,-34.83333333333333,-1.0,-0.6479891345355773,1
336036,2008-05-26,2007/08,Rajasthan Royals,Mumbai Indians,Sawai Mansingh Stadium,Rajasthan Royals,field,12,0.8333333333333334,159.91666666666666,146.33333333333334,6.083333333333333,7.690510948905109,12,0.5,150.75,149.08333333333334,6.0,8.05251312828207,0.33333333333333337,9.166666666666657,-2.75,0.08333333333333304,-0.36200217937696166,1
336037,2008-05-27,2007/08,Deccan Chargers,Chennai Super Kings,"Rajiv Gandhi International Stadium, Uppal",Deccan Chargers,bat,13,0.15384615384615385,160.15384615384616,161.46153846153845,4.384615384615385,8.561522773623386,13,0.5384615384615384,161.0,161.07692307692307,4.923076923076923,8.552756977535738,-0.3846153846153846,-0.8461538461538396,0.3846153846153868,-0.5384615384615383,0.008765796087647715,0
336012,2008-05-28,2007/08,Royal Challengers Bengaluru,Mumbai Indians,M Chinnaswamy Stadium,Mumbai Indians,field,13,0.3076923076923077,143.15384615384616,155.23076923076923,4.230769230769231,8.219959266802444,13,0.46153846153846156,150.30769230769232,148.07692307692307,5.769230769230769,7.949070887818308,-0.15384615384615385,-7.15384615384616,7.15384615384616,-1.5384615384615383,0.27088837898413676,0
336019,2008-05-28,2007/08,Punjab Kings,Rajasthan Royals,"Punjab Cricket Association Stadium, Mohali",Rajasthan Royals,field,13,0.6923076923076923,163.92307692307693,159.3846153846154,5.769230769230769,8.349227669576898,13,0.8461538461538461,158.84615384615384,145.76923076923077,6.153846153846154,7.630872483221476,-0.15384615384615385,5.076923076923094,13.615384615384613,-0.384615384615385,0.7183551863554216,1
336038,2008-05-30,2007/08,Delhi Capitals,Rajasthan Royals,Wankhede Stadium,Delhi Capitals,field,13,0.5384615384615384,156.23076923076923,152.53846153846155,5.6923076923076925,8.044624746450305,14,0.7857142857142857,160.35714285714286,151.07142857142858,5.857142857142857,7.8819875776397526,-0.24725274725274726,-4.126373626373635,1.4670329670329636,-0.16483516483516425,0.16263716881055235,0
336039,2008-05-31,2007/08,Chennai Super Kings,Punjab Kings,Wankhede Stadium,Punjab Kings,bat,14,0.5714285714285714,160.07142857142858,159.42857142857142,5.071428571428571,8.427942101950913,14,0.7142857142857143,168.0,160.64285714285714,5.857142857142857,8.386575512740832,-0.1428571428571429,-7.928571428571416,-1.2142857142857224,-0.7857142857142856,0.04136658921008163,1
336040,2008-06-01,2007/08,Chennai Super Kings,Rajasthan Royals,Dr DY Patil Sports Academy,Rajasthan Royals,field,15,0.6,157.13333333333333,156.13333333333333,5.2,8.222352252779404,15,0.8,162.46666666666667,146.6,6.066666666666666,7.729349736379613,-0.20000000000000007,-5.333333333333343,9.533333333333331,-0.8666666666666663,0.4930025163997902,0
392181,2009-04-18,2009,Chennai Super Kings,Mumbai Indians,Newlands,Chennai Super Kings,field,16,0.5625,157.5,156.1875,5.1875,8.19792236194642,14,0.5,148.57142857142858,146.21428571428572,5.928571428571429,7.8680333119795,0.0625,8.928571428571416,9.973214285714278,-0.7410714285714288,0.32988904996692003,0
392182,2009-04-18,2009,Royal Challengers Bengaluru,Rajasthan Royals,Newlands,Royal Challengers Bengaluru,bat,14,0.2857142857142857,141.64285714285714,153.0,4.0,8.191204588910134,16,0.8125,162.5625,147.4375,6.0,7.747126436781609,-0.5267857142857143,-20.91964285714286,5.5625,-2.0,0.4440781521285251,1
392183,2009-04-19,2009,Delhi Capitals,Punjab Kings,Newlands,Delhi Capitals,field,14,0.5,151.28571428571428,155.28571428571428,5.857142857142857,8.157598499061914,15,0.6666666666666666,164.26666666666668,157.66666666666666,5.533333333333333,8.356890459363958,-0.16666666666666663,-12.980952380952402,-2.3809523809523796,0.32380952380952355,-0.19929196030204466,1
392184,2009-04-19,2009,Deccan Chargers,Kolkata Knight Riders,Newlands,Kolkata Knight Riders,bat,14,0.14285714285714285,159.21428571428572,160.28571428571428,4.285714285714286,8.483931947069943,13,0.46153846153846156,149.3846153846154,127.46153846153847,4.6923076923076925,7.7671874999999995,-0.3186813186813187,9.829670329670336,32.82417582417581,-0.4065934065934069,0.7167444470699431,1
392185,2009-04-20,2009,Royal Challengers Bengaluru,Chennai Super Kings,St George's Park,Chennai Super Kings,bat,15,0.3333333333333333,141.06666666666666,146.6,4.333333333333333,7.9481927710843365,17,0.5294117647058824,156.8235294117647,156.58823529411765,5.235294117647059,8.194971780400206,-0.19607843137254904,-15.756862745098033,-9.988235294117658,-0.9019607843137258,-0.24677900931586905,0
392186,2009-04-21,2009,Punjab Kings,Kolkata Knight Riders,Kingsmead,Kolkata Knight Riders,field,16,0.625,160.5,151.3125,5.1875,8.411117544875507,14,0.42857142857142855,145.92857142857142,125.71428571428571,4.428571428571429,7.770419426048565,0.19642857142857145,14.571428571428584,25.598214285714292,0.7589285714285712,0.6406981188269425,0
392188,2009-04-22,2009,Royal Challengers Bengaluru,Deccan Chargers,Newlands,Deccan Chargers,bat,16,0.3125,137.6875,148.3125,4.3125,7.998876404494381,15,0.2,155.53333333333333,156.06666666666666,4.6,8.238123167155425,0.11249999999999999,-17.84583333333333,-7.754166666666663,-0.28749999999999964,-0.23924676266104417,0
392189,2009-04-23,2009,Chennai Super Kings,Delhi Capitals,Kingsmead,Delhi Capitals,bat,18,0.5555555555555556,158.05555555555554,152.66666666666666,5.444444444444445,8.078392944634983,15,0.5333333333333333,145.06666666666666,151.6,5.8,8.165170556552962,0.022222222222222254,12.98888888888888,1.0666666666666629,-0.3555555555555552,-0.08677761191797906,0
392190,2009-04-23,2009,Kolkata Knight Riders,Rajasthan Royals,Newlands,Kolkata Knight Riders,field,15,0.4666666666666667,141.46666666666667,127.8,4.466666666666667,7.776876267748479,17,0.7647058823529411,156.41176470588235,146.47058823529412,6.117647058823529,7.673343605546996,-0.29803921568627445,-14.94509803921568,-18.67058823529412,-1.6509803921568622,0.10353266220148338,0
392191,2009-04-24,2009,Royal Challengers Bengaluru,Punjab Kings,Kingsmead,Royal Challengers Bengaluru,bat,17,0.29411764705882354,139.0,149.94117647058823,4.352941176470588,8.049473684210525,17,0.5882352941176471,160.35294117647058,147.05882352941177,4.9411764705882355,8.412787436904093,-0.29411764705882354,-21.35294117647058,2.882352941176464,-0.5882352941176476,-0.3633137526935677,0
392192,2009-04-25,2009,Deccan Chargers,Mumbai Indians,Kingsmead,Deccan Chargers,bat,16,0.25,157.3125,156.25,4.75,8.21917808219178,15,0.5333333333333333,149.66666666666666,145.8,6.0,7.8060678167757285,-0.2833333333333333,7.645833333333343,10.449999999999989,-1.25,0.41311026541605145,1
392194,2009-04-26,2009,Royal Challengers Bengaluru,Delhi Capitals,St George's Park,Royal Challengers Bengaluru,bat,18,0.2777777777777778,140.61111111111111,151.0,4.222222222222222,8.097318768619662,16,0.5625,147.8125,153.0,5.8125,8.201005025125628,-0.2847222222222222,-7.201388888888886,-2.0,-1.5902777777777777,-0.10368625650596641,0
392195,2009-04-26,2009,Punjab Kings,Rajasthan Royals,Newlands,Punjab Kings,bat,18,0.6111111111111112,161.05555555555554,147.94444444444446,5.166666666666667,8.396216500262742,18,0.7777777777777778,157.05555555555554,147.05555555555554,6.222222222222222,7.661360347322721,-0.16666666666666663,4.0,0.8888888888889142,-1.0555555555555554,0.7348561529400213,1
392196,2009-04-27,2009,Chennai Super Kings,Deccan Chargers,Kingsmead,Deccan Chargers,field,19,0.5263157894736842,159.21052631578948,154.57894736842104,5.421052631578948,8.154558074965294,17,0.29411764705882354,157.94117647058823,155.88235294117646,4.882352941176471,8.174807197943444,0.23219814241486064,1.2693498452012477,-1.3034055727554232,0.5386996904024768,-0.02024912297815007,0
392197,2009-04-27,2009,Kolkata Knight Riders,Mumbai Indians,St George's Park,Mumbai Indians,bat,16,0.4375,142.9375,130.125,4.5625,7.79288833437305,16,0.5,150.0625,146.625,6.125,7.815657967795668,-0.0625,-7.125,-16.5,-1.5625,-0.022769633422618618,0
392198,2009-04-28,2009,Delhi Capitals,Rajasthan Royals,SuperSport Park,Delhi Capitals,bat,17,0.5882352941176471,147.94117647058823,152.47058823529412,5.823529411764706,8.138147566718995,19,0.7368421052631579,154.68421052631578,146.42105263157896,6.105263157894737,7.611491108071135,-0.14860681114551078,-6.7430340557275485,6.049535603715157,-0.28173374613003155,0.5266564586478601,0
392199,2009-04-29,2009,Royal Challengers Bengaluru,Kolkata Knight Riders,Kingsmead,Kolkata Knight Riders,bat,19,0.2631578947368421,141.05263157894737,150.94736842105263,4.2105263157894735,8.07887323943662,17,0.4117647058823529,140.11764705882354,133.41176470588235,4.588235294117647,7.8978525827045845,-0.14860681114551083,0.9349845201238338,17.535603715170282,-0.3777089783281733,0.18102065673203516,1
392200,2009-04-29,2009,Punjab Kings,Mumbai Indians,Kingsmead,Punjab Kings,bat,19,0.631578947368421,159.89473684210526,145.78947368421052,5.2631578947368425,8.215521502718735,17,0.5294117647058824,152.23529411764707,143.58823529411765,6.294117647058823,7.736925515055468,0.10216718266253866,7.659442724458188,2.2012383900928683,-1.030959752321981,0.47859598766326705,1
392201,2009-04-30,2009,Deccan Chargers,Delhi Capitals,SuperSport Park,Delhi Capitals,field,18,0.3333333333333333,158.55555555555554,156.38888888888889,4.944444444444445,8.17917675544794,18,0.5555555555555556,147.66666666666666,152.0,5.722222222222222,8.11468116658428,-0.22222222222222227,10.888888888888886,4.388888888888886,-0.7777777777777777,0.06449558886366091,0
392202,2009-04-30,2009,Chennai Super Kings,Rajasthan Royals,SuperSport Park,Rajasthan Royals,field,20,0.5,159.5,155.2,5.35,8.175592625109745,20,0.75,154.3,146.1,6.15,7.57976653696498,-0.25,5.199999999999989,9.099999999999994,-0.8000000000000007,0.595826088144765,1
392203,2009-05-01,2009,Kolkata Knight Riders,Mumbai Indians,Buffalo Park,Mumbai Indians,bat,18,0.3888888888888889,140.05555555555554,133.83333333333334,4.611111111111111,7.846905537459284,18,0.5,150.22222222222223,141.88888888888889,6.333333333333333,7.612518628912071,-0.1111111111111111,-10.166666666666686,-8.055555555555543,-1.7222222222222223,0.23438690854721234,0
392204,2009-05-01,2009,Royal Challengers Bengaluru,Punjab Kings,Kingsmead,Royal Challengers Bengaluru,bat,20,0.3,141.15,150.25,4.3,8.013333333333334,20,0.65,157.85,144.2,5.35,8.074661689220719,-0.35000000000000003,-16.69999999999999,6.050000000000011,-1.0499999999999998,-0.061328355887384944,1
392205,2009-05-02,2009,Deccan Chargers,Rajasthan Royals,St George's Park,Deccan Chargers,bat,19,0.3157894736842105,158.0,155.8421052631579,4.894736842105263,8.160771704180064,21,0.7142857142857143,152.95238095238096,146.85714285714286,6.095238095238095,7.605425400739827,-0.3984962406015038,5.047619047619037,8.984962406015029,-1.200501253132832,0.5553463034402366,0
392206,2009-05-02,2009,Chennai Super Kings,Delhi Capitals,New Wanderers Stadium,Delhi Capitals,field,21,0.5238095238095238,159.71428571428572,153.57142857142858,5.523809523809524,8.079331941544885,19,0.5789473684210527,147.78947368421052,151.3684210526316,5.7894736842105265,8.052263182454503,-0.05513784461152882,11.924812030075202,2.203007518796994,-0.2656641604010028,0.027068759090381533,1
392207,2009-05-03,2009,Punjab Kings,Kolkata Knight Riders,St George's Park,Kolkata Knight Riders,bat,21,0.6190476190476191,156.85714285714286,144.14285714285714,5.523809523809524,8.025629695095006,19,0.3684210526315789,140.0,134.26315789473685,4.684210526315789,7.801223241590214,0.25062656641604014,16.85714285714286,9.87969924812029,0.8395989974937343,0.22440645350479205,1
392208,2009-05-03,2009,Royal Challengers Bengaluru,Mumbai Indians,New Wanderers Stadium,Mumbai Indians,bat,21,0.3333333333333333,141.33333333333334,149.14285714285714,4.380952380952381,7.9291139240506325,19,0.5263157894736842,150.10526315789474,141.68421052631578,6.2631578947368425,7.572433192686357,-0.19298245614035087,-8.771929824561397,7.458646616541358,-1.882205513784461,0.3566807313642757,1
392209,2009-05-04,2009,Chennai Super Kings,Deccan Chargers,Buffalo Park,Chennai Super Kings,bat,22,0.5454545454545454,159.86363636363637,153.0909090909091,5.636363636363637,8.034990059642146,20,0.3,157.15,155.0,4.95,8.104575163398692,0.24545454545454543,2.7136363636363683,-1.9090909090909065,0.6863636363636365,-0.06958510375654647,1
392210,2009-05-05,2009,Punjab Kings,Rajasthan Royals,Kingsmead,Punjab Kings,field,22,0.6363636363636364,156.72727272727272,144.4090909090909,5.409090909090909,7.999160721779269,22,0.7272727272727273,152.45454545454547,146.45454545454547,6.045454545454546,7.572267920094007,-0.09090909090909094,4.272727272727252,-2.045454545454561,-0.6363636363636367,0.4268928016852618,0
392211,2009-05-05,2009,Delhi Capitals,Kolkata Knight Riders,Kingsmead,Kolkata Knight Riders,bat,20,0.55,147.65,151.75,5.95,8.046840477242599,20,0.35,140.65,135.15,4.65,7.789625360230548,0.20000000000000007,7.0,16.599999999999994,1.2999999999999998,0.25721511701205113,1
392212,2009-05-06,2009,Deccan Chargers,Mumbai Indians,SuperSport Park,Deccan Chargers,bat,21,0.2857142857142857,154.42857142857142,155.85714285714286,4.857142857142857,8.13167701863354,20,0.5,150.05,142.05,6.0,7.6030330062444245,-0.2142857142857143,4.378571428571405,13.80714285714285,-1.1428571428571432,0.5286440123891163,1
392213,2009-05-07,2009,Royal Challengers Bengaluru,Rajasthan Royals,SuperSport Park,Rajasthan Royals,field,22,0.36363636363636365,141.72727272727272,149.04545454545453,4.363636363636363,7.901204819277108,23,0.7391304347826086,155.0,145.6086956521739,6.130434782608695,7.517396184062851,-0.375494071146245,-13.27272727272728,3.4367588932806257,-1.766798418972332,0.38380863521425734,0
392214,2009-05-07,2009,Chennai Super Kings,Punjab Kings,SuperSport Park,Chennai Super Kings,bat,23,0.5652173913043478,160.65217391304347,150.6086956521739,5.826086956521739,7.9846331156358055,23,0.6086956521739131,155.69565217391303,147.30434782608697,5.3478260869565215,8.121454254894127,-0.0434782608695653,4.956521739130437,3.304347826086939,0.47826086956521774,-0.13682113925832162,1
392215,2009-05-08,2009,Delhi Capitals,Mumbai Indians,Buffalo Park,Mumbai Indians,bat,21,0.5714285714285714,148.0952380952381,151.85714285714286,5.809523809523809,8.029374737725556,21,0.47619047619047616,148.9047619047619,141.95238095238096,5.9523809523809526,7.5723962743437765,0.09523809523809523,-0.809523809523796,9.904761904761898,-0.14285714285714324,0.4569784633817795,1
392216,2009-05-09,2009,Deccan Chargers,Punjab Kings,De Beers Diamond Oval,Punjab Kings,field,22,0.3181818181818182,154.0,154.4090909090909,5.0,8.040236686390532,24,0.5833333333333334,156.45833333333334,148.66666666666666,5.25,8.199157410953656,-0.2651515151515152,-2.458333333333343,5.742424242424249,-0.25,-0.15892072456312434,0
392217,2009-05-09,2009,Chennai Super Kings,Rajasthan Royals,De Beers Diamond Oval,Rajasthan Royals,bat,24,0.5833333333333334,161.66666666666666,151.45833333333334,5.708333333333333,8.045001844337882,24,0.75,153.0,143.91666666666666,6.25,7.419978517722878,-0.16666666666666663,8.666666666666657,7.541666666666686,-0.541666666666667,0.625023326615004,1
392218,2009-05-10,2009,Royal Challengers Bengaluru,Mumbai Indians,St George's Park,Mumbai Indians,bat,23,0.34782608695652173,140.1304347826087,147.2173913043478,4.260869565217392,7.874418604651162,22,0.45454545454545453,147.4090909090909,140.86363636363637,5.818181818181818,7.512727272727273,-0.1067193675889328,-7.278656126482218,6.35375494071144,-1.5573122529644268,0.3616913319238897,0
392219,2009-05-10,2009,Delhi Capitals,Kolkata Knight Riders,New Wanderers Stadium,Delhi Capitals,field,22,0.5909090909090909,146.72727272727272,150.0909090909091,5.863636363636363,7.915301638034358,21,0.3333333333333333,141.28571428571428,136.14285714285714,4.476190476190476,7.811475409836065,0.2575757575757576,5.441558441558442,13.948051948051955,1.387445887445887,0.1038262281982929,1
392220,2009-05-11,2009,Deccan Chargers,Rajasthan Royals,De Beers Diamond Oval,Deccan Chargers,bat,23,0.30434782608695654,154.6086956521739,154.7826086956522,5.0,8.048229088168803,25,0.72,152.48,143.72,6.12,7.4261109197382025,-0.41565217391304343,2.128695652173917,11.062608695652187,-1.12,0.6221181684306005,1
392221,2009-05-12,2009,Royal Challengers Bengaluru,Kolkata Knight Riders,SuperSport Park,Royal Challengers Bengaluru,field,24,0.3333333333333333,140.16666666666666,147.625,4.166666666666667,7.873333333333333,22,0.3181818181818182,140.45454545454547,135.3181818181818,4.409090909090909,7.769464984775989,0.015151515151515138,-0.28787878787881027,12.306818181818187,-0.2424242424242422,0.10386834855734417,1
392222,2009-05-12,2009,Punjab Kings,Mumbai Indians,SuperSport Park,Punjab Kings,bat,25,0.6,156.96,149.36,5.2,8.203588429146832,23,0.4782608695652174,147.82608695652175,140.6086956521739,5.826086956521739,7.477456647398844,0.12173913043478257,9.133913043478259,8.751304347826107,-0.6260869565217391,0.7261317817479878,0
392223,2009-05-13,2009,Deccan Chargers,Delhi Capitals,Kingsmead,Deccan Chargers,field,24,0.3333333333333333,155.08333333333334,153.0,5.083333333333333,7.950920245398773,23,0.6086956521739131,145.7826086956522,148.82608695652175,5.956521739130435,7.829965688143347,-0.27536231884057977,9.300724637681157,4.173913043478251,-0.8731884057971016,0.12095455725542603,0
392224,2009-05-14,2009,Royal Challengers Bengaluru,Chennai Super Kings,Kingsmead,Chennai Super Kings,bat,25,0.36,141.6,148.44,4.16,7.895744680851064,25,0.6,160.84,150.8,5.72,7.990109501942777,-0.24,-19.24000000000001,-2.3600000000000136,-1.5599999999999996,-0.09436482109171251,1
392225,2009-05-14,2009,Mumbai Indians,Rajasthan Royals,Kingsmead,Rajasthan Royals,bat,24,0.5,146.75,139.54166666666666,5.833333333333333,7.40110497237569,26,0.6923076923076923,150.96153846153845,144.53846153846155,6.153846153846154,7.458815745947734,-0.1923076923076923,-4.211538461538453,-4.99679487179489,-0.32051282051282115,-0.057710773572043905,0
392226,2009-05-15,2009,Delhi Capitals,Punjab Kings,OUTsurance Oval,Punjab Kings,field,24,0.625,146.91666666666666,149.20833333333334,6.083333333333333,7.838744983582634,26,0.5769230769230769,155.5,148.30769230769232,5.076923076923077,8.17815482502651,0.04807692307692313,-8.583333333333343,0.900641025641022,1.0064102564102564,-0.3394098414438762,0
392227,2009-05-16,2009,Chennai Super Kings,Mumbai Indians,St George's Park,Mumbai Indians,bat,26,0.5769230769230769,159.6153846153846,149.8846153846154,5.769230769230769,7.928789420142421,25,0.48,146.6,139.64,5.84,7.3883597883597885,0.09692307692307689,13.015384615384619,10.2446153846154,-0.0707692307692307,0.5404296317826329,1
392228,2009-05-16,2009,Deccan Chargers,Kolkata Knight Riders,New Wanderers Stadium,Deccan Chargers,field,25,0.32,155.32,153.76,5.12,7.9778623313732275,23,0.30434782608695654,141.8695652173913,137.04347826086956,4.391304347826087,7.831055900621118,0.015652173913043466,13.450434782608681,16.716521739130428,0.7286956521739132,0.1468064307521093,1
392229,2009-05-17,2009,Deccan Chargers,Punjab Kings,New Wanderers Stadium,Deccan Chargers,field,26,0.34615384615384615,155.73076923076923,153.8846153846154,5.076923076923077,7.972766522749917,27,0.5925925925925926,154.2962962962963,147.0,5.185185185185185,8.07527975584944,-0.24643874643874641,1.4344729344729217,6.884615384615387,-0.10826210826210847,-0.10251323309952287,0
392230,2009-05-17,2009,Delhi Capitals,Rajasthan Royals,OUTsurance Oval,Delhi Capitals,bat,25,0.6,145.84,148.08,6.0,7.777310924369748,27,0.7037037037037037,150.74074074074073,144.37037037037038,6.185185185185185,7.443666454487588,-0.10370370370370374,-4.90074074074073,3.7096296296296316,-0.18518518518518512,0.33364446988215946,1
392231,2009-05-18,2009,Chennai Super Kings,Kolkata Knight Riders,SuperSport Park,Chennai Super Kings,bat,27,0.5925925925925926,159.2962962962963,149.66666666666666,5.666666666666667,7.900293255131965,24,0.2916666666666667,142.625,138.125,4.291666666666667,7.846153846153846,0.3009259259259259,16.671296296296305,11.541666666666657,1.375,0.054139408978119086,0
392232,2009-05-19,2009,Royal Challengers Bengaluru,Delhi Capitals,New Wanderers Stadium,Delhi Capitals,bat,26,0.38461538461538464,141.23076923076923,147.57692307692307,4.3076923076923075,7.835942818243703,26,0.6153846153846154,146.0,147.3846153846154,6.115384615384615,7.725806451612903,-0.23076923076923078,-4.769230769230774,0.1923076923076792,-1.8076923076923075,0.11013636663080018,1
392233,2009-05-20,2009,Kolkata Knight Riders,Rajasthan Royals,Kingsmead,Kolkata Knight Riders,field,25,0.32,144.48,139.84,4.16,7.900564971751413,28,0.6785714285714286,150.21428571428572,144.53571428571428,6.071428571428571,7.443899448191294,-0.3585714285714286,-5.734285714285733,-4.695714285714274,-1.911428571428571,0.4566655235601189,1
392234,2009-05-20,2009,Chennai Super Kings,Punjab Kings,Kingsmead,Chennai Super Kings,bat,28,0.5714285714285714,160.32142857142858,150.92857142857142,5.535714285714286,7.951081843838193,28,0.6071428571428571,153.57142857142858,146.46428571428572,5.25,8.017595307917889,-0.0357142857142857,6.75,4.464285714285694,0.2857142857142856,-0.06651346407969516,1
392235,2009-05-21,2009,Delhi Capitals,Mumbai Indians,SuperSport Park,Delhi Capitals,field,27,0.5925925925925926,145.55555555555554,146.88888888888889,6.0,7.7009708737864075,26,0.46153846153846156,146.6153846153846,139.46153846153845,5.730769230769231,7.374915254237288,0.131054131054131,-1.0598290598290703,7.427350427350433,0.26923076923076916,0.32605561954911977,1
392236,2009-05-21,2009,Royal Challengers Bengaluru,Deccan Chargers,SuperSport Park,Royal Challengers Bengaluru,bat,27,0.4074074074074074,141.0,147.07407407407408,4.407407407407407,7.79136690647482,27,0.3333333333333333,154.88888888888889,153.11111111111111,5.111111111111111,7.9220696263174695,0.07407407407407407,-13.888888888888886,-6.037037037037038,-0.7037037037037033,-0.1307027198426498,1
392237,2009-05-22,2009,Delhi Capitals,Deccan Chargers,SuperSport Park,Deccan Chargers,field,28,0.6071428571428571,146.28571428571428,147.10714285714286,6.035714285714286,7.699065420560748,28,0.32142857142857145,155.0,153.67857142857142,5.071428571428571,7.941556444171024,0.28571428571428564,-8.714285714285722,-6.571428571428555,0.9642857142857144,-0.24249102361027575,0
392238,2009-05-23,2009,Royal Challengers Bengaluru,Chennai Super Kings,New Wanderers Stadium,Royal Challengers Bengaluru,field,28,0.42857142857142855,142.03571428571428,147.21428571428572,4.428571428571429,7.782252989301448,29,0.5862068965517241,158.79310344827587,148.79310344827587,5.620689655172414,7.824116047144153,-0.15763546798029554,-16.757389162561594,-1.5788177339901495,-1.1921182266009849,-0.041863057842705054,1
392239,2009-05-24,2009,Royal Challengers Bengaluru,Deccan Chargers,New Wanderers Stadium,Royal Challengers Bengaluru,field,29,0.4482758620689655,142.27586206896552,147.06896551724137,4.448275862068965,7.7592480291085515,29,0.3448275862068966,154.9655172413793,153.48275862068965,5.103448275862069,7.922278255710471,0.10344827586206895,-12.68965517241378,-6.413793103448285,-0.6551724137931041,-0.16303022660191946,0
419106,2010-03-12,2009/10,Deccan Chargers,Kolkata Knight Riders,Dr DY Patil Sports Academy,Deccan Chargers,field,30,0.36666666666666664,154.56666666666666,152.63333333333333,5.233333333333333,7.869951303351475,26,0.34615384615384615,142.84615384615384,138.26923076923077,4.230769230769231,7.772972972972973,0.020512820512820495,11.720512820512823,14.364102564102552,1.0025641025641026,0.09697833037850234,0
419107,2010-03-13,2009/10,Mumbai Indians,Rajasthan Royals,Brabourne Stadium,Mumbai Indians,bat,27,0.4444444444444444,147.2962962962963,140.44444444444446,5.7407407407407405,7.447463175122749,29,0.6551724137931034,148.51724137931035,142.9655172413793,6.0344827586206895,7.361941402781889,-0.210727969348659,-1.220945083014044,-2.5210727969348454,-0.293742017879949,0.08552177234086056,1
419108,2010-03-13,2009/10,Punjab Kings,Delhi Capitals,"Punjab Cricket Association Stadium, Mohali",Delhi Capitals,field,29,0.5862068965517241,151.44827586206895,145.24137931034483,5.310344827586207,7.924741298212606,29,0.5862068965517241,146.51724137931035,147.3448275862069,5.9655172413793105,7.731604342581424,0.0,4.931034482758605,-2.103448275862064,-0.6551724137931032,0.19313695563118216,0
419109,2010-03-14,2009/10,Kolkata Knight Riders,Royal Challengers Bengaluru,Eden Gardens,Kolkata Knight Riders,field,27,0.37037037037037035,143.5185185185185,138.5185185185185,4.333333333333333,7.751295336787565,30,0.43333333333333335,142.1,146.86666666666667,4.5,7.734347571679345,-0.062962962962963,1.4185185185185105,-8.34814814814817,-0.16666666666666696,0.016947765108219492,1
419110,2010-03-14,2009/10,Chennai Super Kings,Deccan Chargers,"MA Chidambaram Stadium, Chepauk",Deccan Chargers,bat,30,0.5666666666666667,158.36666666666667,148.7,5.566666666666666,7.821741671537112,31,0.3548387096774194,154.41935483870967,152.6451612903226,5.193548387096774,7.862641927443921,0.21182795698924728,3.9473118279570087,-3.945161290322602,0.3731182795698924,-0.04090025590680835,0
419111,2010-03-15,2009/10,Rajasthan Royals,Delhi Capitals,"Sardar Patel Stadium, Motera",Delhi Capitals,field,30,0.6333333333333333,150.5,145.16666666666666,6.0,7.467847956559018,30,0.6,146.5,146.9,6.033333333333333,7.695576251455181,0.033333333333333326,4.0,-1.7333333333333485,-0.033333333333333215,-0.22772829489616342,0
419112,2010-03-16,2009/10,Royal Challengers Bengaluru,Punjab Kings,M Chinnaswamy Stadium,Punjab Kings,bat,31,0.41935483870967744,141.8709677419355,146.48387096774192,4.451612903225806,7.709677419354839,30,0.5666666666666667,151.13333333333333,145.1,5.266666666666667,7.8954050785973395,-0.14731182795698922,-9.262365591397838,1.3838709677419274,-0.8150537634408606,-0.18572765924250056,1
419113,2010-03-16,2009/10,Kolkata Knight Riders,Chennai Super Kings,Eden Gardens,Chennai Super Kings,bat,28,0.39285714285714285,143.25,138.28571428571428,4.428571428571429,7.70547263681592,31,0.5483870967741935,158.38709677419354,149.8709677419355,5.419354838709677,7.87012987012987,-0.15552995391705066,-15.137096774193537,-11.58525345622121,-0.9907834101382482,-0.16465723331394955,0
419114,2010-03-17,2009/10,Delhi Capitals,Mumbai Indians,Feroz Shah Kotla,Delhi Capitals,field,31,0.6129032258064516,146.3548387096774,146.70967741935485,5.967741935483871,7.673790776152981,28,0.4642857142857143,149.60714285714286,142.85714285714286,5.678571428571429,7.559055118110237,0.14861751152073732,-3.252304147465452,3.8525345622119858,0.28917050691244217,0.11473565804274433,0
419115,2010-03-18,2009/10,Royal Challengers Bengaluru,Rajasthan Royals,M Chinnaswamy Stadium,Royal Challengers Bengaluru,field,32,0.4375,143.8125,148.15625,4.40625,7.7848932676518885,31,0.6129032258064516,150.19354838709677,144.93548387096774,5.935483870967742,7.484175458078845,-0.17540322580645162,-6.381048387096769,3.2207661290322562,-1.529233870967742,0.30071780957304384,1
419116,2010-03-19,2009/10,Delhi Capitals,Chennai Super Kings,Feroz Shah Kotla,Delhi Capitals,bat,32,0.59375,145.53125,148.8125,5.96875,7.772578890097933,32,0.5625,158.5625,148.4375,5.53125,7.79114270092947,0.03125,-13.03125,0.375,0.4375,-0.018563810831536465,0
419117,2010-03-19,2009/10,Deccan Chargers,Punjab Kings,Barabati Stadium,Punjab Kings,field,32,0.375,155.53125,152.84375,5.3125,7.865451621549182,31,0.5483870967741935,152.80645161290323,146.96774193548387,5.161290322580645,7.990646009938615,-0.1733870967741935,2.7247983870967687,5.876008064516128,0.15120967741935498,-0.1251943883894331,1
419118,2010-03-20,2009/10,Rajasthan Royals,Kolkata Knight Riders,"Sardar Patel Stadium, Motera",Rajasthan Royals,bat,32,0.59375,148.375,143.3125,5.75,7.505728314238953,29,0.3793103448275862,142.06896551724137,139.10344827586206,4.379310344827586,7.7205741626794255,0.2144396551724138,6.306034482758633,4.209051724137936,1.3706896551724137,-0.21484584844047294,1
419119,2010-03-20,2009/10,Mumbai Indians,Royal Challengers Bengaluru,Brabourne Stadium,Mumbai Indians,bat,29,0.4827586206896552,151.9655172413793,141.9655172413793,5.758620689655173,7.544899205864387,33,0.45454545454545453,142.27272727272728,146.3939393939394,4.515151515151516,7.6824807845216005,0.028213166144200663,9.692789968652022,-4.428422152560103,1.243469174503657,-0.13758157865721365,0
419120,2010-03-21,2009/10,Deccan Chargers,Delhi Capitals,Barabati Stadium,Deccan Chargers,bat,33,0.3939393939393939,155.96969696969697,152.87878787878788,5.363636363636363,7.860296027005972,33,0.5757575757575758,146.72727272727272,150.0,5.909090909090909,7.834344500131891,-0.18181818181818188,9.24242424242425,2.8787878787878753,-0.5454545454545459,0.02595152687408042,1
419121,2010-03-21,2009/10,Chennai Super Kings,Punjab Kings,"MA Chidambaram Stadium, Chepauk",Chennai Super Kings,field,33,0.5757575757575758,159.5151515151515,149.42424242424244,5.545454545454546,7.831127580730546,32,0.53125,153.15625,147.6875,5.15625,8.00790737079921,0.0445075757575758,6.358901515151501,1.7367424242424363,0.38920454545454586,-0.17677979006866362,0
419122,2010-03-22,2009/10,Mumbai Indians,Kolkata Knight Riders,Brabourne Stadium,Kolkata Knight Riders,bat,30,0.4666666666666667,151.93333333333334,142.33333333333334,5.633333333333334,7.559752139274122,30,0.36666666666666664,141.8,139.9,4.433333333333334,7.736405529953917,0.10000000000000003,10.133333333333326,2.433333333333337,1.2000000000000002,-0.17665339067979513,1
419123,2010-03-23,2009/10,Royal Challengers Bengaluru,Chennai Super Kings,M Chinnaswamy Stadium,Chennai Super Kings,field,34,0.47058823529411764,142.64705882352942,146.23529411764707,4.647058823529412,7.662984844592859,34,0.5588235294117647,159.08823529411765,149.26470588235293,5.588235294117647,7.803690415171706,-0.08823529411764708,-16.441176470588232,-3.0294117647058556,-0.9411764705882346,-0.1407055705788478,1
419124,2010-03-24,2009/10,Punjab Kings,Rajasthan Royals,"Punjab Cricket Association Stadium, Mohali",Punjab Kings,field,33,0.5454545454545454,152.93939393939394,147.45454545454547,5.242424242424242,7.9639934533551555,33,0.6060606060606061,148.96969696969697,142.9090909090909,5.696969696969697,7.473851030110935,-0.06060606060606066,3.969696969696969,4.545454545454561,-0.45454545454545503,0.49014242324422064,0
419125,2010-03-25,2009/10,Chennai Super Kings,Mumbai Indians,"Brabourne Stadium, Mumbai",Mumbai Indians,field,35,0.5428571428571428,158.4,149.6,5.571428571428571,7.811039283938339,31,0.4838709677419355,152.06451612903226,142.4516129032258,5.548387096774194,7.550869193502422,0.05898617511520732,6.3354838709677495,7.148387096774201,0.023041474654377225,0.260170090435917,0
419128,2010-03-25,2009/10,Royal Challengers Bengaluru,Delhi Capitals,M Chinnaswamy Stadium,Royal Challengers Bengaluru,field,35,0.4857142857142857,143.45714285714286,145.77142857142857,4.685714285714286,7.62820832295041,34,0.5588235294117647,147.14705882352942,150.58823529411765,5.882352941176471,7.85476860138072,-0.07310924369747901,-3.6899159663865646,-4.81680672268908,-1.196638655462185,-0.22656027843031,0
419126,2010-03-26,2009/10,Rajasthan Royals,Deccan Chargers,"Sardar Patel Stadium, Motera",Deccan Chargers,bat,34,0.6176470588235294,149.97058823529412,143.11764705882354,5.794117647058823,7.484234811586773,34,0.4117647058823529,156.41176470588235,153.02941176470588,5.411764705882353,7.861495844875346,0.20588235294117652,-6.441176470588232,-9.911764705882348,0.3823529411764701,-0.3772610332885735,1
419127,2010-03-27,2009/10,Punjab Kings,Kolkata Knight Riders,"Punjab Cricket Association Stadium, Mohali",Kolkata Knight Riders,bat,34,0.5294117647058824,152.91176470588235,148.41176470588235,5.176470588235294,7.996830427892235,31,0.3548387096774194,142.2258064516129,140.41935483870967,4.387096774193548,7.759358288770054,0.174573055028463,10.685958254269451,7.992409867172682,0.7893738140417463,0.2374721391221808,0
419129,2010-03-28,2009/10,Rajasthan Royals,Chennai Super Kings,"Sardar Patel Stadium, Motera",Rajasthan Royals,bat,35,0.6285714285714286,150.0,143.14285714285714,5.8,7.475752300422781,36,0.5277777777777778,159.0,150.36111111111111,5.555555555555555,7.852514506769825,0.10079365079365077,-9.0,-7.2182539682539755,0.24444444444444446,-0.3767622063470446,1
419130,2010-03-28,2009/10,Deccan Chargers,Mumbai Indians,Dr DY Patil Sports Academy,Deccan Chargers,field,35,0.4,156.17142857142858,152.85714285714286,5.285714285714286,7.8966789667896675,32,0.5,152.96875,143.5,5.4375,7.592174152659134,-0.09999999999999998,3.202678571428578,9.357142857142861,-0.1517857142857144,0.3045048141305333,0
419131,2010-03-29,2009/10,Delhi Capitals,Kolkata Knight Riders,Feroz Shah Kotla,Delhi Capitals,bat,35,0.5714285714285714,148.17142857142858,150.71428571428572,5.885714285714286,7.851649714710989,32,0.375,143.5,140.5,4.4375,7.738382099827883,0.1964285714285714,4.671428571428578,10.214285714285722,1.4482142857142861,0.11326761488310577,1
419132,2010-03-30,2009/10,Mumbai Indians,Punjab Kings,Brabourne Stadium,Mumbai Indians,field,33,0.5151515151515151,153.54545454545453,142.9090909090909,5.575757575757576,7.575903614457832,35,0.5142857142857142,152.65714285714284,149.17142857142858,5.171428571428572,8.019969278033795,0.0008658008658009031,0.8883116883116884,-6.262337662337671,0.4043290043290044,-0.4440656635759632,1
419133,2010-03-31,2009/10,Chennai Super Kings,Royal Challengers Bengaluru,"MA Chidambaram Stadium, Chepauk",Royal Challengers Bengaluru,bat,37,0.5135135135135135,159.02702702702703,151.05405405405406,5.5675675675675675,7.87922932330827,36,0.4722222222222222,144.08333333333334,146.77777777777777,4.611111111111111,7.670941204935882,0.04129129129129128,14.943693693693689,4.276276276276292,0.9564564564564568,0.2082881183723888,1
419134,2010-03-31,2009/10,Delhi Capitals,Rajasthan Royals,Feroz Shah Kotla,Delhi Capitals,bat,36,0.5833333333333334,148.97222222222223,150.19444444444446,5.944444444444445,7.81546615273428,36,0.6388888888888888,150.75,143.52777777777777,5.75,7.4865974402318285,-0.05555555555555547,-1.7777777777777715,6.666666666666686,0.19444444444444464,0.32886871250245164,1
419135,2010-04-01,2009/10,Kolkata Knight Riders,Deccan Chargers,Eden Gardens,Kolkata Knight Riders,bat,33,0.36363636363636365,143.3030303030303,141.6060606060606,4.424242424242424,7.775374376039934,36,0.3888888888888889,155.47222222222223,153.36111111111111,5.333333333333333,7.915412186379928,-0.02525252525252525,-12.169191919191917,-11.75505050505052,-0.9090909090909092,-0.14003781033999463,1
419136,2010-04-02,2009/10,Punjab Kings,Royal Challengers Bengaluru,"Punjab Cricket Association Stadium, Mohali",Punjab Kings,bat,36,0.5,152.94444444444446,149.52777777777777,5.194444444444445,8.028337061894108,37,0.4594594594594595,144.54054054054055,147.02702702702703,4.621621621621622,7.6872350447479985,0.040540540540540515,8.40390390390391,2.50075075075074,0.5728228228228227,0.34110201714610966,0
419137,2010-04-03,2009/10,Chennai Super Kings,Rajasthan Royals,"MA Chidambaram Stadium, Chepauk",Chennai Super Kings,bat,38,0.5263157894736842,159.10526315789474,151.28947368421052,5.5,7.88254113345521,37,0.6216216216216216,149.94594594594594,144.6216216216216,5.72972972972973,7.534850973949777,-0.09530583214793742,9.159317211948803,6.667852062588906,-0.22972972972972983,0.3476901595054329,1
419138,2010-04-03,2009/10,Mumbai Indians,Deccan Chargers,Brabourne Stadium,Mumbai Indians,bat,34,0.5294117647058824,153.85294117647058,143.2058823529412,5.647058823529412,7.578210116731517,37,0.3783783783783784,155.51351351351352,154.0,5.351351351351352,7.941463414634146,0.15103338632750396,-1.660572337042936,-10.794117647058812,0.29570747217806037,-0.36325329790262906,1
419139,2010-04-04,2009/10,Kolkata Knight Riders,Punjab Kings,Eden Gardens,Kolkata Knight Riders,bat,34,0.38235294117647056,144.41176470588235,142.0,4.4411764705882355,7.774557165861514,37,0.4864864864864865,153.7027027027027,150.3783783783784,5.135135135135135,8.067665538907685,-0.10413354531001595,-9.290937996820361,-8.378378378378386,-0.6939586645468996,-0.293108373046171,0
419140,2010-04-04,2009/10,Delhi Capitals,Royal Challengers Bengaluru,Feroz Shah Kotla,Delhi Capitals,bat,37,0.5945945945945946,150.02702702702703,149.40540540540542,6.0,7.7914023960535586,38,0.47368421052631576,145.57894736842104,147.8421052631579,4.605263157894737,7.720568025652772,0.12091038406827886,4.448079658605991,1.5633001422475274,1.3947368421052628,0.070834370400787,1
419141,2010-04-05,2009/10,Deccan Chargers,Rajasthan Royals,"Vidarbha Cricket Association Stadium, Jamtha",Rajasthan Royals,bat,38,0.3684210526315789,154.44736842105263,154.57894736842104,5.342105263157895,7.964745762711864,38,0.6052631578947368,151.8684210526316,147.18421052631578,5.684210526315789,7.659895001141292,-0.2368421052631579,2.5789473684210407,7.39473684210526,-0.3421052631578947,0.304850761570572,0
419142,2010-04-06,2009/10,Chennai Super Kings,Mumbai Indians,"MA Chidambaram Stadium, Chepauk",Chennai Super Kings,bat,39,0.5384615384615384,161.33333333333334,152.87179487179486,5.487179487179487,7.9564056939501775,35,0.5428571428571428,154.54285714285714,142.31428571428572,5.742857142857143,7.537452711223202,-0.00439560439560438,6.790476190476198,10.557509157509145,-0.25567765567765566,0.41895298272697534,1
419143,2010-04-07,2009/10,Rajasthan Royals,Punjab Kings,Sawai Mansingh Stadium,Punjab Kings,bat,39,0.6153846153846154,152.05128205128204,147.35897435897436,5.769230769230769,7.6626666666666665,38,0.5,155.02631578947367,151.6578947368421,5.078947368421052,8.120713950211368,0.11538461538461542,-2.9750337381916268,-4.298920377867745,0.690283400809717,-0.45804728354470114,1
419144,2010-04-07,2009/10,Kolkata Knight Riders,Delhi Capitals,Eden Gardens,Kolkata Knight Riders,bat,35,0.37142857142857144,146.0,143.68571428571428,4.371428571428571,7.866006256517205,38,0.6052631578947368,150.92105263157896,149.31578947368422,6.078947368421052,7.777930089102124,-0.2338345864661654,-4.921052631578959,-5.630075187969936,-1.7075187969924812,0.08807616741508095,1
419145,2010-04-08,2009/10,Royal Challengers Bengaluru,Deccan Chargers,M Chinnaswamy Stadium,Deccan Chargers,field,39,0.46153846153846156,145.6153846153846,148.64102564102564,4.564102564102564,7.753455193936692,39,0.358974358974359,154.51282051282053,154.53846153846155,5.435897435897436,7.958186619718309,0.10256410256410259,-8.897435897435912,-5.897435897435912,-0.8717948717948723,-0.20473142578161685,0
419146,2010-04-09,2009/10,Punjab Kings,Mumbai Indians,"Punjab Cricket Association Stadium, Mohali",Mumbai Indians,bat,39,0.48717948717948717,154.97435897435898,151.74358974358975,4.9743589743589745,8.166513339466421,36,0.5277777777777778,154.16666666666666,142.88888888888889,5.694444444444445,7.555446756425948,-0.04059829059829062,0.8076923076923208,8.854700854700866,-0.7200854700854702,0.6110665830404729,1
419147,2010-04-10,2009/10,Deccan Chargers,Chennai Super Kings,"Vidarbha Cricket Association Stadium, Jamtha",Chennai Super Kings,bat,40,0.375,155.3,155.25,5.45,7.9888507718696395,40,0.55,161.425,152.45,5.55,7.9263431542461005,-0.17500000000000004,-6.125,2.8000000000000114,-0.09999999999999964,0.06250761762353907,1
419148,2010-04-10,2009/10,Royal Challengers Bengaluru,Kolkata Knight Riders,M Chinnaswamy Stadium,Royal Challengers Bengaluru,field,40,0.45,146.575,149.525,4.525,7.797913950456324,36,0.3888888888888889,146.97222222222223,144.19444444444446,4.416666666666667,7.8731041456016175,0.061111111111111116,-0.3972222222222399,5.330555555555549,0.10833333333333339,-0.07519019514529379,1
419149,2010-04-11,2009/10,Delhi Capitals,Punjab Kings,Feroz Shah Kotla,Delhi Capitals,bat,39,0.5897435897435898,151.33333333333334,150.10256410256412,5.9743589743589745,7.81054036024016,40,0.5,155.05,151.725,5.05,8.149955237242615,0.08974358974358976,-3.7166666666666686,-1.622435897435878,0.9243589743589746,-0.3394148770024552,0
419150,2010-04-11,2009/10,Rajasthan Royals,Mumbai Indians,Sawai Mansingh Stadium,Rajasthan Royals,field,40,0.625,152.175,147.45,5.75,7.65974025974026,37,0.5135135135135135,154.16216216216216,143.27027027027026,5.648648648648648,7.571054510830755,0.11148648648648651,-1.98716216216215,4.179729729729729,0.10135135135135176,0.08868574890950498,0
419151,2010-04-12,2009/10,Deccan Chargers,Royal Challengers Bengaluru,"Vidarbha Cricket Association Stadium, Jamtha",Royal Challengers Bengaluru,field,41,0.3902439024390244,154.90243902439025,154.70731707317074,5.487804878048781,7.955267558528428,41,0.4634146341463415,146.9512195121951,149.7560975609756,4.585365853658536,7.801778907242694,-0.07317073170731708,7.951219512195138,4.951219512195138,0.9024390243902447,0.15348865128573408,1
419152,2010-04-13,2009/10,Mumbai Indians,Delhi Capitals,Brabourne Stadium,Mumbai Indians,bat,38,0.5263157894736842,154.68421052631578,143.07894736842104,5.631578947368421,7.549641286739181,40,0.575,150.325,149.025,5.9,7.760034714688653,-0.048684210526315774,4.359210526315792,-5.946052631578965,-0.2684210526315791,-0.21039342794947213,1
419153,2010-04-13,2009/10,Chennai Super Kings,Kolkata Knight Riders,"MA Chidambaram Stadium, Chepauk",Kolkata Knight Riders,bat,41,0.5365853658536586,160.85365853658536,152.0731707317073,5.512195121951219,7.907419150285352,37,0.3783783783783784,147.32432432432432,144.59459459459458,4.378378378378378,7.908351810790835,0.15820698747528017,13.529334212261034,7.478576137112725,1.133816743572841,-0.0009326605054829074,1
419154,2010-04-14,2009/10,Rajasthan Royals,Royal Challengers Bengaluru,Sawai Mansingh Stadium,Rajasthan Royals,bat,41,0.6097560975609756,151.8048780487805,148.0,5.7317073170731705,7.681012658227848,42,0.4523809523809524,146.73809523809524,149.6904761904762,4.595238095238095,7.7905824039653035,0.1573751451800232,5.066782810685254,-1.690476190476204,1.1364692218350756,-0.10956974573745537,0
419155,2010-04-15,2009/10,Chennai Super Kings,Delhi Capitals,"MA Chidambaram Stadium, Chepauk",Chennai Super Kings,bat,42,0.5476190476190477,160.42857142857142,151.61904761904762,5.571428571428571,7.876314162028447,41,0.5609756097560976,150.17073170731706,149.73170731707316,5.853658536585366,7.788961725523367,-0.013356562137049943,10.257839721254356,1.8873403019744615,-0.28222996515679455,0.08735243650508018,0
419156,2010-04-16,2009/10,Punjab Kings,Deccan Chargers,Himachal Pradesh Cricket Association Stadium,Deccan Chargers,field,41,0.5121951219512195,154.0,150.6829268292683,5.121951219512195,8.082860880941997,42,0.40476190476190477,154.8095238095238,154.21428571428572,5.571428571428571,7.927784577723378,0.10743321718931476,-0.809523809523796,-3.5313588850174256,-0.44947735191637594,0.15507630321861843,0
419157,2010-04-17,2009/10,Royal Challengers Bengaluru,Mumbai Indians,M Chinnaswamy Stadium,Royal Challengers Bengaluru,field,43,0.46511627906976744,146.3953488372093,149.11627906976744,4.604651162790698,7.753325272067714,39,0.5384615384615384,155.4102564102564,142.94871794871796,5.615384615384615,7.532087367709976,-0.073345259391771,-9.014907573047111,6.167561121049488,-1.0107334525939171,0.22123790435773838,0
419158,2010-04-17,2009/10,Kolkata Knight Riders,Rajasthan Royals,Eden Gardens,Rajasthan Royals,bat,38,0.3684210526315789,147.10526315789474,144.5,4.2894736842105265,7.957971014492753,42,0.5952380952380952,151.28571428571428,147.5952380952381,5.690476190476191,7.694249069093918,-0.2268170426065163,-4.180451127819538,-3.095238095238102,-1.4010025062656641,0.2637219453988351,1
419159,2010-04-18,2009/10,Punjab Kings,Chennai Super Kings,Himachal Pradesh Cricket Association Stadium,Chennai Super Kings,field,42,0.5,154.47619047619048,151.1904761904762,5.119047619047619,8.104658583280154,43,0.5348837209302325,159.30232558139534,150.62790697674419,5.534883720930233,7.83034454966754,-0.03488372093023251,-4.826135105204855,0.5625692137320186,-0.415836101882614,0.27431403361261353,0
419160,2010-04-18,2009/10,Delhi Capitals,Deccan Chargers,Feroz Shah Kotla,Deccan Chargers,bat,42,0.5714285714285714,149.28571428571428,148.83333333333334,5.904761904761905,7.73319587628866,43,0.4186046511627907,155.34883720930233,154.6046511627907,5.511627906976744,7.942652329749104,0.15282392026578068,-6.063122923588054,-5.7713178294573595,0.3931339977851609,-0.2094564534604446,0
419161,2010-04-19,2009/10,Kolkata Knight Riders,Mumbai Indians,Eden Gardens,Mumbai Indians,bat,39,0.38461538461538464,146.74358974358975,144.15384615384616,4.384615384615385,7.918309859154929,40,0.55,156.3,142.65,5.7,7.506248629686473,-0.1653846153846154,-9.55641025641026,1.5038461538461547,-1.3153846153846152,0.41206122946845625,1
419162,2010-04-21,2009/10,Royal Challengers Bengaluru,Mumbai Indians,Dr DY Patil Sports Academy,Mumbai Indians,bat,44,0.45454545454545453,146.11363636363637,149.97727272727272,4.590909090909091,7.791027154663518,41,0.5365853658536586,155.73170731707316,142.41463414634146,5.585365853658536,7.508358336905273,-0.08203991130820404,-9.618070953436785,7.562638580931264,-0.9944567627494454,0.28266881775824526,0
419163,2010-04-22,2009/10,Chennai Super Kings,Deccan Chargers,Dr DY Patil Sports Academy,Chennai Super Kings,bat,44,0.5454545454545454,160.11363636363637,151.52272727272728,5.4772727272727275,7.869761951603384,44,0.4318181818181818,155.11363636363637,154.0909090909091,5.5227272727272725,7.911318553092182,0.11363636363636359,5.0,-2.568181818181813,-0.04545454545454497,-0.04155660148879825,1
419164,2010-04-24,2009/10,Royal Challengers Bengaluru,Deccan Chargers,Dr DY Patil Sports Academy,Deccan Chargers,bat,45,0.4444444444444444,146.17777777777778,150.6888888888889,4.5777777777777775,7.821222606689735,45,0.4222222222222222,153.9777777777778,153.53333333333333,5.533333333333333,7.877993158494869,0.0222222222222222,-7.800000000000011,-2.8444444444444343,-0.9555555555555557,-0.05677055180513424,1
419165,2010-04-25,2009/10,Chennai Super Kings,Mumbai Indians,Dr DY Patil Sports Academy,Chennai Super Kings,bat,45,0.5555555555555556,159.7111111111111,150.42222222222222,5.5777777777777775,7.811886901327179,42,0.5476190476190477,156.4047619047619,142.52380952380952,5.642857142857143,7.504387797743418,0.007936507936507908,3.3063492063492106,7.898412698412699,-0.06507936507936574,0.3074991035837602,1
501198,2011-04-08,2011,Chennai Super Kings,Kolkata Knight Riders,"MA Chidambaram Stadium, Chepauk",Chennai Super Kings,bat,46,0.5652173913043478,159.8913043478261,150.17391304347825,5.586956521739131,7.7924421883812744,40,0.4,146.45,143.775,4.45,7.8780821917808215,0.16521739130434776,13.441304347826105,6.398913043478245,1.1369565217391306,-0.08564000339954703,1
501199,2011-04-09,2011,Deccan Chargers,Rajasthan Royals,"Rajiv Gandhi International Stadium, Uppal",Rajasthan Royals,field,46,0.41304347826086957,152.41304347826087,152.02173913043478,5.434782608695652,7.849953227315248,43,0.5813953488372093,150.8372093023256,147.25581395348837,5.604651162790698,7.704725207868586,-0.16835187057633977,1.5758341759352845,4.765925176946411,-0.16986855409504553,0.14522801944666153,0
501200,2011-04-09,2011,Kochi Tuskers Kerala,Royal Challengers Bengaluru,Nehru Stadium,Kochi Tuskers Kerala,bat,0,0.5,0.0,0.0,0.0,0.0,46,0.45652173913043476,144.8695652173913,149.17391304347825,4.695652173913044,7.749294184076793,0.043478260869565244,-144.8695652173913,-149.17391304347825,-4.695652173913044,-7.749294184076793,0
501201,2011-04-10,2011,Delhi Capitals,Mumbai Indians,Feroz Shah Kotla,Delhi Capitals,bat,43,0.5581395348837209,148.93023255813952,148.69767441860466,5.906976744186046,7.719114688128772,43,0.5348837209302325,156.1627906976744,143.04651162790697,5.604651162790698,7.522625356706074,0.023255813953488413,-7.232558139534888,5.651162790697697,0.3023255813953485,0.19648933142269787,0
501202,2011-04-10,2011,Pune Warriors,Punjab Kings,Dr DY Patil Sports Academy,Punjab Kings,bat,0,0.5,0.0,0.0,0.0,0.0,43,0.4883720930232558,155.34883720930233,152.09302325581396,5.093023255813954,8.142768209172027,0.011627906976744207,-155.34883720930233,-152.09302325581396,-5.093023255813954,-8.142768209172027,1
501203,2011-04-11,2011,Kolkata Knight Riders,Deccan Chargers,Eden Gardens,Kolkata Knight Riders,bat,41,0.3902439024390244,146.5609756097561,143.97560975609755,4.439024390243903,7.870666666666667,47,0.40425531914893614,152.08510638297872,151.74468085106383,5.361702127659575,7.840234518138512,-0.01401141670991174,-5.524130773222623,-7.769071094966279,-0.9226777374156718,0.030432148528154457,1
501204,2011-04-12,2011,Rajasthan Royals,Delhi Capitals,Sawai Mansingh Stadium,Delhi Capitals,bat,44,0.5909090909090909,150.61363636363637,147.02272727272728,5.659090909090909,7.684418926945159,44,0.5454545454545454,147.70454545454547,147.47727272727272,5.795454545454546,7.677775586669297,0.045454545454545525,2.9090909090909065,-0.45454545454543904,-0.1363636363636367,0.0066433402758621085,1
501205,2011-04-12,2011,Royal Challengers Bengaluru,Mumbai Indians,M Chinnaswamy Stadium,Mumbai Indians,field,47,0.46808510638297873,145.2340425531915,149.36170212765958,4.702127659574468,7.752622860298178,44,0.5454545454545454,154.86363636363637,141.95454545454547,5.659090909090909,7.477254588986432,-0.07736943907156668,-9.629593810444874,7.407156673114116,-0.9569632495164413,0.2753682713117458,0
501206,2011-04-13,2011,Punjab Kings,Chennai Super Kings,"Punjab Cricket Association Stadium, Mohali",Punjab Kings,field,44,0.4772727272727273,154.36363636363637,151.1818181818182,5.045454545454546,8.148632094732543,47,0.574468085106383,159.74468085106383,150.17021276595744,5.574468085106383,7.785990071704357,-0.09719535783365574,-5.381044487427459,1.0116054158607426,-0.529013539651837,0.3626420230281857,1
501207,2011-04-13,2011,Pune Warriors,Kochi Tuskers Kerala,Dr DY Patil Sports Academy,Kochi Tuskers Kerala,bat,1,1.0,113.0,108.0,7.0,5.445378151260504,1,0.0,161.0,158.0,4.0,8.464285714285714,1.0,-48.0,-50.0,3.0,-3.018907563025209,1
501208,2011-04-14,2011,Deccan Chargers,Royal Challengers Bengaluru,"Rajiv Gandhi International Stadium, Uppal",Royal Challengers Bengaluru,field,48,0.3958333333333333,152.125,151.83333333333334,5.333333333333333,7.839368949444245,48,0.4583333333333333,145.125,149.20833333333334,4.625,7.751082251082251,-0.0625,7.0,2.625,0.708333333333333,0.0882866983619941,1
501209,2011-04-15,2011,Rajasthan Royals,Kolkata Knight Riders,Sawai Mansingh Stadium,Kolkata Knight Riders,field,45,0.6,150.64444444444445,147.0222222222222,5.666666666666667,7.676658286598337,42,0.40476190476190477,146.95238095238096,144.0952380952381,4.5,7.85974025974026,0.1952380952380952,3.6920634920634825,2.9269841269841095,1.166666666666667,-0.1830819731419231,0
501210,2011-04-15,2011,Mumbai Indians,Kochi Tuskers Kerala,Wankhede Stadium,Kochi Tuskers Kerala,field,45,0.5555555555555556,154.6,141.66666666666666,5.622222222222222,7.45323460639127,2,0.0,154.5,154.0,4.5,8.213333333333333,0.5555555555555556,0.09999999999999432,-12.333333333333343,1.1222222222222218,-0.7600987269420632,0
501211,2011-04-16,2011,Chennai Super Kings,Royal Challengers Bengaluru,"MA Chidambaram Stadium, Chepauk",Chennai Super Kings,bat,48,0.5625,160.33333333333334,151.0625,5.520833333333333,7.833273316528628,49,0.4489795918367347,145.0612244897959,149.69387755102042,4.63265306122449,7.7701271186440675,0.11352040816326531,15.272108843537438,1.368622448979579,0.8881802721088432,0.06314619788456088,1
501212,2011-04-16,2011,Deccan Chargers,Punjab Kings,"Rajiv Gandhi International Stadium, Uppal",Punjab Kings,field,49,0.40816326530612246,152.59183673469389,151.57142857142858,5.408163265306122,7.820638820638821,45,0.4888888888888889,155.22222222222223,151.93333333333334,5.022222222222222,8.174970107612594,-0.08072562358276641,-2.6303854875283434,-0.3619047619047535,0.38594104308389987,-0.3543312869737738,0
501213,2011-04-17,2011,Pune Warriors,Delhi Capitals,Dr DY Patil Sports Academy,Delhi Capitals,field,2,1.0,132.0,126.0,6.5,6.3263598326359824,45,0.5333333333333333,147.77777777777777,147.37777777777777,5.7555555555555555,7.678888460054034,0.4666666666666667,-15.777777777777771,-21.377777777777766,0.7444444444444445,-1.3525286274180512,0
501214,2011-04-17,2011,Kolkata Knight Riders,Rajasthan Royals,Eden Gardens,Kolkata Knight Riders,field,43,0.4186046511627907,147.25581395348837,144.27906976744185,4.488372093023256,7.853164556962025,46,0.5869565217391305,150.82608695652175,147.30434782608697,5.543478260869565,7.697084437712987,-0.16835187057633977,-3.5702730030333782,-3.025278058645114,-1.0551061678463096,0.15608011924903842,1
501215,2011-04-18,2011,Kochi Tuskers Kerala,Chennai Super Kings,Nehru Stadium,Kochi Tuskers Kerala,field,3,0.3333333333333333,164.33333333333334,159.66666666666666,3.3333333333333335,8.330434782608696,49,0.5714285714285714,160.79591836734693,151.22448979591837,5.551020408163265,7.8357419809658095,-0.23809523809523808,3.5374149659864145,8.442176870748284,-2.2176870748299318,0.49469280164288687,1
501216,2011-04-19,2011,Delhi Capitals,Deccan Chargers,Feroz Shah Kotla,Deccan Chargers,bat,46,0.5434782608695652,148.69565217391303,148.19565217391303,5.739130434782608,7.714447378347794,50,0.4,152.84,151.72,5.34,7.842177808407994,0.14347826086956517,-4.144347826086971,-3.5243478260869665,0.39913043478260857,-0.12773043006020046,0
501218,2011-04-20,2011,Mumbai Indians,Pune Warriors,Wankhede Stadium,Pune Warriors,bat,46,0.5434782608695652,155.19565217391303,142.52173913043478,5.543478260869565,7.4982844071673656,3,0.6666666666666666,150.33333333333334,147.0,6.333333333333333,7.453521126760564,-0.12318840579710144,4.8623188405796895,-4.478260869565219,-0.7898550724637676,0.04476328040680144,1
501219,2011-04-20,2011,Kolkata Knight Riders,Kochi Tuskers Kerala,Eden Gardens,Kolkata Knight Riders,field,44,0.4318181818181818,145.8409090909091,142.8181818181818,4.568181818181818,7.8029801324503305,4,0.5,157.0,152.25,3.25,8.174496644295303,-0.06818181818181818,-11.159090909090907,-9.431818181818187,1.3181818181818183,-0.37151651184497236,0
501220,2011-04-21,2011,Punjab Kings,Rajasthan Royals,"Punjab Cricket Association Stadium, Mohali",Rajasthan Royals,field,46,0.5,155.45652173913044,152.15217391304347,5.086956521739131,8.173219151420787,47,0.574468085106383,149.3404255319149,145.89361702127658,5.468085106382978,7.668592730661697,-0.07446808510638303,6.1160962072155485,6.258556891766887,-0.38112858464384747,0.5046264207590898,1
501221,2011-04-22,2011,Mumbai Indians,Chennai Super Kings,Wankhede Stadium,Chennai Super Kings,field,47,0.5531914893617021,154.53191489361703,141.87234042553192,5.638297872340425,7.478130841121495,50,0.56,160.2,150.88,5.5,7.852879944482998,-0.006808510638297904,-5.668085106382961,-9.007659574468079,0.13829787234042534,-0.3747491033615029,1
501222,2011-04-22,2011,Kolkata Knight Riders,Royal Challengers Bengaluru,Eden Gardens,Royal Challengers Bengaluru,field,45,0.4222222222222222,145.4,142.46666666666667,4.622222222222222,7.767770597738287,50,0.44,145.4,150.3,4.64,7.795643153526971,-0.01777777777777778,0.0,-7.833333333333343,-0.017777777777777892,-0.02787255578868386,0
501223,2011-04-23,2011,Delhi Capitals,Punjab Kings,Feroz Shah Kotla,Punjab Kings,field,47,0.5319148936170213,148.7659574468085,148.5531914893617,5.702127659574468,7.726300258207304,47,0.5106382978723404,156.29787234042553,152.0212765957447,5.127659574468085,8.153290224419932,0.021276595744680882,-7.531914893617028,-3.4680851063830005,0.5744680851063828,-0.42698996621262797,1
501224,2011-04-24,2011,Deccan Chargers,Mumbai Indians,"Rajiv Gandhi International Stadium, Uppal",Deccan Chargers,field,51,0.4117647058823529,153.13725490196077,151.58823529411765,5.372549019607843,7.830182309250506,48,0.5625,154.72916666666666,142.14583333333334,5.708333333333333,7.484095063985375,-0.15073529411764708,-1.591911764705884,9.44240196078431,-0.33578431372549034,0.3460872452651307,0
501225,2011-04-24,2011,Rajasthan Royals,Kochi Tuskers Kerala,Sawai Mansingh Stadium,Rajasthan Royals,field,48,0.5625,149.29166666666666,146.77083333333334,5.479166666666667,7.706472196900639,5,0.6,152.0,145.4,4.0,7.693121693121693,-0.03749999999999998,-2.708333333333343,1.3708333333333371,1.479166666666667,0.013350503778945644,1
501226,2011-04-25,2011,Chennai Super Kings,Pune Warriors,"MA Chidambaram Stadium, Chepauk",Pune Warriors,field,51,0.5490196078431373,160.11764705882354,151.09803921568627,5.470588235294118,7.857919782460911,4,0.5,142.25,139.25,5.5,7.03578947368421,0.0490196078431373,17.867647058823536,11.84803921568627,-0.02941176470588225,0.8221303087767007,1
501227,2011-04-26,2011,Delhi Capitals,Royal Challengers Bengaluru,Feroz Shah Kotla,Royal Challengers Bengaluru,field,48,0.5416666666666666,150.47916666666666,149.625,5.708333333333333,7.775532298809095,51,0.45098039215686275,145.98039215686273,150.7058823529412,4.627450980392157,7.810975609756097,0.09068627450980388,4.498774509803923,-1.0808823529411882,1.0808823529411757,-0.03544331094700226,0
501228,2011-04-27,2011,Pune Warriors,Chennai Super Kings,Dr DY Patil Sports Academy,Pune Warriors,bat,5,0.4,137.2,139.6,5.6,7.038655462184874,52,0.5576923076923077,159.76923076923077,150.3846153846154,5.5,7.814790139906729,-0.1576923076923077,-22.569230769230785,-10.784615384615392,0.09999999999999964,-0.7761346777218554,0
501229,2011-04-27,2011,Kochi Tuskers Kerala,Deccan Chargers,Nehru Stadium,Kochi Tuskers Kerala,field,6,0.5,144.83333333333334,139.5,3.5,7.702453987730061,52,0.40384615384615385,152.78846153846155,151.92307692307693,5.346153846153846,7.842488418266049,0.09615384615384615,-7.955128205128204,-12.423076923076934,-1.8461538461538458,-0.14003443053598819,0
501230,2011-04-28,2011,Delhi Capitals,Kolkata Knight Riders,Feroz Shah Kotla,Delhi Capitals,field,49,0.5306122448979592,150.6734693877551,149.6734693877551,5.714285714285714,7.775932143488249,46,0.41304347826086957,145.95652173913044,143.17391304347825,4.543478260869565,7.807943094250148,0.11756876663708965,4.716947648624654,6.49955634427684,1.170807453416149,-0.03201095076189908,0
501231,2011-04-29,2011,Rajasthan Royals,Mumbai Indians,Sawai Mansingh Stadium,Rajasthan Royals,field,49,0.5714285714285714,148.51020408163265,145.87755102040816,5.530612244897959,7.651739518287243,49,0.5714285714285714,155.08163265306123,141.89795918367346,5.6938775510204085,7.462969588550984,0.0,-6.571428571428584,3.9795918367346985,-0.16326530612244916,0.18876992973625928,1
501232,2011-04-29,2011,Royal Challengers Bengaluru,Pune Warriors,M Chinnaswamy Stadium,Pune Warriors,field,52,0.46153846153846156,146.26923076923077,150.80769230769232,4.634615384615385,7.8107569721115535,6,0.3333333333333333,137.83333333333334,140.16666666666666,5.0,7.087078651685393,0.12820512820512825,8.43589743589743,10.641025641025664,-0.365384615384615,0.7236783204261608,1
501233,2011-04-30,2011,Kochi Tuskers Kerala,Delhi Capitals,Nehru Stadium,Delhi Capitals,bat,7,0.42857142857142855,134.71428571428572,137.71428571428572,3.857142857142857,7.492227979274612,50,0.52,150.28,149.6,5.72,7.766049489531061,-0.09142857142857147,-15.565714285714279,-11.885714285714272,-1.8628571428571425,-0.2738215102564485,0
501234,2011-04-30,2011,Kolkata Knight Riders,Punjab Kings,Eden Gardens,Kolkata Knight Riders,field,47,0.425531914893617,146.0,142.85106382978722,4.595744680851064,7.7753329473074695,48,0.5,157.25,153.625,5.104166666666667,8.22685013015991,-0.07446808510638298,-11.25,-10.773936170212778,-0.5084219858156027,-0.4515171828524407,1
501235,2011-05-01,2011,Rajasthan Royals,Pune Warriors,Sawai Mansingh Stadium,Rajasthan Royals,field,50,0.58,147.44,144.78,5.58,7.586724890829695,7,0.2857142857142857,140.28571428571428,145.85714285714286,5.0,7.36298076923077,0.29428571428571426,7.15428571428572,-1.07714285714286,0.5800000000000001,0.22374412159892465,1
501236,2011-05-01,2011,Chennai Super Kings,Deccan Chargers,"MA Chidambaram Stadium, Chepauk",Chennai Super Kings,bat,53,0.5660377358490566,159.49056603773585,150.18867924528303,5.509433962264151,7.798824297844546,53,0.41509433962264153,152.33962264150944,150.39622641509433,5.433962264150943,7.785446850073254,0.15094339622641506,7.15094339622641,-0.20754716981130628,0.07547169811320753,0.013377447771292239,1
501237,2011-05-02,2011,Mumbai Indians,Punjab Kings,Wankhede Stadium,Punjab Kings,field,50,0.56,153.86,140.94,5.64,7.419196350236883,49,0.4897959183673469,156.46938775510205,152.91836734693877,5.040816326530612,8.20102152499088,0.07020408163265313,-2.609387755102034,-11.978367346938768,0.5991836734693878,-0.7818251747539966,1
501238,2011-05-02,2011,Delhi Capitals,Kochi Tuskers Kerala,Feroz Shah Kotla,Kochi Tuskers Kerala,field,51,0.5294117647058824,150.41176470588235,148.94117647058823,5.803921568627451,7.735234215885947,8,0.375,132.75,139.125,4.0,7.486547085201794,0.15441176470588236,17.661764705882348,9.816176470588232,1.8039215686274508,0.2486871306841527,0
501239,2011-05-03,2011,Deccan Chargers,Kolkata Knight Riders,"Rajiv Gandhi International Stadium, Uppal",Deccan Chargers,field,54,0.4074074074074074,152.22222222222223,150.57407407407408,5.407407407407407,7.78955771994252,48,0.4375,145.45833333333334,142.33333333333334,4.5625,7.732880588568195,-0.030092592592592615,6.763888888888886,8.240740740740733,0.8449074074074074,0.056677131374325285,0
501240,2011-05-04,2011,Chennai Super Kings,Rajasthan Royals,"MA Chidambaram Stadium, Chepauk",Rajasthan Royals,bat,54,0.5740740740740741,159.59259259259258,150.07407407407408,5.537037037037037,7.787315823190262,51,0.5882352941176471,147.37254901960785,144.68627450980392,5.568627450980392,7.574679213002566,-0.014161220043573008,12.220043572984736,5.3877995642701535,-0.03159041394335471,0.21263661018769575,1
501241,2011-05-04,2011,Pune Warriors,Mumbai Indians,Dr DY Patil Sports Academy,Pune Warriors,field,8,0.25,140.625,144.5,4.875,7.308746048472076,51,0.5686274509803921,153.9607843137255,140.62745098039215,5.686274509803922,7.39508506616257,-0.31862745098039214,-13.335784313725497,3.8725490196078454,-0.8112745098039218,-0.08633901769049412,0
501242,2011-05-05,2011,Kochi Tuskers Kerala,Kolkata Knight Riders,Nehru Stadium,Kolkata Knight Riders,field,9,0.4444444444444444,133.66666666666666,139.0,4.222222222222222,7.41699604743083,49,0.4489795918367347,145.9387755102041,142.44897959183675,4.591836734693878,7.725511898173768,-0.004535147392290273,-12.272108843537438,-3.4489795918367463,-0.36961451247165567,-0.3085158507429382,1
501243,2011-05-05,2011,Deccan Chargers,Delhi Capitals,"Rajiv Gandhi International Stadium, Uppal",Delhi Capitals,field,55,0.4,152.16363636363636,150.83636363636364,5.381818181818182,7.798214005953314,52,0.5192307692307693,150.21153846153845,148.73076923076923,5.730769230769231,7.757271815446339,-0.11923076923076925,1.9520979020979041,2.1055944055944167,-0.348951048951049,0.040942190506974896,0
501244,2011-05-06,2011,Royal Challengers Bengaluru,Punjab Kings,M Chinnaswamy Stadium,Punjab Kings,field,53,0.4716981132075472,146.9245283018868,150.81132075471697,4.6415094339622645,7.8056640625,50,0.48,156.06,152.98,5.04,8.192431274544806,-0.008301886792452806,-9.135471698113207,-2.168679245283016,-0.3984905660377356,-0.3867672120448056,1
501245,2011-05-07,2011,Kolkata Knight Riders,Chennai Super Kings,Eden Gardens,Chennai Super Kings,bat,50,0.44,145.8,142.7,4.58,7.726042230644288,55,0.5818181818181818,159.4,149.92727272727274,5.545454545454546,7.774355751099937,-0.1418181818181818,-13.599999999999994,-7.227272727272748,-0.9654545454545458,-0.04831352045564863,1
501246,2011-05-07,2011,Mumbai Indians,Delhi Capitals,Wankhede Stadium,Delhi Capitals,field,52,0.5769230769230769,154.07692307692307,140.51923076923077,5.6923076923076925,7.3820508503115,53,0.5283018867924528,150.75471698113208,149.1509433962264,5.69811320754717,7.772861356932153,0.04862119013062405,3.322206095790989,-8.631712626995636,-0.005805515239477366,-0.3908105066206531,1
501247,2011-05-08,2011,Royal Challengers Bengaluru,Kochi Tuskers Kerala,M Chinnaswamy Stadium,Kochi Tuskers Kerala,bat,54,0.48148148148148145,148.0,150.24074074074073,4.703703703703703,7.771072796934866,10,0.5,135.9,138.9,4.3,7.362190812720849,-0.018518518518518545,12.099999999999994,11.340740740740728,0.40370370370370345,0.408881984214017,1
501248,2011-05-08,2011,Punjab Kings,Pune Warriors,"Punjab Cricket Association Stadium, Mohali",Punjab Kings,bat,51,0.47058823529411764,155.35294117647058,153.90196078431373,5.0588235294117645,8.230339042292904,9,0.2222222222222222,140.44444444444446,145.0,5.111111111111111,7.324602432179607,0.24836601307189543,14.908496732026123,8.90196078431373,-0.05228758169934622,0.9057366101132969,0
501249,2011-05-09,2011,Rajasthan Royals,Chennai Super Kings,Sawai Mansingh Stadium,Rajasthan Royals,field,52,0.5769230769230769,147.3653846153846,144.76923076923077,5.5,7.582340104079234,56,0.5714285714285714,158.58928571428572,148.32142857142858,5.482142857142857,7.757783312577833,0.005494505494505475,-11.22390109890111,-3.55219780219781,0.017857142857143238,-0.1754432084985984,0
501250,2011-05-10,2011,Deccan Chargers,Pune Warriors,"Rajiv Gandhi International Stadium, Uppal",Deccan Chargers,bat,56,0.39285714285714285,152.57142857142858,151.32142857142858,5.392857142857143,7.825765738032938,10,0.3,138.4,142.0,5.4,7.165685449957948,0.09285714285714286,14.171428571428578,9.321428571428584,-0.0071428571428571175,0.6600802880749903,0
501251,2011-05-10,2011,Punjab Kings,Mumbai Indians,"Punjab Cricket Association Stadium, Mohali",Mumbai Indians,field,52,0.46153846153846156,154.65384615384616,153.15384615384616,5.0576923076923075,8.203261802575106,53,0.5849056603773585,154.52830188679246,140.60377358490567,5.754716981132075,7.380653681082866,-0.12336719883889691,0.12554426705369792,12.550072568940493,-0.6970246734397678,0.82260812149224,1
501252,2011-05-11,2011,Rajasthan Royals,Royal Challengers Bengaluru,Sawai Mansingh Stadium,Royal Challengers Bengaluru,field,53,0.5660377358490566,147.0943396226415,145.69811320754718,5.433962264150943,7.624156656244858,55,0.4909090909090909,147.63636363636363,149.78181818181818,4.745454545454545,7.742481203007519,0.07512864493996568,-0.5420240137221128,-4.083704974271001,0.6885077186963979,-0.11832454676266124,0
501253,2011-05-12,2011,Chennai Super Kings,Delhi Capitals,"MA Chidambaram Stadium, Chepauk",Chennai Super Kings,bat,57,0.5789473684210527,159.24561403508773,148.05263157894737,5.543859649122807,7.741018192936859,54,0.5185185185185185,150.66666666666666,149.64814814814815,5.666666666666667,7.792671166827387,0.060428849902534165,8.578947368421069,-1.5955165692007824,-0.12280701754385959,-0.05165297389052803,1
501254,2011-05-13,2011,Kochi Tuskers Kerala,Punjab Kings,Holkar Cricket Stadium,Punjab Kings,field,11,0.45454545454545453,134.9090909090909,137.72727272727272,4.0,7.506193228736581,53,0.4716981132075472,154.81132075471697,151.88679245283018,5.132075471698113,8.183666553710607,-0.017152658662092646,-19.902229845626067,-14.159519725557459,-1.132075471698113,-0.6774733249740255,0
501255,2011-05-14,2011,Royal Challengers Bengaluru,Kolkata Knight Riders,M Chinnaswamy Stadium,Royal Challengers Bengaluru,field,56,0.5,147.69642857142858,149.67857142857142,4.75,7.732472324723247,51,0.45098039215686275,144.13725490196077,142.07843137254903,4.549019607843137,7.679915209326974,0.04901960784313725,3.5591736694678104,7.600140056022383,0.20098039215686292,0.05255711539627317,1
501256,2011-05-14,2011,Mumbai Indians,Deccan Chargers,Wankhede Stadium,Deccan Chargers,bat,54,0.5740740740740741,153.27777777777777,140.74074074074073,5.777777777777778,7.381029459371964,57,0.38596491228070173,152.28070175438597,151.0701754385965,5.368421052631579,7.819887997578325,0.18810916179337234,0.9970760233917986,-10.32943469785576,0.4093567251461989,-0.438858538206361,0
501257,2011-05-15,2011,Punjab Kings,Delhi Capitals,Himachal Pradesh Cricket Association Stadium,Delhi Capitals,field,54,0.48148148148148145,155.2962962962963,152.2962962962963,5.12962962962963,8.193955496512787,55,0.509090909090909,150.8,150.0909090909091,5.618181818181818,7.809839167455062,-0.027609427609427584,4.496296296296293,2.2053872053872112,-0.4885521885521884,0.38411632905772564,1
501258,2011-05-15,2011,Kochi Tuskers Kerala,Rajasthan Royals,Holkar Cricket Stadium,Kochi Tuskers Kerala,field,12,0.4166666666666667,138.5,141.16666666666666,4.0,7.6767371601208465,54,0.5555555555555556,147.07407407407408,145.75925925925927,5.351851851851852,7.642984301666937,-0.1388888888888889,-8.574074074074076,-4.592592592592609,-1.351851851851852,0.03375285845390952,1
501259,2011-05-16,2011,Pune Warriors,Deccan Chargers,Dr DY Patil Sports Academy,Deccan Chargers,field,11,0.36363636363636365,138.27272727272728,141.45454545454547,5.636363636363637,7.132161955691368,58,0.39655172413793105,151.98275862068965,150.44827586206895,5.396551724137931,7.782964174223279,-0.0329153605015674,-13.71003134796237,-8.993730407523486,0.23981191222570608,-0.6508022185319113,0
501260,2011-05-17,2011,Punjab Kings,Royal Challengers Bengaluru,Himachal Pradesh Cricket Association Stadium,Punjab Kings,bat,55,0.4909090909090909,155.56363636363636,152.01818181818183,5.181818181818182,8.167697818300228,57,0.5087719298245614,146.94736842105263,148.52631578947367,4.7368421052631575,7.717411121239745,-0.017862838915470525,8.616267942583733,3.4918660287081593,0.44497607655502414,0.4502866970604833,1
501261,2011-05-18,2011,Chennai Super Kings,Kochi Tuskers Kerala,"MA Chidambaram Stadium, Chepauk",Chennai Super Kings,bat,58,0.5862068965517241,159.5344827586207,148.06896551724137,5.551724137931035,7.735775409097733,13,0.46153846153846156,135.3846153846154,137.69230769230768,4.384615384615385,7.48432055749129,0.12466843501326252,24.14986737400531,10.376657824933687,1.1671087533156497,0.251454851606443,1
501262,2011-05-19,2011,Pune Warriors,Kolkata Knight Riders,Dr DY Patil Sports Academy,Kolkata Knight Riders,field,12,0.3333333333333333,138.08333333333334,141.16666666666666,5.5,7.132631578947368,52,0.4423076923076923,143.07692307692307,141.3653846153846,4.5576923076923075,7.690671316477768,-0.10897435897435898,-4.993589743589723,-0.198717948717956,0.9423076923076925,-0.5580397375303994,0
501263,2011-05-20,2011,Mumbai Indians,Rajasthan Royals,Wankhede Stadium,Mumbai Indians,bat,55,0.5636363636363636,152.76363636363635,140.56363636363636,5.781818181818182,7.365195300095268,55,0.5454545454545454,146.16363636363636,144.8,5.290909090909091,7.678611602121163,0.018181818181818188,6.599999999999994,-4.236363636363649,0.4909090909090912,-0.3134163020258951,0
501264,2011-05-21,2011,Punjab Kings,Deccan Chargers,Himachal Pradesh Cricket Association Stadium,Punjab Kings,field,56,0.5,156.92857142857142,151.375,5.267857142857143,8.145739910313901,59,0.4067796610169492,151.74576271186442,150.1864406779661,5.440677966101695,7.764860522856725,0.09322033898305082,5.182808716707001,1.1885593220339103,-0.1728208232445514,0.38087938745717675,0
501266,2011-05-22,2011,Royal Challengers Bengaluru,Chennai Super Kings,M Chinnaswamy Stadium,Royal Challengers Bengaluru,field,58,0.5,146.5,149.60344827586206,4.689655172413793,7.768128916741271,59,0.5932203389830508,159.40677966101694,147.91525423728814,5.52542372881356,7.721869930688689,-0.09322033898305082,-12.906779661016941,1.6881940385739256,-0.835768556399767,0.04625898605258261,1
501267,2011-05-22,2011,Kolkata Knight Riders,Mumbai Indians,Eden Gardens,Mumbai Indians,field,53,0.4528301886792453,142.62264150943398,140.8679245283019,4.60377358490566,7.650896669513236,56,0.5535714285714286,152.41071428571428,140.44642857142858,5.678571428571429,7.400031362709739,-0.10074123989218331,-9.788072776280302,0.421495956873315,-1.0747978436657686,0.2508653068034974,0
501268,2011-05-24,2011,Royal Challengers Bengaluru,Chennai Super Kings,Wankhede Stadium,Chennai Super Kings,field,59,0.5084745762711864,146.20338983050848,149.16949152542372,4.745762711864407,7.740545294635004,60,0.5833333333333334,158.88333333333333,147.56666666666666,5.466666666666667,7.711424009290172,-0.07485875706214695,-12.679943502824841,1.6028248587570602,-0.7209039548022602,0.02912128534483216,0
501269,2011-05-25,2011,Mumbai Indians,Kolkata Knight Riders,Wankhede Stadium,Mumbai Indians,field,57,0.5614035087719298,152.859649122807,141.0,5.649122807017544,7.422194859165769,54,0.4444444444444444,143.22222222222223,141.38888888888889,4.611111111111111,7.6669456066945605,0.11695906432748537,9.637426900584785,-0.38888888888888573,1.038011695906433,-0.24475074752879156,1
501270,2011-05-27,2011,Royal Challengers Bengaluru,Mumbai Indians,"MA Chidambaram Stadium, Chepauk",Mumbai Indians,field,60,0.5,146.68333333333334,149.6,4.733333333333333,7.760230547550432,58,0.5689655172413793,152.77586206896552,141.06896551724137,5.655172413793103,7.419072087048512,-0.06896551724137934,-6.092528735632186,8.531034482758628,-0.9218390804597698,0.34115846050191934,1
501271,2011-05-28,2011,Chennai Super Kings,Royal Challengers Bengaluru,"MA Chidambaram Stadium, Chepauk",Chennai Super Kings,bat,61,0.5901639344262295,159.18032786885246,147.86885245901638,5.442622950819672,7.721500927379084,61,0.5081967213114754,147.31147540983608,149.44262295081967,4.786885245901639,7.7473087818696875,0.08196721311475408,11.86885245901638,-1.5737704918032875,0.6557377049180326,-0.025807854490603965,1
548306,2012-04-04,2012,Chennai Super Kings,Mumbai Indians,"MA Chidambaram Stadium, Chepauk",Mumbai Indians,field,62,0.5967741935483871,159.91935483870967,147.79032258064515,5.483870967741935,7.711881049235516,59,0.559322033898305,152.59322033898306,141.8135593220339,5.627118644067797,7.451684726139232,0.037452159650082084,7.3261344997266065,5.976763258611243,-0.14324767632586166,0.2601963230962845,0
548307,2012-04-05,2012,Kolkata Knight Riders,Delhi Capitals,Eden Gardens,Delhi Capitals,field,55,0.43636363636363634,143.29090909090908,141.45454545454547,4.618181818181818,7.663766212444591,56,0.5,150.625,150.41071428571428,5.625,7.8207985143918295,-0.06363636363636366,-7.334090909090918,-8.95616883116881,-1.0068181818181818,-0.15703230194723883,0
548308,2012-04-06,2012,Mumbai Indians,Pune Warriors,Wankhede Stadium,Mumbai Indians,field,60,0.5666666666666667,151.96666666666667,141.23333333333332,5.65,7.415985997666278,13,0.3076923076923077,136.53846153846155,139.3846153846154,5.3076923076923075,7.129180327868853,0.25897435897435894,15.428205128205121,1.8487179487179333,0.34230769230769287,0.28680566979742483,0
548309,2012-04-06,2012,Rajasthan Royals,Punjab Kings,Sawai Mansingh Stadium,Punjab Kings,field,56,0.5535714285714286,145.94642857142858,144.55357142857142,5.285714285714286,7.65725997162226,57,0.49122807017543857,156.21052631578948,152.05263157894737,5.2105263157894735,8.17127592708988,0.062343358395990034,-10.264097744360896,-7.4990601503759535,0.07518796992481214,-0.5140159554676202,1
548310,2012-04-07,2012,Royal Challengers Bengaluru,Delhi Capitals,M Chinnaswamy Stadium,Delhi Capitals,field,62,0.5,147.30645161290323,150.2258064516129,4.790322580645161,7.783286908077994,57,0.5087719298245614,149.73684210526315,149.3859649122807,5.649122807017544,7.819100091827365,-0.00877192982456143,-2.430390492359919,0.8398415393321841,-0.8588002263723826,-0.03581318374937137,1
548311,2012-04-07,2012,Deccan Chargers,Chennai Super Kings,Dr. Y.S. Rajasekhara Reddy ACA-VDCA Cricket Stadium,Deccan Chargers,field,60,0.4166666666666667,152.51666666666668,149.58333333333334,5.5,7.73595747737394,63,0.5873015873015873,159.15873015873015,147.22222222222223,5.428571428571429,7.6970954356846475,-0.17063492063492064,-6.642063492063471,2.3611111111111143,0.07142857142857117,0.03886204168929286,0
548312,2012-04-08,2012,Rajasthan Royals,Kolkata Knight Riders,Sawai Mansingh Stadium,Kolkata Knight Riders,field,57,0.5614035087719298,146.73684210526315,144.75438596491227,5.333333333333333,7.659910258393934,56,0.42857142857142855,142.46428571428572,140.64285714285714,4.571428571428571,7.673920103929848,0.13283208020050125,4.272556390977428,4.111528822055135,0.7619047619047619,-0.01400984553591389,1
548313,2012-04-08,2012,Pune Warriors,Punjab Kings,Subrata Roy Sahara Stadium,Pune Warriors,bat,14,0.35714285714285715,136.0,136.57142857142858,5.571428571428571,6.97386018237082,58,0.4827586206896552,156.27586206896552,152.58620689655172,5.189655172413793,8.189389265885255,-0.12561576354679804,-20.275862068965523,-16.01477832512313,0.38177339901477847,-1.2155290835144354,1
548314,2012-04-09,2012,Deccan Chargers,Mumbai Indians,Dr. Y.S. Rajasekhara Reddy ACA-VDCA Cricket Stadium,Deccan Chargers,bat,61,0.4098360655737705,151.9672131147541,150.24590163934425,5.508196721311475,7.7658522807513055,61,0.5573770491803278,151.13114754098362,140.95081967213116,5.672131147540983,7.395068807339449,-0.14754098360655732,0.836065573770469,9.295081967213093,-0.16393442622950793,0.3707834734118567,0
548315,2012-04-10,2012,Royal Challengers Bengaluru,Kolkata Knight Riders,M Chinnaswamy Stadium,Royal Challengers Bengaluru,field,63,0.5079365079365079,147.46031746031747,149.984126984127,4.809523809523809,7.7663013698630134,57,0.42105263157894735,142.4561403508772,141.05263157894737,4.543859649122807,7.683975788467666,0.08688387635756056,5.004177109440263,8.931495405179618,0.26566416040100194,0.08232558139534785,0
548316,2012-04-10,2012,Delhi Capitals,Chennai Super Kings,Feroz Shah Kotla,Delhi Capitals,field,58,0.5,149.51724137931035,149.44827586206895,5.672413793103448,7.8160504959422905,64,0.59375,159.6875,146.765625,5.5,7.685531160507296,-0.09375,-10.170258620689651,2.6826508620689538,0.1724137931034484,0.13051933543499494,1
548317,2012-04-11,2012,Mumbai Indians,Rajasthan Royals,Wankhede Stadium,Rajasthan Royals,field,62,0.5645161290322581,150.98387096774192,140.88709677419354,5.725806451612903,7.385851183765501,58,0.5689655172413793,147.0344827586207,144.67241379310346,5.413793103448276,7.647880905362296,-0.004449388209121219,3.9493882091212242,-3.7853170189099217,0.3120133481646272,-0.26202972159679483,1
548318,2012-04-12,2012,Chennai Super Kings,Royal Challengers Bengaluru,"MA Chidambaram Stadium, Chepauk",Royal Challengers Bengaluru,bat,65,0.5846153846153846,158.92307692307693,146.2,5.430769230769231,7.6916228247673,64,0.5,147.078125,150.15625,4.859375,7.77088948787062,0.08461538461538465,11.844951923076934,-3.9562500000000114,0.571394230769231,-0.07926666310331942,1
548319,2012-04-12,2012,Punjab Kings,Pune Warriors,"Punjab Cricket Association Stadium, Mohali",Punjab Kings,field,59,0.4745762711864407,156.0677966101695,152.6949152542373,5.186440677966102,8.185039370078739,15,0.4,138.0,136.66666666666666,5.6,6.96883852691218,0.07457627118644067,18.067796610169495,16.02824858757063,-0.41355932203389756,1.2162008431665585,1
548320,2012-04-13,2012,Kolkata Knight Riders,Rajasthan Royals,Eden Gardens,Rajasthan Royals,bat,58,0.43103448275862066,142.8448275862069,140.70689655172413,4.620689655172414,7.653329165364177,59,0.559322033898305,147.42372881355934,145.45762711864407,5.423728813559322,7.681933462628673,-0.12828755113968437,-4.578901227352446,-4.750730566919941,-0.8030391583869081,-0.028604297264496203,1
548322,2012-04-14,2012,Pune Warriors,Chennai Super Kings,Subrata Roy Sahara Stadium,Chennai Super Kings,bat,16,0.375,136.5625,135.375,5.4375,6.946018172100482,66,0.5909090909090909,159.66666666666666,147.06060606060606,5.454545454545454,7.730784547988849,-0.21590909090909094,-23.104166666666657,-11.685606060606062,-0.017045454545454142,-0.784766375888367,1
548323,2012-04-15,2012,Kolkata Knight Riders,Punjab Kings,Eden Gardens,Kolkata Knight Riders,field,59,0.4406779661016949,142.74576271186442,140.52542372881356,4.610169491525424,7.632095734888003,60,0.48333333333333334,155.4,151.95,5.233333333333333,8.142601964870497,-0.04265536723163843,-12.65423728813559,-11.424576271186424,-0.6231638418079095,-0.5105062299824938,0
548324,2012-04-15,2012,Royal Challengers Bengaluru,Rajasthan Royals,M Chinnaswamy Stadium,Rajasthan Royals,bat,65,0.49230769230769234,147.96923076923076,151.03076923076924,4.861538461538461,7.811936339522546,60,0.55,147.15,145.21666666666667,5.4,7.666520017597888,-0.05769230769230771,0.8192307692307566,5.814102564102569,-0.5384615384615392,0.14541632192465848,0
548325,2012-04-16,2012,Mumbai Indians,Delhi Capitals,Wankhede Stadium,Delhi Capitals,field,63,0.5714285714285714,151.71428571428572,141.33333333333334,5.7936507936507935,7.405600221790962,59,0.5084745762711864,148.864406779661,148.74576271186442,5.6440677966101696,7.773250664304695,0.06295399515738498,2.849878934624712,-7.412429378531073,0.14958299704062394,-0.3676504425137326,0
548326,2012-04-17,2012,Rajasthan Royals,Deccan Chargers,Sawai Mansingh Stadium,Deccan Chargers,bat,61,0.5573770491803278,147.9344262295082,145.04918032786884,5.475409836065574,7.651772845200346,62,0.4032258064516129,151.74193548387098,150.0483870967742,5.5,7.751423413414803,0.15415124272871494,-3.8075092543627704,-4.999206768905367,-0.024590163934425924,-0.09965056821445639,1
548327,2012-04-17,2012,Royal Challengers Bengaluru,Pune Warriors,M Chinnaswamy Stadium,Pune Warriors,bat,66,0.48484848484848486,147.78787878787878,151.62121212121212,4.818181818181818,7.838381201044386,17,0.4117647058823529,137.7058823529412,136.47058823529412,5.411764705882353,6.991461577096937,0.07308377896613194,10.081996434937594,15.150623885918009,-0.5935828877005349,0.846919623947449,1
548328,2012-04-18,2012,Punjab Kings,Kolkata Knight Riders,"Punjab Cricket Association Stadium, Mohali",Punjab Kings,bat,61,0.4918032786885246,155.04918032786884,151.50819672131146,5.262295081967213,8.109388710149165,60,0.43333333333333335,142.56666666666666,140.31666666666666,4.666666666666667,7.609822235613137,0.05846994535519123,12.482513661202177,11.1915300546448,0.5956284153005464,0.499566474536028,0
548321,2012-04-19,2012,Delhi Capitals,Deccan Chargers,Feroz Shah Kotla,Deccan Chargers,bat,60,0.5166666666666667,147.93333333333334,147.73333333333332,5.7,7.71901306240929,63,0.3968253968253968,152.44444444444446,150.79365079365078,5.492063492063492,7.787949173384343,0.11984126984126992,-4.51111111111112,-3.0603174603174637,0.20793650793650809,-0.06893611097505303,1
548330,2012-04-19,2012,Chennai Super Kings,Pune Warriors,"MA Chidambaram Stadium, Chepauk",Pune Warriors,field,67,0.582089552238806,159.59701492537314,147.16417910447763,5.388059701492537,7.734344358739705,18,0.3888888888888889,140.16666666666666,139.11111111111111,5.333333333333333,7.117006158218854,0.1932006633499171,19.430348258706488,8.053067993366511,0.054726368159204064,0.6173382005208508,1
548331,2012-04-20,2012,Punjab Kings,Royal Challengers Bengaluru,"Punjab Cricket Association Stadium, Mohali",Royal Challengers Bengaluru,field,62,0.4838709677419355,154.5483870967742,151.0483870967742,5.209677419354839,8.100043246360098,67,0.4925373134328358,148.3582089552239,152.01492537313433,4.8059701492537314,7.854755784061696,-0.008666345690900301,6.190178141550319,-0.9665382763601258,0.4037072701011075,0.2452874622984016,0
548332,2012-04-21,2012,Chennai Super Kings,Rajasthan Royals,"MA Chidambaram Stadium, Chepauk",Rajasthan Royals,bat,68,0.5882352941176471,159.66176470588235,147.11764705882354,5.411764705882353,7.726090873986356,62,0.5645161290322581,148.7258064516129,145.83870967741936,5.419354838709677,7.686596769623123,0.02371916508538896,10.935958254269451,1.2789373814041767,-0.007590132827323792,0.039494104363233085,1
548333,2012-04-21,2012,Delhi Capitals,Pune Warriors,Feroz Shah Kotla,Delhi Capitals,field,61,0.5245901639344263,148.1639344262295,147.88524590163934,5.721311475409836,7.721255349500714,19,0.3684210526315789,140.73684210526315,140.3684210526316,5.315789473684211,7.172568354997759,0.15616911130284733,7.427092320966352,7.516824849007747,0.40552200172562536,0.5486869945029547,0
548334,2012-04-22,2012,Mumbai Indians,Punjab Kings,Wankhede Stadium,Mumbai Indians,bat,64,0.5625,150.78125,140.5,5.75,7.387648911406271,63,0.47619047619047616,154.68253968253967,151.28571428571428,5.2063492063492065,8.10688970796711,0.08630952380952384,-3.9012896825396695,-10.785714285714278,0.5436507936507935,-0.7192407965608387,0
548335,2012-04-22,2012,Deccan Chargers,Kolkata Knight Riders,Barabati Stadium,Kolkata Knight Riders,field,64,0.390625,152.515625,150.96875,5.46875,7.798224374495561,61,0.4426229508196721,142.31147540983608,140.0327868852459,4.688524590163935,7.583900562296538,-0.05199795081967212,10.204149590163922,10.935963114754088,0.7802254098360653,0.21432381219902297,0
548336,2012-04-23,2012,Rajasthan Royals,Royal Challengers Bengaluru,Sawai Mansingh Stadium,Rajasthan Royals,field,63,0.5555555555555556,148.68253968253967,145.84126984126985,5.380952380952381,7.680133741989413,68,0.5,148.61764705882354,152.10294117647058,4.823529411764706,7.855443037974683,0.05555555555555558,0.06489262371613336,-6.261671335200731,0.5574229691876758,-0.17530929598527045,0
548337,2012-04-24,2012,Pune Warriors,Delhi Capitals,Subrata Roy Sahara Stadium,Pune Warriors,bat,20,0.4,143.3,141.85,5.35,7.2403232666950235,62,0.5161290322580645,148.5483870967742,148.53225806451613,5.67741935483871,7.749509116409538,-0.11612903225806448,-5.248387096774195,-6.682258064516134,-0.3274193548387103,-0.5091858497145143,0
548339,2012-04-25,2012,Punjab Kings,Mumbai Indians,"Punjab Cricket Association Stadium, Mohali",Punjab Kings,bat,64,0.484375,154.828125,151.453125,5.1875,8.106774463339837,65,0.5538461538461539,150.96923076923076,140.86153846153846,5.723076923076923,7.40377358490566,-0.06947115384615388,3.8588942307692378,10.591586538461542,-0.5355769230769232,0.7030008784341772,0
548341,2012-04-26,2012,Pune Warriors,Deccan Chargers,Subrata Roy Sahara Stadium,Deccan Chargers,bat,21,0.38095238095238093,143.42857142857142,141.9047619047619,5.142857142857143,7.306906416019616,65,0.38461538461538464,152.1076923076923,150.56923076923076,5.461538461538462,7.779809220985691,-0.0036630036630037055,-8.679120879120887,-8.664468864468859,-0.31868131868131844,-0.4729028049660755,0
548342,2012-04-27,2012,Delhi Capitals,Mumbai Indians,Feroz Shah Kotla,Mumbai Indians,field,63,0.5238095238095238,148.53968253968253,148.4126984126984,5.619047619047619,7.737931034482759,66,0.5606060606060606,151.27272727272728,141.27272727272728,5.681818181818182,7.419628647214854,-0.036796536796536716,-2.73304473304475,7.139971139971124,-0.06277056277056303,0.31830238726790583,1
548343,2012-04-28,2012,Chennai Super Kings,Punjab Kings,"MA Chidambaram Stadium, Chepauk",Punjab Kings,bat,69,0.5942028985507246,159.47826086956522,147.05797101449275,5.391304347826087,7.717327924958804,65,0.47692307692307695,155.03076923076924,151.69230769230768,5.2,8.111888111888112,0.11727982162764766,4.447491638795981,-4.634336677814929,0.19130434782608674,-0.39456018692930783,0
548344,2012-04-28,2012,Kolkata Knight Riders,Royal Challengers Bengaluru,Eden Gardens,Kolkata Knight Riders,bat,62,0.45161290322580644,142.06451612903226,139.7741935483871,4.709677419354839,7.559755742948532,69,0.5072463768115942,149.20289855072463,151.8985507246377,4.855072463768116,7.841147132169576,-0.055633473585787796,-7.13838242169237,-12.124357176250584,-0.14539504441327722,-0.281391389221044,1
548345,2012-04-29,2012,Delhi Capitals,Rajasthan Royals,Feroz Shah Kotla,Delhi Capitals,bat,64,0.53125,149.453125,148.75,5.65625,7.75033921302578,64,0.546875,148.59375,146.359375,5.34375,7.701013976431899,-0.015625,0.859375,2.390625,0.3125,0.049325236593880994,1
548346,2012-04-29,2012,Mumbai Indians,Deccan Chargers,Wankhede Stadium,Mumbai Indians,field,67,0.5522388059701493,151.55223880597015,142.22388059701493,5.6716417910447765,7.46396866840731,66,0.3939393939393939,152.4848484848485,150.65151515151516,5.46969696969697,7.780125195618154,0.15829941203075537,-0.9326096788783502,-8.42763455450023,0.20194482134780678,-0.3161565272108433,1
548347,2012-04-30,2012,Chennai Super Kings,Kolkata Knight Riders,"MA Chidambaram Stadium, Chepauk",Chennai Super Kings,bat,70,0.5857142857142857,159.32857142857142,147.18571428571428,5.4,7.71856661256087,63,0.4603174603174603,142.82539682539684,139.79365079365078,4.73015873015873,7.551014575593027,0.12539682539682545,16.503174603174585,7.3920634920634996,0.6698412698412701,0.1675520369678427,0
548348,2012-05-01,2012,Deccan Chargers,Pune Warriors,Barabati Stadium,Deccan Chargers,bat,67,0.3880597014925373,151.70149253731344,149.8955223880597,5.462686567164179,7.748231966053748,22,0.36363636363636365,144.13636363636363,143.0909090909091,5.045454545454546,7.358005453837165,0.024423337856173677,7.565128900949816,6.80461329715061,0.41723202170963347,0.3902265122165831,1
548349,2012-05-01,2012,Rajasthan Royals,Delhi Capitals,Sawai Mansingh Stadium,Rajasthan Royals,bat,65,0.5384615384615384,148.63076923076923,146.36923076923077,5.3538461538461535,7.695335669991912,65,0.5384615384615384,149.4923076923077,148.7846153846154,5.6,7.747129506008011,0.0,-0.8615384615384585,-2.4153846153846246,-0.24615384615384617,-0.05179383601609899,0
548350,2012-05-02,2012,Royal Challengers Bengaluru,Punjab Kings,M Chinnaswamy Stadium,Punjab Kings,field,70,0.5,149.11428571428573,152.42857142857142,4.8428571428571425,7.864864864864864,66,0.48484848484848486,155.04545454545453,151.6060606060606,5.2272727272727275,8.098745447187374,0.015151515151515138,-5.9311688311688044,0.8225108225108215,-0.384415584415585,-0.2338805823225103,0
548351,2012-05-03,2012,Pune Warriors,Mumbai Indians,Subrata Roy Sahara Stadium,Mumbai Indians,bat,23,0.34782608695652173,145.3913043478261,144.52173913043478,5.0,7.422404168217343,68,0.5588235294117647,150.80882352941177,141.5735294117647,5.735294117647059,7.432063818836851,-0.210997442455243,-5.417519181585675,2.9482097186700855,-0.7352941176470589,-0.009659650619507687,0
548352,2012-05-04,2012,Chennai Super Kings,Deccan Chargers,"MA Chidambaram Stadium, Chepauk",Chennai Super Kings,bat,71,0.5774647887323944,159.04225352112675,147.0281690140845,5.394366197183099,7.706902916205242,68,0.39705882352941174,152.2058823529412,150.22058823529412,5.4411764705882355,7.761175129796125,0.18040596520298263,6.836371168185565,-3.1924192212096045,-0.04681027340513655,-0.054272213590882856,1
548353,2012-05-05,2012,Kolkata Knight Riders,Pune Warriors,Eden Gardens,Kolkata Knight Riders,bat,64,0.46875,142.78125,139.734375,4.71875,7.538353470075864,24,0.3333333333333333,144.29166666666666,143.33333333333334,5.0,7.353045956537229,0.13541666666666669,-1.5104166666666572,-3.598958333333343,-0.28125,0.1853075135386355,1
548354,2012-05-05,2012,Punjab Kings,Rajasthan Royals,"Punjab Cricket Association Stadium, Mohali",Rajasthan Royals,bat,67,0.4925373134328358,155.16417910447763,151.6865671641791,5.223880597014926,8.094782954998008,66,0.5303030303030303,148.5151515151515,146.21212121212122,5.333333333333333,7.709720372836218,-0.03776571687019448,6.649027589326124,5.474445952057891,-0.10945273631840724,0.38506258216179035,0
548355,2012-05-06,2012,Mumbai Indians,Chennai Super Kings,Wankhede Stadium,Mumbai Indians,field,69,0.5652173913043478,150.36231884057972,141.2463768115942,5.739130434782608,7.40952863659402,72,0.5833333333333334,159.05555555555554,147.04166666666666,5.361111111111111,7.702437249909058,-0.018115942028985588,-8.693236714975825,-5.795289855072468,0.3780193236714977,-0.2929086133150376,1
548356,2012-05-06,2012,Royal Challengers Bengaluru,Deccan Chargers,M Chinnaswamy Stadium,Royal Challengers Bengaluru,field,71,0.49295774647887325,149.2394366197183,152.54929577464787,4.816901408450704,7.868507083181983,69,0.391304347826087,152.17391304347825,150.28985507246378,5.449275362318841,7.7610078583011095,0.10165339865278628,-2.9344764237599463,2.2594407021840937,-0.6323739538681368,0.10749922488087371,1
548357,2012-05-07,2012,Delhi Capitals,Kolkata Knight Riders,Feroz Shah Kotla,Delhi Capitals,bat,66,0.5454545454545454,149.4090909090909,148.63636363636363,5.606060606060606,7.734559789750329,65,0.47692307692307695,142.8923076923077,139.72307692307692,4.753846153846154,7.5285990605139546,0.06853146853146846,6.51678321678321,8.913286713286709,0.8522144522144526,0.20596072923637454,0
548358,2012-05-08,2012,Pune Warriors,Rajasthan Royals,Subrata Roy Sahara Stadium,Pune Warriors,bat,25,0.32,144.24,143.36,5.0,7.346771438332764,67,0.5373134328358209,148.9402985074627,145.955223880597,5.373134328358209,7.6899082568807335,-0.21731343283582089,-4.700298507462691,-2.59522388059699,-0.37313432835820937,-0.3431368185479693,0
548359,2012-05-08,2012,Deccan Chargers,Punjab Kings,"Rajiv Gandhi International Stadium, Uppal",Deccan Chargers,field,70,0.38571428571428573,152.5857142857143,150.75714285714287,5.442857142857143,7.788191881918819,68,0.4852941176470588,154.85294117647058,152.02941176470588,5.235294117647059,8.105056840454724,-0.09957983193277309,-2.267226890756291,-1.2722689075630171,0.20756302521008418,-0.3168649585359047,0
548360,2012-05-09,2012,Mumbai Indians,Royal Challengers Bengaluru,Wankhede Stadium,Royal Challengers Bengaluru,field,70,0.5714285714285714,150.7,141.64285714285714,5.757142857142857,7.4251123315027465,72,0.5,149.73611111111111,152.90277777777777,4.763888888888889,7.88327962764053,0.0714285714285714,0.9638888888888744,-11.259920634920633,0.9932539682539678,-0.4581672961377832,0
548329,2012-05-10,2012,Deccan Chargers,Delhi Capitals,"Rajiv Gandhi International Stadium, Uppal",Deccan Chargers,bat,71,0.38028169014084506,152.4788732394366,151.0,5.422535211267606,7.797090909090909,67,0.5373134328358209,149.46268656716418,148.5820895522388,5.582089552238806,7.735042735042735,-0.15703174269497583,3.0161866722724255,2.4179104477611872,-0.1595543409711997,0.062048174048173976,0
548361,2012-05-10,2012,Rajasthan Royals,Chennai Super Kings,Sawai Mansingh Stadium,Chennai Super Kings,field,68,0.5441176470588235,148.60294117647058,145.5441176470588,5.367647058823529,7.662193548387096,73,0.5753424657534246,159.24657534246575,147.41095890410958,5.383561643835616,7.716744352814629,-0.031224818694601142,-10.643634165995167,-1.8668412570507655,-0.0159145850120872,-0.05455080442753335,0
548362,2012-05-11,2012,Pune Warriors,Royal Challengers Bengaluru,Subrata Roy Sahara Stadium,Pune Warriors,field,26,0.3076923076923077,143.5,142.69230769230768,4.923076923076923,7.358677685950413,73,0.5068493150684932,149.63013698630138,152.67123287671234,4.780821917808219,7.867984468761031,-0.19915700737618547,-6.13013698630138,-9.978925184404659,0.14225500526870416,-0.5093067828106177,0
548363,2012-05-12,2012,Kolkata Knight Riders,Mumbai Indians,Eden Gardens,Mumbai Indians,bat,66,0.48484848484848486,143.06060606060606,139.87878787878788,4.7727272727272725,7.528132644740419,71,0.5633802816901409,150.56338028169014,141.61971830985917,5.690140845070423,7.429802955665025,-0.07853179684165601,-7.502774221084081,-1.7409304310712912,-0.9174135723431505,0.09832968907539374,0
548364,2012-05-12,2012,Chennai Super Kings,Delhi Capitals,"MA Chidambaram Stadium, Chepauk",Chennai Super Kings,field,74,0.581081081081081,158.8108108108108,147.04054054054055,5.391891891891892,7.692470837751856,68,0.5441176470588235,150.10294117647058,149.13235294117646,5.544117647058823,7.758990053557766,0.036963434022257546,8.707869634340227,-2.0918124006359164,-0.15222575516693126,-0.06651921580591047,1
548365,2012-05-13,2012,Rajasthan Royals,Pune Warriors,Sawai Mansingh Stadium,Rajasthan Royals,bat,69,0.5362318840579711,148.2753623188406,145.2753623188406,5.36231884057971,7.6528820460618405,27,0.2962962962962963,143.2962962962963,143.66666666666666,4.814814814814815,7.400317965023848,0.23993558776167478,4.979066022544288,1.6086956521739353,0.5475040257648951,0.25256408103799277,1
548366,2012-05-13,2012,Punjab Kings,Deccan Chargers,"Punjab Cricket Association Stadium, Mohali",Deccan Chargers,bat,69,0.4927536231884058,155.07246376811594,151.85507246376812,5.260869565217392,8.08799691238904,72,0.375,152.95833333333334,151.41666666666666,5.361111111111111,7.83377245508982,0.11775362318840582,2.114130434782595,0.438405797101467,-0.10024154589371914,0.2542244572992196,1
548367,2012-05-14,2012,Royal Challengers Bengaluru,Mumbai Indians,M Chinnaswamy Stadium,Mumbai Indians,field,74,0.5135135135135135,149.94594594594594,152.43243243243242,4.837837837837838,7.852419074138531,72,0.5694444444444444,151.0,141.77777777777777,5.666666666666667,7.433009708737864,-0.05593093093093093,-1.0540540540540633,10.65465465465465,-0.8288288288288292,0.419409365400667,0
548368,2012-05-14,2012,Kolkata Knight Riders,Chennai Super Kings,Eden Gardens,Chennai Super Kings,field,67,0.47761194029850745,143.23880597014926,140.47761194029852,4.7164179104477615,7.551751805295534,75,0.5866666666666667,158.22666666666666,146.57333333333332,5.386666666666667,7.663297316138027,-0.10905472636815922,-14.987860696517401,-6.0957213930348075,-0.6702487562189052,-0.1115455108424932,0
548369,2012-05-15,2012,Delhi Capitals,Punjab Kings,Feroz Shah Kotla,Punjab Kings,bat,69,0.5362318840579711,149.57971014492753,148.63768115942028,5.478260869565218,7.755986891857828,70,0.5,155.62857142857143,152.31428571428572,5.242857142857143,8.104903078677308,0.036231884057971064,-6.048861283643902,-3.6766045548654347,0.23540372670807486,-0.3489161868194808,1
548370,2012-05-16,2012,Mumbai Indians,Kolkata Knight Riders,Wankhede Stadium,Mumbai Indians,field,73,0.5753424657534246,151.3013698630137,142.15068493150685,5.6438356164383565,7.4476076555023925,68,0.47058823529411764,143.4558823529412,140.7058823529412,4.705882352941177,7.555672545406686,0.10475423045930699,7.845487510072502,1.4448025785656569,0.9379532634971799,-0.10806488990429397,0
548371,2012-05-17,2012,Punjab Kings,Chennai Super Kings,Himachal Pradesh Cricket Association Stadium,Punjab Kings,field,71,0.49295774647887325,155.35211267605635,152.1267605633803,5.23943661971831,8.093668040464593,76,0.5921052631578947,158.25,146.69736842105263,5.381578947368421,7.665177036782399,-0.09914751667902144,-2.8978873239436496,5.429392142327657,-0.14214232765011126,0.4284910036821934,1
548372,2012-05-17,2012,Delhi Capitals,Royal Challengers Bengaluru,Feroz Shah Kotla,Delhi Capitals,field,70,0.5428571428571428,149.44285714285715,148.4142857142857,5.485714285714286,7.739508318847778,75,0.5066666666666667,150.22666666666666,152.65333333333334,4.826666666666667,7.862424173057113,0.036190476190476106,-0.7838095238095093,-4.239047619047625,0.6590476190476187,-0.12291585420933515,0
548373,2012-05-18,2012,Deccan Chargers,Rajasthan Royals,"Rajiv Gandhi International Stadium, Uppal",Rajasthan Royals,bat,73,0.3698630136986301,153.46575342465752,151.91780821917808,5.36986301369863,7.855962219598583,70,0.5428571428571428,148.5857142857143,144.95714285714286,5.414285714285715,7.630279483644568,-0.1729941291585127,4.880039138943232,6.960665362035229,-0.04442270058708431,0.225682735954015,1
548374,2012-05-19,2012,Punjab Kings,Delhi Capitals,Himachal Pradesh Cricket Association Stadium,Delhi Capitals,field,72,0.5,154.90277777777777,151.63888888888889,5.263888888888889,8.060538944259875,71,0.5352112676056338,150.07042253521126,149.35211267605635,5.422535211267606,7.783704428676291,-0.035211267605633756,4.832355242566507,2.2867762128325353,-0.15864632237871668,0.27683451558358385,0
548375,2012-05-19,2012,Pune Warriors,Kolkata Knight Riders,Subrata Roy Sahara Stadium,Kolkata Knight Riders,bat,28,0.2857142857142857,142.64285714285714,144.60714285714286,4.785714285714286,7.440735068912711,69,0.4782608695652174,143.40579710144928,140.20289855072463,4.782608695652174,7.525476468300273,-0.1925465838509317,-0.7629399585921419,4.404244306418235,0.0031055900621117516,-0.08474139938756142,0
548376,2012-05-20,2012,Deccan Chargers,Royal Challengers Bengaluru,"Rajiv Gandhi International Stadium, Uppal",Royal Challengers Bengaluru,field,74,0.3783783783783784,153.1216216216216,151.52702702702703,5.391891891891892,7.832130384167637,76,0.5131578947368421,151.07894736842104,153.1578947368421,4.881578947368421,7.885288472394715,-0.13477951635846375,2.0426742532005733,-1.6308677098150781,0.5103129445234709,-0.05315808822707879,1
548377,2012-05-20,2012,Rajasthan Royals,Mumbai Indians,Sawai Mansingh Stadium,Rajasthan Royals,bat,71,0.5352112676056338,148.26760563380282,144.70422535211267,5.408450704225352,7.618835743418614,74,0.5675675675675675,150.71621621621622,142.04054054054055,5.648648648648648,7.437028301886793,-0.03235629996193379,-2.4486105824134086,2.663684811572125,-0.24019794442329623,0.18180744153182093,0
548378,2012-05-22,2012,Delhi Capitals,Kolkata Knight Riders,Subrata Roy Sahara Stadium,Kolkata Knight Riders,bat,72,0.5416666666666666,150.0,149.22222222222223,5.458333333333333,7.7723655654690145,70,0.4857142857142857,143.3,139.61428571428573,4.828571428571428,7.486020681731137,0.05595238095238092,6.699999999999989,9.6079365079365,0.6297619047619047,0.28634488373787725,0
548379,2012-05-23,2012,Chennai Super Kings,Mumbai Indians,M Chinnaswamy Stadium,Mumbai Indians,field,77,0.5844155844155844,157.75324675324674,146.35064935064935,5.363636363636363,7.6607749830047585,75,0.5733333333333334,150.88,142.29333333333332,5.64,7.445581395348838,0.011082251082251027,6.873246753246747,4.057316017316026,-0.27636363636363637,0.21519358765592056,1
548380,2012-05-25,2012,Delhi Capitals,Chennai Super Kings,"MA Chidambaram Stadium, Chepauk",Delhi Capitals,field,73,0.5342465753424658,149.91780821917808,149.36986301369862,5.424657534246576,7.775612075112908,78,0.5897435897435898,158.12820512820514,146.32051282051282,5.397435897435898,7.654594232059021,-0.05549701440112398,-8.210396909027054,3.049350193185802,0.027221636810677907,0.12101784305388641,0
548381,2012-05-27,2012,Kolkata Knight Riders,Chennai Super Kings,"MA Chidambaram Stadium, Chepauk",Chennai Super Kings,bat,71,0.49295774647887325,143.56338028169014,139.54929577464787,4.873239436619718,7.474915126367408,79,0.5949367088607594,158.9367088607595,146.13924050632912,5.430379746835443,7.656681772963414,-0.1019789623818862,-15.373328579069351,-6.589944731681243,-0.5571403102157246,-0.18176664659600572,1
597998,2013-04-03,2013,Kolkata Knight Riders,Delhi Capitals,Eden Gardens,Kolkata Knight Riders,field,72,0.5,144.23611111111111,140.20833333333334,4.847222222222222,7.5027870680044595,74,0.527027027027027,149.72972972972974,150.33783783783784,5.405405405405405,7.821654558237638,-0.027027027027026973,-5.493618618618626,-10.129504504504496,-0.5581831831831829,-0.3188674902331785,1
597999,2013-04-04,2013,Royal Challengers Bengaluru,Mumbai Indians,M Chinnaswamy Stadium,Mumbai Indians,field,77,0.5064935064935064,150.71428571428572,152.80519480519482,4.909090909090909,7.8640971371282165,76,0.5657894736842105,150.85526315789474,142.85526315789474,5.631578947368421,7.470412844036698,-0.05929596719070407,-0.14097744360901743,9.949931647300076,-0.7224880382775121,0.39368429309151853,1
598000,2013-04-05,2013,Sunrisers Hyderabad,Pune Warriors,"Rajiv Gandhi International Stadium, Uppal",Pune Warriors,field,0,0.5,0.0,0.0,0.0,0.0,29,0.27586206896551724,141.24137931034483,144.13793103448276,4.758620689655173,7.409158050221566,0.22413793103448276,-141.24137931034483,-144.13793103448276,-4.758620689655173,-7.409158050221566,1
598001,2013-04-06,2013,Delhi Capitals,Rajasthan Royals,Feroz Shah Kotla,Rajasthan Royals,bat,75,0.52,149.44,150.01333333333332,5.386666666666667,7.807772380291464,72,0.5277777777777778,148.45833333333334,144.93055555555554,5.333333333333333,7.636297109403586,-0.007777777777777772,0.9816666666666549,5.082777777777778,0.05333333333333368,0.1714752708878784,0
598002,2013-04-06,2013,Chennai Super Kings,Mumbai Indians,"MA Chidambaram Stadium, Chepauk",Mumbai Indians,bat,80,0.5875,159.325,146.7,5.425,7.6831423895253685,77,0.5584415584415584,150.8961038961039,142.88311688311688,5.623376623376624,7.467420814479638,0.029058441558441617,8.42889610389608,3.8168831168831048,-0.19837662337662376,0.21572157504573042,0
598003,2013-04-07,2013,Pune Warriors,Punjab Kings,Subrata Roy Sahara Stadium,Pune Warriors,bat,30,0.26666666666666666,140.0,143.5,4.8,7.369472182596292,73,0.4931506849315068,154.7123287671233,151.5205479452055,5.2465753424657535,8.057059609080977,-0.22648401826484016,-14.712328767123296,-8.020547945205493,-0.4465753424657537,-0.6875874264846846,0
598004,2013-04-07,2013,Sunrisers Hyderabad,Royal Challengers Bengaluru,"Rajiv Gandhi International Stadium, Uppal",Royal Challengers Bengaluru,bat,1,1.0,126.0,104.0,9.0,5.52212389380531,78,0.5128205128205128,150.78205128205127,152.75641025641025,4.897435897435898,7.858634714741123,0.4871794871794872,-24.78205128205127,-48.75641025641025,4.102564102564102,-2.3365108209358123,1
598005,2013-04-08,2013,Rajasthan Royals,Kolkata Knight Riders,Sawai Mansingh Stadium,Kolkata Knight Riders,field,73,0.5342465753424658,148.68493150684932,145.06849315068493,5.328767123287672,7.637937252073566,73,0.5068493150684932,144.02739726027397,140.02739726027397,4.904109589041096,7.4859025997803,0.0273972602739726,4.657534246575352,5.041095890410958,0.4246575342465757,0.15203465229326607,1
598006,2013-04-09,2013,Mumbai Indians,Delhi Capitals,Wankhede Stadium,Mumbai Indians,bat,78,0.5641025641025641,150.85897435897436,142.82051282051282,5.666666666666667,7.459821428571429,76,0.5131578947368421,149.57894736842104,150.17105263157896,5.407894736842105,7.811772758384668,0.05094466936572195,1.2800269905533241,-7.350539811066142,0.25877192982456165,-0.3519513298132395,1
598048,2013-04-09,2013,Royal Challengers Bengaluru,Sunrisers Hyderabad,M Chinnaswamy Stadium,Sunrisers Hyderabad,bat,79,0.5063291139240507,150.70886075949366,152.59493670886076,4.9113924050632916,7.842350645126314,2,1.0,138.0,124.0,8.5,6.225941422594142,-0.49367088607594933,12.70886075949366,28.594936708860757,-3.5886075949367084,1.6164092225321722,1
598007,2013-04-10,2013,Punjab Kings,Chennai Super Kings,"Punjab Cricket Association Stadium, Mohali",Chennai Super Kings,field,74,0.5,153.97297297297297,150.78378378378378,5.27027027027027,8.011008735192055,81,0.5802469135802469,159.07407407407408,146.679012345679,5.432098765432099,7.677544426494346,-0.08024691358024694,-5.101101101101108,4.104771438104763,-0.16182849516182873,0.3334643086977094,0
598008,2013-04-11,2013,Royal Challengers Bengaluru,Kolkata Knight Riders,M Chinnaswamy Stadium,Royal Challengers Bengaluru,field,80,0.5125,150.85,152.7,4.925,7.845017660280424,74,0.5,143.77027027027026,139.98648648648648,4.905405405405405,7.476723204619271,0.012499999999999956,7.079729729729735,12.713513513513504,0.01959459459459456,0.36829445566115293,1
598009,2013-04-11,2013,Pune Warriors,Rajasthan Royals,Subrata Roy Sahara Stadium,Rajasthan Royals,bat,31,0.25806451612903225,138.67741935483872,142.09677419354838,4.709677419354839,7.3847443419949705,74,0.5405405405405406,148.6216216216216,144.72972972972974,5.391891891891892,7.6200640341515475,-0.2824760244115083,-9.944202266782895,-2.632955536181356,-0.6822144725370531,-0.235319692156577,1
598010,2013-04-12,2013,Delhi Capitals,Sunrisers Hyderabad,Feroz Shah Kotla,Delhi Capitals,bat,77,0.5064935064935064,149.7792207792208,150.85714285714286,5.3896103896103895,7.843349088453747,3,0.6666666666666666,145.66666666666666,136.33333333333334,6.666666666666667,7.113043478260869,-0.1601731601731602,4.112554112554136,14.523809523809518,-1.2770562770562774,0.730305610192878,0
598011,2013-04-13,2013,Mumbai Indians,Pune Warriors,Wankhede Stadium,Mumbai Indians,bat,79,0.569620253164557,151.59493670886076,143.0759493670886,5.69620253164557,7.468942731277534,32,0.28125,138.96875,142.09375,4.71875,7.375506893755069,0.288370253164557,12.626186708860757,0.9821993670886116,0.9774525316455698,0.09343583752246509,1
598012,2013-04-13,2013,Chennai Super Kings,Royal Challengers Bengaluru,"MA Chidambaram Stadium, Chepauk",Chennai Super Kings,field,82,0.5853658536585366,158.82926829268294,146.5,5.475609756097561,7.664610803913229,81,0.5185185185185185,150.93827160493828,152.679012345679,4.950617283950617,7.841276550776709,0.06684733514001806,7.890996687744661,-6.179012345679013,0.5249924721469439,-0.17666574686348024,1
598013,2013-04-14,2013,Kolkata Knight Riders,Sunrisers Hyderabad,Eden Gardens,Kolkata Knight Riders,bat,75,0.49333333333333335,143.90666666666667,140.22666666666666,4.866666666666666,7.49607982893799,4,0.75,138.0,130.25,7.0,6.72258064516129,-0.25666666666666665,5.906666666666666,9.97666666666666,-2.1333333333333337,0.7734991837766998,1
598014,2013-04-14,2013,Rajasthan Royals,Punjab Kings,Sawai Mansingh Stadium,Rajasthan Royals,field,75,0.5333333333333333,148.57333333333332,144.74666666666667,5.36,7.622703335283791,75,0.49333333333333335,153.76,150.61333333333334,5.2,8.0104006618603,0.03999999999999998,-5.186666666666667,-5.866666666666674,0.16000000000000014,-0.3876973265765091,1
598015,2013-04-15,2013,Chennai Super Kings,Pune Warriors,"MA Chidambaram Stadium, Chepauk",Pune Warriors,bat,83,0.5903614457831325,158.9156626506024,146.710843373494,5.481927710843373,7.671356572868543,33,0.2727272727272727,139.06060606060606,143.33333333333334,4.666666666666667,7.431264728986646,0.31763417305585984,19.855056589996337,3.3775100401606437,0.8152610441767063,0.2400918438818973,0
598016,2013-04-16,2013,Punjab Kings,Kolkata Knight Riders,"Punjab Cricket Association Stadium, Mohali",Kolkata Knight Riders,field,76,0.4868421052631579,153.3684210526316,150.21052631578948,5.184210526315789,7.986009094088843,76,0.5,144.3815789473684,140.02631578947367,4.894736842105263,7.478566408995081,-0.01315789473684209,8.986842105263179,10.184210526315809,0.28947368421052655,0.5074426850937614,1
598017,2013-04-16,2013,Royal Challengers Bengaluru,Delhi Capitals,M Chinnaswamy Stadium,Royal Challengers Bengaluru,field,82,0.5121951219512195,151.109756097561,152.82926829268294,4.963414634146342,7.84721352536005,78,0.5,149.32051282051282,150.3846153846154,5.397435897435898,7.818262608309265,0.012195121951219523,1.7892432770481719,2.444652908067553,-0.4340212632895559,0.028950917050784675,1
598018,2013-04-17,2013,Pune Warriors,Sunrisers Hyderabad,Maharashtra Cricket Association Stadium,Pune Warriors,field,34,0.29411764705882354,139.64705882352942,143.08823529411765,4.764705882352941,7.410510281797411,5,0.6,136.8,139.4,6.0,7.148717948717949,-0.30588235294117644,2.8470588235294088,3.6882352941176464,-1.2352941176470589,0.2617923330794616,0
598019,2013-04-17,2013,Rajasthan Royals,Mumbai Indians,Sawai Mansingh Stadium,Rajasthan Royals,bat,76,0.5394736842105263,148.27631578947367,144.44736842105263,5.394736842105263,7.607761607761608,80,0.575,151.9875,143.05,5.7125,7.463478260869565,-0.03552631578947363,-3.7111842105263406,1.3973684210526187,-0.3177631578947375,0.1442833468920428,1
598020,2013-04-18,2013,Delhi Capitals,Chennai Super Kings,Feroz Shah Kotla,Chennai Super Kings,bat,79,0.4936708860759494,149.49367088607596,150.56962025316454,5.3924050632911396,7.8187992988606485,84,0.5833333333333334,158.63095238095238,146.78571428571428,5.476190476190476,7.671090833678972,-0.08966244725738398,-9.137281494876419,3.7839059674502664,-0.08378541289933672,0.1477084651816769,0
598021,2013-04-19,2013,Sunrisers Hyderabad,Punjab Kings,"Rajiv Gandhi International Stadium, Uppal",Punjab Kings,bat,6,0.6666666666666666,133.83333333333334,134.16666666666666,6.666666666666667,6.909871244635193,77,0.4935064935064935,153.41558441558442,150.15584415584416,5.220779220779221,7.976543635736461,0.17316017316017313,-19.582251082251076,-15.989177489177507,1.445887445887446,-1.0666723911012683,1
598022,2013-04-20,2013,Kolkata Knight Riders,Chennai Super Kings,Eden Gardens,Kolkata Knight Riders,bat,77,0.4935064935064935,144.4935064935065,140.2077922077922,4.9480519480519485,7.4816354816354815,85,0.5882352941176471,158.75294117647059,146.03529411764706,5.517647058823529,7.639552774643554,-0.09472880061115357,-14.259434682964098,-5.8275019098548455,-0.5695951107715809,-0.15791729300807233,0
598023,2013-04-20,2013,Royal Challengers Bengaluru,Rajasthan Royals,M Chinnaswamy Stadium,Royal Challengers Bengaluru,field,83,0.5180722891566265,151.3012048192771,152.93975903614458,4.975903614457831,7.84548825710754,77,0.5454545454545454,148.67532467532467,143.71428571428572,5.441558441558442,7.572536496350366,-0.027382256297918905,2.625880143952429,9.225473321858857,-0.4656548271006109,0.27295176075717453,1
598024,2013-04-21,2013,Delhi Capitals,Mumbai Indians,Feroz Shah Kotla,Mumbai Indians,bat,80,0.4875,148.6625,150.75,5.3625,7.82439446366782,81,0.5679012345679012,151.2469135802469,143.40740740740742,5.666666666666667,7.478111587982833,-0.08040123456790121,-2.584413580246917,7.342592592592581,-0.30416666666666714,0.34628287568498717,1
598025,2013-04-21,2013,Punjab Kings,Pune Warriors,"Punjab Cricket Association Stadium, Mohali",Punjab Kings,field,78,0.48717948717948717,153.02564102564102,149.7948717948718,5.217948717948718,7.957321225879682,35,0.2857142857142857,138.74285714285713,142.4,4.828571428571428,7.367331855136733,0.20146520146520147,14.282783882783889,7.39487179487179,0.38937728937728977,0.5899893707429493,1
598026,2013-04-22,2013,Chennai Super Kings,Rajasthan Royals,"MA Chidambaram Stadium, Chepauk",Rajasthan Royals,bat,86,0.5930232558139535,158.34883720930233,145.6860465116279,5.534883720930233,7.617185125139326,78,0.5384615384615384,148.26923076923077,143.3846153846154,5.410256410256411,7.5610140845070415,0.05456171735241511,10.079606440071558,2.3014311270125063,0.12462731067382204,0.056171040632284175,1
598027,2013-04-23,2013,Royal Challengers Bengaluru,Pune Warriors,M Chinnaswamy Stadium,Pune Warriors,field,84,0.5238095238095238,150.96428571428572,152.51190476190476,5.035714285714286,7.8227152452676565,36,0.2777777777777778,140.02777777777777,143.55555555555554,4.777777777777778,7.421732886548588,0.24603174603174605,10.936507936507951,8.956349206349216,0.2579365079365079,0.4009823587190686,1
598059,2013-04-23,2013,Delhi Capitals,Punjab Kings,Feroz Shah Kotla,Punjab Kings,field,81,0.49382716049382713,148.8641975308642,150.8641975308642,5.333333333333333,7.826643894107601,79,0.4936708860759494,153.44303797468353,150.18987341772151,5.2025316455696204,7.972004479283315,0.0001562744178777442,-4.578840443819331,0.6743241131426885,0.1308016877637126,-0.14536058517571426,0
598029,2013-04-24,2013,Kolkata Knight Riders,Mumbai Indians,Eden Gardens,Kolkata Knight Riders,bat,78,0.48717948717948717,144.16666666666666,139.93589743589743,4.948717948717949,7.464949276188305,82,0.5609756097560976,151.3658536585366,143.67073170731706,5.609756097560975,7.50222882615156,-0.07379612257661045,-7.1991869918699365,-3.734834271419629,-0.6610381488430264,-0.03727954996325522,0
598030,2013-04-25,2013,Chennai Super Kings,Sunrisers Hyderabad,"MA Chidambaram Stadium, Chepauk",Sunrisers Hyderabad,bat,87,0.5977011494252874,158.66666666666666,146.10344827586206,5.517241379310345,7.634998498348184,7,0.7142857142857143,132.85714285714286,131.85714285714286,6.714285714285714,6.761904761904762,-0.1165845648604269,25.809523809523796,14.246305418719203,-1.1970443349753692,0.8730937364434217,1
598031,2013-04-26,2013,Kolkata Knight Riders,Punjab Kings,Eden Gardens,Punjab Kings,bat,79,0.4810126582278481,144.35443037974684,140.16455696202533,4.949367088607595,7.47165991902834,80,0.5,153.0375,149.7625,5.225,7.943204419889503,-0.01898734177215189,-8.68306962025315,-9.597943037974659,-0.275632911392405,-0.47154450086116295,1
598032,2013-04-27,2013,Rajasthan Royals,Sunrisers Hyderabad,Sawai Mansingh Stadium,Sunrisers Hyderabad,bat,79,0.5316455696202531,148.73417721518987,143.873417721519,5.3924050632911396,7.582388258839226,8,0.625,136.125,135.25,6.5,6.928495197438634,-0.09335443037974689,12.609177215189874,8.62341772151899,-1.1075949367088604,0.6538930614005922,1
598033,2013-04-27,2013,Mumbai Indians,Royal Challengers Bengaluru,Wankhede Stadium,Mumbai Indians,bat,83,0.5662650602409639,151.49397590361446,143.80722891566265,5.614457831325301,7.505344791448334,85,0.5294117647058824,152.28235294117647,152.27058823529413,5.08235294117647,7.807963000201085,0.03685329553508154,-0.7883770375620145,-8.46335931963148,0.5321048901488306,-0.3026182087527509,1
598034,2013-04-28,2013,Chennai Super Kings,Kolkata Knight Riders,"MA Chidambaram Stadium, Chepauk",Kolkata Knight Riders,field,88,0.6022727272727273,158.6818181818182,146.1931818181818,5.511363636363637,7.635770105846276,80,0.4875,144.425,140.2125,4.95,7.468042609853528,0.1147727272727273,14.256818181818176,5.980681818181807,0.5613636363636365,0.1677274959927475,1
598035,2013-04-28,2013,Delhi Capitals,Pune Warriors,Shaheed Veer Narayan Singh International Stadium,Pune Warriors,field,82,0.4878048780487805,148.5121951219512,150.4512195121951,5.317073170731708,7.816473072861669,37,0.2702702702702703,139.83783783783784,146.7027027027027,4.756756756756757,7.577477896696137,0.2175346077785102,8.67435728411337,3.7485168094924006,0.5603164139749506,0.238995176165532,1
598036,2013-04-29,2013,Rajasthan Royals,Royal Challengers Bengaluru,Sawai Mansingh Stadium,Rajasthan Royals,field,80,0.5375,148.7,143.85,5.4375,7.576036866359447,86,0.5232558139534884,152.09302325581396,152.6860465116279,5.069767441860465,7.826942181601431,0.014244186046511564,-3.393023255813972,-8.836046511627899,0.36773255813953476,-0.250905315241984,1
598037,2013-04-29,2013,Mumbai Indians,Punjab Kings,Wankhede Stadium,Mumbai Indians,bat,84,0.5714285714285714,152.0,143.6547619047619,5.630952380952381,7.493479610846616,81,0.49382716049382713,152.98765432098764,149.65432098765433,5.209876543209877,7.940174672489083,0.07760141093474426,-0.9876543209876445,-5.999559082892432,0.4210758377425048,-0.4466950616424672,1
598038,2013-04-30,2013,Pune Warriors,Chennai Super Kings,Subrata Roy Sahara Stadium,Chennai Super Kings,bat,38,0.2631578947368421,140.07894736842104,147.10526315789474,4.7631578947368425,7.59167043911272,89,0.6067415730337079,159.14606741573033,146.5505617977528,5.48314606741573,7.650601231791964,-0.3435836782968658,-19.067120047309288,0.5547013601419337,-0.7199881726788879,-0.05893079267924417,0
598039,2013-05-01,2013,Sunrisers Hyderabad,Mumbai Indians,"Rajiv Gandhi International Stadium, Uppal",Mumbai Indians,bat,9,0.5555555555555556,137.0,136.33333333333334,6.0,7.051724137931035,85,0.5764705882352941,152.25882352941176,143.88235294117646,5.682352941176471,7.5015334287466775,-0.020915032679738488,-15.258823529411757,-7.549019607843121,0.31764705882352917,-0.4498092908156428,1
598040,2013-05-01,2013,Delhi Capitals,Kolkata Knight Riders,Shaheed Veer Narayan Singh International Stadium,Kolkata Knight Riders,bat,83,0.4939759036144578,148.6987951807229,150.3975903614458,5.301204819277109,7.810010427528676,81,0.48148148148148145,144.93827160493828,140.93827160493828,4.91358024691358,7.50065703022339,0.012494422132976357,3.7605235757846174,9.459318756507514,0.38762457236352876,0.3093533973052853,1
598041,2013-05-02,2013,Chennai Super Kings,Punjab Kings,"MA Chidambaram Stadium, Chepauk",Chennai Super Kings,bat,90,0.6111111111111112,159.2,146.32222222222222,5.488888888888889,7.6349405739685,82,0.4878048780487805,153.1951219512195,149.91463414634146,5.182926829268292,7.948060344827586,0.12330623306233068,6.004878048780483,-3.592411924119233,0.3059620596205965,-0.31311977085908627,1
598042,2013-05-02,2013,Pune Warriors,Royal Challengers Bengaluru,Subrata Roy Sahara Stadium,Royal Challengers Bengaluru,bat,39,0.2564102564102564,139.74358974358975,147.48717948717947,4.717948717948718,7.605112384310268,87,0.5172413793103449,152.31034482758622,152.88505747126436,5.068965517241379,7.835640648011782,-0.2608311229000885,-12.566755083996469,-5.397877984084886,-0.35101679929266094,-0.23052826370151358,0
598043,2013-05-03,2013,Kolkata Knight Riders,Rajasthan Royals,Eden Gardens,Rajasthan Royals,bat,82,0.47560975609756095,144.82926829268294,140.8780487804878,4.890243902439025,7.502110618032255,81,0.5432098765432098,149.0,144.12345679012347,5.432098765432099,7.585445094217024,-0.06760012044564889,-4.17073170731706,-3.2454080096356677,-0.5418548629930742,-0.08333447618476963,1
598044,2013-05-04,2013,Sunrisers Hyderabad,Delhi Capitals,"Rajiv Gandhi International Stadium, Uppal",Delhi Capitals,bat,10,0.6,136.3,135.5,5.8,6.984536082474227,84,0.5,148.5595238095238,150.20238095238096,5.309523809523809,7.796292481977344,0.09999999999999998,-12.259523809523785,-14.702380952380963,0.4904761904761905,-0.8117563995031167,1
598046,2013-05-05,2013,Mumbai Indians,Chennai Super Kings,Wankhede Stadium,Mumbai Indians,bat,86,0.5697674418604651,151.98837209302326,143.72093023255815,5.651162790697675,7.498483316481295,91,0.6153846153846154,159.4945054945055,146.56043956043956,5.4945054945054945,7.643710000955202,-0.04561717352415029,-7.506133401482231,-2.839509327881416,0.15665729619218016,-0.14522668447390696,1
598047,2013-05-05,2013,Rajasthan Royals,Pune Warriors,Sawai Mansingh Stadium,Pune Warriors,bat,82,0.5365853658536586,148.79268292682926,143.9268292682927,5.390243902439025,7.5832083958020995,40,0.25,140.5,148.45,4.675,7.648776298840704,0.28658536585365857,8.292682926829258,-4.523170731707296,0.7152439024390249,-0.06556790303860449,1
598064,2013-05-06,2013,Punjab Kings,Royal Challengers Bengaluru,"Punjab Cricket Association Stadium, Mohali",Punjab Kings,field,83,0.4819277108433735,153.40963855421685,150.33734939759037,5.156626506024097,7.96468085106383,88,0.5227272727272727,152.70454545454547,153.0568181818182,5.1022727272727275,7.842212518195051,-0.040799561883899216,0.7050930996713873,-2.7194687842278142,0.05435377875136904,0.12246833286877834,1
598049,2013-05-07,2013,Rajasthan Royals,Delhi Capitals,Sawai Mansingh Stadium,Delhi Capitals,bat,83,0.5421686746987951,149.19277108433735,144.33734939759037,5.36144578313253,7.599915415521252,85,0.49411764705882355,147.75294117647059,149.38823529411764,5.294117647058823,7.779842744817727,0.0480510276399716,1.4398299078667662,-5.050885896527262,0.0673281360737068,-0.1799273292964747,1
598050,2013-05-07,2013,Mumbai Indians,Kolkata Knight Riders,Wankhede Stadium,Mumbai Indians,bat,87,0.5747126436781609,151.83908045977012,142.9655172413793,5.7011494252873565,7.476257263073532,83,0.4819277108433735,144.6867469879518,140.75903614457832,4.903614457831325,7.489902767389679,0.09278493283478739,7.152333471818309,2.206481096800985,0.7975349674560315,-0.013645504316146528,1
598051,2013-05-08,2013,Sunrisers Hyderabad,Chennai Super Kings,"Rajiv Gandhi International Stadium, Uppal",Sunrisers Hyderabad,field,11,0.6363636363636364,131.27272727272728,130.27272727272728,6.090909090909091,6.722439405785771,92,0.6086956521739131,158.6195652173913,146.47826086956522,5.489130434782608,7.635848522051186,0.02766798418972327,-27.34683794466403,-16.205533596837938,0.6017786561264824,-0.9134091162654148,0
598052,2013-05-09,2013,Punjab Kings,Rajasthan Royals,"Punjab Cricket Association Stadium, Mohali",Rajasthan Royals,field,84,0.4880952380952381,153.89285714285714,150.75,5.130952380952381,7.980882352941176,84,0.5476190476190477,149.26190476190476,144.42857142857142,5.345238095238095,7.599916475255795,-0.05952380952380959,4.63095238095238,6.321428571428584,-0.21428571428571352,0.38096587768538104,0
598053,2013-05-09,2013,Pune Warriors,Kolkata Knight Riders,Subrata Roy Sahara Stadium,Kolkata Knight Riders,bat,41,0.24390243902439024,141.41463414634146,149.26829268292684,4.682926829268292,7.686832740213523,84,0.47619047619047616,144.21428571428572,141.0952380952381,4.892857142857143,7.502057179027324,-0.23228803716608593,-2.7996515679442666,8.173054587688739,-0.20993031358885084,0.18477556118619898,0
598054,2013-05-10,2013,Delhi Capitals,Royal Challengers Bengaluru,Feroz Shah Kotla,Delhi Capitals,field,86,0.4883720930232558,147.82558139534885,149.43023255813952,5.244186046511628,7.788484848484848,89,0.5168539325842697,153.12359550561797,153.4494382022472,5.089887640449438,7.869201959089599,-0.02848183956101391,-5.298014110269122,-4.019205644107672,0.15429840606218992,-0.08071711060475106,0
598055,2013-05-11,2013,Pune Warriors,Mumbai Indians,Subrata Roy Sahara Stadium,Pune Warriors,bat,42,0.23809523809523808,140.57142857142858,149.16666666666666,4.714285714285714,7.676128241780682,88,0.5795454545454546,152.04545454545453,142.4318181818182,5.738636363636363,7.451843043995244,-0.3414502164502165,-11.474025974025949,6.73484848484847,-1.024350649350649,0.22428519778543787,0
598056,2013-05-11,2013,Punjab Kings,Sunrisers Hyderabad,"Punjab Cricket Association Stadium, Mohali",Punjab Kings,field,85,0.4823529411764706,153.78823529411764,150.69411764705882,5.094117647058823,7.977371808179364,12,0.5833333333333334,132.5,137.83333333333334,5.833333333333333,7.093638313080772,-0.10098039215686277,21.28823529411764,12.860784313725475,-0.7392156862745098,0.8837334950985918,0
598057,2013-05-12,2013,Kolkata Knight Riders,Royal Challengers Bengaluru,JSCA International Stadium Complex,Kolkata Knight Riders,field,85,0.4823529411764706,144.30588235294118,140.68235294117648,4.952941176470588,7.4768653605669035,90,0.5222222222222223,153.45555555555555,153.66666666666666,5.111111111111111,7.878097408145828,-0.03986928104575166,-9.149673202614366,-12.984313725490182,-0.15816993464052231,-0.40123204757892417,1
598058,2013-05-12,2013,Rajasthan Royals,Chennai Super Kings,Sawai Mansingh Stadium,Rajasthan Royals,field,85,0.5529411764705883,149.23529411764707,144.36470588235295,5.352941176470588,7.591874613322335,93,0.6129032258064516,159.31182795698925,146.4731182795699,5.494623655913978,7.632085162013261,-0.059962049335863354,-10.076533839342176,-2.108412397216938,-0.14168247944339019,-0.04021054869092566,1
598060,2013-05-13,2013,Mumbai Indians,Sunrisers Hyderabad,Wankhede Stadium,Sunrisers Hyderabad,bat,89,0.5842696629213483,151.64044943820224,142.0561797752809,5.752808988764045,7.428319623971798,13,0.6153846153846154,133.84615384615384,136.0,5.923076923076923,6.9835418038183015,-0.03111495246326712,17.7942955920484,6.056179775280896,-0.17026793431287857,0.44477782015349643,1
598045,2013-05-14,2013,Royal Challengers Bengaluru,Punjab Kings,M Chinnaswamy Stadium,Punjab Kings,field,91,0.5164835164835165,153.03296703296704,153.24175824175825,5.1098901098901095,7.857075781763546,86,0.47674418604651164,153.3953488372093,150.65116279069767,5.104651162790698,7.969653475497232,0.039739330437004894,-0.3623818042422613,2.5905954510605795,0.005238947099411639,-0.11257769373368554,0
598062,2013-05-14,2013,Chennai Super Kings,Delhi Capitals,"MA Chidambaram Stadium, Chepauk",Chennai Super Kings,bat,94,0.6063829787234043,159.11702127659575,146.4468085106383,5.48936170212766,7.639289678135405,87,0.4827586206896552,148.183908045977,149.816091954023,5.218390804597701,7.804790419161677,0.1236243580337491,10.933113230618744,-3.3692834433846883,0.27097089752995895,-0.16550074102627121,1
598061,2013-05-15,2013,Kolkata Knight Riders,Pune Warriors,JSCA International Stadium Complex,Kolkata Knight Riders,field,86,0.4883720930232558,143.97674418604652,140.36046511627907,5.0,7.454302181967888,43,0.23255813953488372,139.90697674418604,148.3953488372093,4.72093023255814,7.641916167664671,0.2558139534883721,4.069767441860478,-8.034883720930225,0.2790697674418601,-0.18761398569678267,0
598063,2013-05-15,2013,Mumbai Indians,Rajasthan Royals,Wankhede Stadium,Rajasthan Royals,field,90,0.5888888888888889,152.0,142.44444444444446,5.722222222222222,7.444831591173054,86,0.5581395348837209,149.17441860465115,144.2674418604651,5.325581395348837,7.582195966591974,0.030749354005167984,2.8255813953488484,-1.8229974160206552,0.3966408268733854,-0.13736437541891977,1
598028,2013-05-16,2013,Punjab Kings,Delhi Capitals,Himachal Pradesh Cricket Association Stadium,Delhi Capitals,field,87,0.4827586206896552,153.6551724137931,150.90804597701148,5.103448275862069,7.977921814867328,88,0.4772727272727273,148.0340909090909,150.0,5.193181818181818,7.810650887573964,0.0054858934169279006,5.621081504702204,0.9080459770114828,-0.08973354231974895,0.16727092729336324,1
598065,2013-05-17,2013,Sunrisers Hyderabad,Rajasthan Royals,"Rajiv Gandhi International Stadium, Uppal",Sunrisers Hyderabad,bat,14,0.5714285714285714,137.0,139.35714285714286,5.714285714285714,7.155256723716381,87,0.5517241379310345,149.20689655172413,144.48275862068965,5.333333333333333,7.589052123163615,0.019704433497536922,-12.206896551724128,-5.12561576354679,0.3809523809523814,-0.43379539944723433,1
598066,2013-05-18,2013,Punjab Kings,Mumbai Indians,Himachal Pradesh Cricket Association Stadium,Mumbai Indians,field,88,0.48863636363636365,153.85227272727272,150.9431818181818,5.125,7.97458475085051,91,0.5934065934065934,152.15384615384616,142.46153846153845,5.736263736263736,7.442020665901263,-0.10477022977022976,1.6984265734265591,8.48164335664336,-0.6112637362637363,0.5325640849492466,1
598068,2013-05-18,2013,Royal Challengers Bengaluru,Chennai Super Kings,M Chinnaswamy Stadium,Chennai Super Kings,field,92,0.5108695652173914,153.2608695652174,153.44565217391303,5.086956521739131,7.873396542108199,95,0.6105263157894737,159.21052631578948,146.2842105263158,5.526315789473684,7.627332601536772,-0.09965675057208234,-5.949656750572075,7.161441647597229,-0.43935926773455325,0.24606394057142644,1
598067,2013-05-19,2013,Pune Warriors,Delhi Capitals,Subrata Roy Sahara Stadium,Pune Warriors,bat,44,0.25,140.5909090909091,148.63636363636363,4.704545454545454,7.649122807017544,89,0.47191011235955055,148.2134831460674,150.1685393258427,5.179775280898877,7.815789473684211,-0.22191011235955055,-7.62257405515831,-1.532175689479061,-0.4752298263534227,-0.16666666666666696,1
598069,2013-05-19,2013,Sunrisers Hyderabad,Kolkata Knight Riders,"Rajiv Gandhi International Stadium, Uppal",Kolkata Knight Riders,bat,15,0.6,136.93333333333334,137.33333333333334,5.866666666666666,7.03872437357631,87,0.4827586206896552,144.19540229885058,140.70114942528735,4.977011494252873,7.467059780398536,0.11724137931034478,-7.262068965517244,-3.367816091954012,0.8896551724137929,-0.42833540682222626,1
598070,2013-05-21,2013,Chennai Super Kings,Mumbai Indians,Feroz Shah Kotla,Chennai Super Kings,bat,96,0.6041666666666666,158.40625,145.83333333333334,5.489583333333333,7.6502732240437155,92,0.5869565217391305,151.94565217391303,142.8695652173913,5.75,7.459704880817253,0.017210144927536142,6.460597826086968,2.963768115942031,-0.26041666666666696,0.1905683432264622,1
598071,2013-05-22,2013,Rajasthan Royals,Sunrisers Hyderabad,Feroz Shah Kotla,Sunrisers Hyderabad,bat,88,0.5454545454545454,148.79545454545453,144.27272727272728,5.3522727272727275,7.573672698349573,16,0.625,136.625,136.4375,5.875,6.981876332622601,-0.07954545454545459,12.170454545454533,7.8352272727272805,-0.5227272727272725,0.5917963657269718,1
598072,2013-05-24,2013,Mumbai Indians,Rajasthan Royals,Eden Gardens,Rajasthan Royals,bat,93,0.5806451612903226,151.86021505376345,143.38709677419354,5.698924731182796,7.483164983164984,89,0.550561797752809,148.64044943820224,144.1123595505618,5.348314606741573,7.561013951660445,0.03008336353751362,3.219765615561215,-0.725262776368254,0.3506101244412232,-0.07784896849546108,1
598073,2013-05-26,2013,Chennai Super Kings,Mumbai Indians,Eden Gardens,Mumbai Indians,bat,97,0.6082474226804123,158.75257731958763,145.7835051546392,5.536082474226804,7.6492967904796245,94,0.5851063829787234,152.04255319148936,143.5744680851064,5.702127659574468,7.48945615982242,0.023141039701688904,6.710024128098269,2.2090370695327977,-0.16604518534766388,0.15984063065720466,0
729279,2014-04-16,2014,Mumbai Indians,Kolkata Knight Riders,Sheikh Zayed Stadium,Kolkata Knight Riders,bat,95,0.5894736842105263,152.0,143.3578947368421,5.7368421052631575,7.474753018660812,88,0.4772727272727273,144.0340909090909,140.5909090909091,4.965909090909091,7.46125238717459,0.11220095693779897,7.9659090909090935,2.766985645933005,0.7709330143540667,0.013500631486222048,0
729281,2014-04-17,2014,Delhi Capitals,Royal Challengers Bengaluru,Sharjah Cricket Stadium,Royal Challengers Bengaluru,field,90,0.4666666666666667,148.05555555555554,150.38888888888889,5.177777777777778,7.823699421965318,93,0.5161290322580645,152.752688172043,152.67741935483872,5.096774193548387,7.883953359244864,-0.04946236559139783,-4.697132616487465,-2.288530465949833,0.08100358422939102,-0.060253937279545866,0
729283,2014-04-18,2014,Chennai Super Kings,Punjab Kings,Sheikh Zayed Stadium,Chennai Super Kings,bat,98,0.6020408163265306,158.40816326530611,145.78571428571428,5.561224489795919,7.645558330360328,89,0.4943820224719101,154.17977528089887,150.67415730337078,5.168539325842697,7.959244237807894,0.10765879385462052,4.228387984407249,-4.888443017656499,0.39268516395322184,-0.3136859074475664,0
729285,2014-04-18,2014,Sunrisers Hyderabad,Rajasthan Royals,Sheikh Zayed Stadium,Rajasthan Royals,field,17,0.5882352941176471,136.35294117647058,136.35294117647058,5.882352941176471,6.981927710843373,90,0.5444444444444444,148.82222222222222,144.32222222222222,5.355555555555555,7.568612217150626,0.04379084967320268,-12.469281045751643,-7.969281045751643,0.5267973856209158,-0.586684506307253,0
729287,2014-04-19,2014,Royal Challengers Bengaluru,Mumbai Indians,Dubai International Cricket Stadium,Royal Challengers Bengaluru,field,94,0.5212765957446809,152.68085106382978,152.59574468085106,5.085106382978723,7.876990664470071,96,0.5833333333333334,151.6875,143.52083333333334,5.729166666666667,7.479913137893594,-0.06205673758865249,0.9933510638297776,9.074911347517713,-0.6440602836879439,0.397077526576477,1
729289,2014-04-19,2014,Kolkata Knight Riders,Delhi Capitals,Dubai International Cricket Stadium,Kolkata Knight Riders,bat,89,0.48314606741573035,144.24719101123594,140.3370786516854,4.98876404494382,7.4426457443638885,91,0.46153846153846156,148.02197802197801,150.34065934065933,5.142857142857143,7.832633587786259,0.021607605877268787,-3.774787010742074,-10.003580688973926,-0.15409309791332326,-0.3899878434223707,0
729291,2014-04-20,2014,Rajasthan Royals,Punjab Kings,Sharjah Cricket Stadium,Punjab Kings,field,91,0.5494505494505495,148.67032967032966,144.13186813186815,5.362637362637362,7.554574253623883,90,0.5,154.75555555555556,151.25555555555556,5.155555555555556,7.984944764884153,0.0494505494505495,-6.085225885225896,-7.123687423687414,0.20708180708180635,-0.4303705112602696,0
729293,2014-04-21,2014,Chennai Super Kings,Delhi Capitals,Sheikh Zayed Stadium,Chennai Super Kings,bat,99,0.5959595959595959,158.87878787878788,146.3838383838384,5.545454545454546,7.677880794701987,92,0.4673913043478261,148.22826086956522,150.5,5.141304347826087,7.837358490566038,0.1285682916117698,10.650527009222657,-4.116161616161605,0.40415019762845894,-0.1594776958640507,1
729295,2014-04-22,2014,Punjab Kings,Sunrisers Hyderabad,Sharjah Cricket Stadium,Sunrisers Hyderabad,field,91,0.5054945054945055,155.17582417582418,151.65934065934067,5.142857142857143,8.001352787708958,18,0.5555555555555556,136.16666666666666,136.11111111111111,5.888888888888889,6.970128022759602,-0.050061050061050105,19.009157509157518,15.548229548229557,-0.746031746031746,1.0312247649493562,1
729297,2014-04-23,2014,Rajasthan Royals,Chennai Super Kings,Dubai International Cricket Stadium,Rajasthan Royals,field,92,0.5434782608695652,149.1304347826087,144.6086956521739,5.336956521739131,7.581346756577073,100,0.6,159.06,145.76,5.58,7.658814256940187,-0.05652173913043479,-9.929565217391314,-1.151304347826084,-0.24304347826086925,-0.077467500363114,0
729299,2014-04-24,2014,Royal Challengers Bengaluru,Kolkata Knight Riders,Sharjah Cricket Stadium,Royal Challengers Bengaluru,field,95,0.5263157894736842,152.29473684210527,152.1578947368421,5.11578947368421,7.85171102661597,90,0.4777777777777778,144.48888888888888,140.56666666666666,4.988888888888889,7.451992931474573,0.04853801169590638,7.805847953216386,11.591228070175447,0.1269005847953215,0.399718095141397,0
729301,2014-04-25,2014,Sunrisers Hyderabad,Delhi Capitals,Dubai International Cricket Stadium,Sunrisers Hyderabad,bat,19,0.5263157894736842,135.3684210526316,138.8421052631579,5.894736842105263,7.1009421265141315,93,0.46236559139784944,147.53763440860214,150.752688172043,5.150537634408602,7.847014925373134,0.06395019807583474,-12.169213355970555,-11.910582908885118,0.7441992076966608,-0.7460727988590028,1
729303,2014-04-25,2014,Chennai Super Kings,Mumbai Indians,Dubai International Cricket Stadium,Mumbai Indians,bat,101,0.6039603960396039,158.87128712871288,145.63366336633663,5.603960396039604,7.648985959438377,97,0.5773195876288659,151.30927835051546,143.22680412371133,5.701030927835052,7.4713632696961545,0.026640808410738015,7.5620087781974235,2.406859242625302,-0.09707053179544811,0.17762268974222284,1
729305,2014-04-26,2014,Rajasthan Royals,Royal Challengers Bengaluru,Sheikh Zayed Stadium,Rajasthan Royals,field,93,0.5376344086021505,148.95698924731184,144.53763440860214,5.333333333333333,7.5736688890975685,96,0.5208333333333334,152.25,152.10416666666666,5.135416666666667,7.84631918323482,0.016801075268817134,-3.2930107526881613,-7.5665322580645125,0.19791666666666607,-0.27265029413725106,1
729307,2014-04-26,2014,Kolkata Knight Riders,Punjab Kings,Sheikh Zayed Stadium,Kolkata Knight Riders,field,91,0.4835164835164835,144.54945054945054,140.5934065934066,4.989010989010989,7.448476615563749,92,0.5108695652173914,155.58695652173913,151.29347826086956,5.195652173913044,7.980315336837076,-0.027353081700907833,-11.037505972288585,-10.700071667462964,-0.20664118490205485,-0.5318387212733269,0
729309,2014-04-27,2014,Delhi Capitals,Mumbai Indians,Sharjah Cricket Stadium,Mumbai Indians,bat,94,0.4574468085106383,147.88297872340425,151.0744680851064,5.1063829787234045,7.860332103321033,98,0.5714285714285714,151.20408163265307,143.1734693877551,5.673469387755102,7.469257386212403,-0.1139817629179331,-3.321102909248822,7.900998697351298,-0.5670864090316972,0.39107471710862995,1
729311,2014-04-27,2014,Sunrisers Hyderabad,Chennai Super Kings,Sharjah Cricket Stadium,Sunrisers Hyderabad,bat,20,0.55,137.8,140.75,5.8,7.19029374201788,102,0.6078431372549019,158.7058823529412,145.57843137254903,5.607843137254902,7.642305712815234,-0.057843137254901866,-20.905882352941177,-4.8284313725490335,0.19215686274509824,-0.4520119707973542,0
729313,2014-04-28,2014,Punjab Kings,Royal Challengers Bengaluru,Dubai International Cricket Stadium,Punjab Kings,field,93,0.5161290322580645,155.33333333333334,150.78494623655914,5.236559139784946,7.9563120567375885,97,0.5154639175257731,151.4020618556701,151.2577319587629,5.11340206185567,7.8292422625400215,0.0006651147322913609,3.9312714776632447,-0.4727857222037528,0.12315707792927633,0.12706979419756692,1
729315,2014-04-29,2014,Kolkata Knight Riders,Rajasthan Royals,Sheikh Zayed Stadium,Rajasthan Royals,bat,92,0.4782608695652174,144.16304347826087,140.4673913043478,5.021739130434782,7.436984461922117,94,0.5425531914893617,148.12765957446808,143.7127659574468,5.372340425531915,7.547630133159513,-0.06429232192414425,-3.964616096207209,-3.2453746530989918,-0.35060129509713267,-0.11064567123739533,0
729317,2014-04-30,2014,Mumbai Indians,Sunrisers Hyderabad,Dubai International Cricket Stadium,Mumbai Indians,field,99,0.5656565656565656,150.93939393939394,142.9090909090909,5.656565656565657,7.456126482213438,21,0.5238095238095238,138.14285714285714,140.8095238095238,5.761904761904762,7.194647201946472,0.0418470418470418,12.796536796536799,2.0995670995671105,-0.10533910533910529,0.26147928026696654,0
733971,2014-05-02,2014,Chennai Super Kings,Kolkata Knight Riders,JSCA International Stadium Complex,Chennai Super Kings,bat,103,0.6116504854368932,158.58252427184465,145.44660194174756,5.601941747572815,7.631686194600102,93,0.4731182795698925,144.36559139784947,140.70967741935485,5.010752688172043,7.440864291129643,0.13853220586700066,14.216932873995177,4.736924522392712,0.5911890594007723,0.19082190347045813,1
733973,2014-05-03,2014,Mumbai Indians,Punjab Kings,Wankhede Stadium,Punjab Kings,bat,100,0.56,151.0,143.15,5.65,7.465449804432855,94,0.5212765957446809,155.03191489361703,150.40425531914894,5.26595744680851,7.93155680224404,0.03872340425531917,-4.031914893617028,-7.254255319148939,0.38404255319148994,-0.4661069978111847,1
733975,2014-05-03,2014,Delhi Capitals,Rajasthan Royals,Feroz Shah Kotla,Rajasthan Royals,field,95,0.4631578947368421,147.65263157894736,150.73684210526315,5.094736842105263,7.839416058394161,95,0.5473684210526316,148.2842105263158,143.8736842105263,5.389473684210526,7.54790612057064,-0.08421052631578951,-0.631578947368439,6.863157894736844,-0.2947368421052632,0.29150993782352064,0
733977,2014-05-04,2014,Royal Challengers Bengaluru,Sunrisers Hyderabad,M Chinnaswamy Stadium,Royal Challengers Bengaluru,field,98,0.5102040816326531,151.12244897959184,150.96938775510205,5.112244897959184,7.816324733644449,22,0.5454545454545454,139.6818181818182,141.4090909090909,5.818181818181818,7.218097447795824,-0.03525046382189234,11.44063079777365,9.560296846011141,-0.7059369202226344,0.5982272858486253,1
733979,2014-05-05,2014,Rajasthan Royals,Kolkata Knight Riders,"Sardar Patel Stadium, Motera",Kolkata Knight Riders,field,96,0.5520833333333334,148.36458333333334,143.92708333333334,5.385416666666667,7.5468365953573056,94,0.46808510638297873,144.04255319148936,140.7340425531915,4.98936170212766,7.450159564482823,0.08399822695035464,4.322030141843982,3.1930407801418426,0.39605496453900724,0.0966770308744822,1
733981,2014-05-05,2014,Delhi Capitals,Chennai Super Kings,Feroz Shah Kotla,Chennai Super Kings,field,96,0.4583333333333333,147.69791666666666,150.78125,5.072916666666667,7.844819799476109,104,0.6153846153846154,158.48076923076923,145.1153846153846,5.625,7.622222222222222,-0.1570512820512821,-10.78285256410257,5.665865384615387,-0.552083333333333,0.22259757725388685,0
733983,2014-05-06,2014,Mumbai Indians,Royal Challengers Bengaluru,Wankhede Stadium,Royal Challengers Bengaluru,field,101,0.5643564356435643,151.1881188118812,143.32673267326732,5.633663366336633,7.471483870967742,99,0.5151515151515151,151.1919191919192,150.97979797979798,5.121212121212121,7.814062908425547,0.049204920492049165,-0.0038003800380010944,-7.653065306530664,0.5124512451245122,-0.3425790374578055,1
733985,2014-05-07,2014,Delhi Capitals,Kolkata Knight Riders,Feroz Shah Kotla,Delhi Capitals,bat,97,0.4536082474226804,148.01030927835052,151.0,5.041237113402062,7.85432120832961,95,0.4631578947368421,144.21052631578948,141.01052631578946,4.989473684210527,7.460181919435678,-0.009549647314161691,3.7997829625610393,9.989473684210537,0.05176342919153498,0.3941392888939319,0
733987,2014-05-07,2014,Punjab Kings,Chennai Super Kings,Barabati Stadium,Chennai Super Kings,field,95,0.5157894736842106,155.16842105263157,150.57894736842104,5.2631578947368425,7.939870490286771,105,0.6190476190476191,158.6952380952381,145.37142857142857,5.609523809523809,7.632,-0.1032581453634085,-3.526817042606524,5.207518796992474,-0.34636591478696666,0.3078704902867715,1
733989,2014-05-08,2014,Rajasthan Royals,Sunrisers Hyderabad,"Sardar Patel Stadium, Motera",Rajasthan Royals,field,97,0.5567010309278351,148.58762886597938,144.04123711340208,5.391752577319588,7.54903196758217,23,0.5217391304347826,140.34782608695653,142.08695652173913,5.782608695652174,7.248798521256932,0.03496190049305248,8.239802779022853,1.9542805916629504,-0.3908561183325858,0.3002334463252385,0
733991,2014-05-09,2014,Royal Challengers Bengaluru,Punjab Kings,M Chinnaswamy Stadium,Royal Challengers Bengaluru,field,100,0.51,151.36,151.22,5.11,7.8237475209105805,96,0.5208333333333334,155.95833333333334,150.94791666666666,5.260416666666667,7.9548032936871,-0.010833333333333361,-4.598333333333329,0.27208333333334167,-0.15041666666666664,-0.13105577277651914,0
733993,2014-05-10,2014,Delhi Capitals,Sunrisers Hyderabad,Feroz Shah Kotla,Sunrisers Hyderabad,field,98,0.4489795918367347,148.1326530612245,150.98979591836735,5.010204081632653,7.857509514116293,24,0.5416666666666666,140.08333333333334,140.20833333333334,5.916666666666667,7.149433427762039,-0.09268707482993194,8.049319727891145,10.781462585034006,-0.9064625850340136,0.7080760863542537,0
733995,2014-05-10,2014,Mumbai Indians,Chennai Super Kings,Wankhede Stadium,Chennai Super Kings,field,102,0.5686274509803921,151.5392156862745,143.50980392156862,5.647058823529412,7.477905491698595,106,0.6132075471698113,158.96226415094338,146.1320754716981,5.59433962264151,7.6683168316831685,-0.04458009618941916,-7.423048464668881,-2.622271550129483,0.052719200887902495,-0.19041133998457305,0
733997,2014-05-11,2014,Punjab Kings,Kolkata Knight Riders,Barabati Stadium,Kolkata Knight Riders,field,97,0.5257731958762887,156.39175257731958,151.09278350515464,5.298969072164948,7.9580090497737555,96,0.46875,144.38541666666666,141.14583333333334,4.979166666666667,7.462823572608775,0.05702319587628868,12.006335910652922,9.9469501718213,0.3198024054982813,0.4951854771649806,0
733999,2014-05-11,2014,Royal Challengers Bengaluru,Rajasthan Royals,M Chinnaswamy Stadium,Royal Challengers Bengaluru,bat,101,0.504950495049505,151.5049504950495,151.66336633663366,5.138613861386139,7.843987368780405,98,0.5510204081632653,148.1122448979592,143.83673469387756,5.408163265306122,7.534610244988865,-0.0460699131137603,3.392705597090327,7.826631642756098,-0.2695494039199833,0.30937712379154014,0
734001,2014-05-12,2014,Sunrisers Hyderabad,Mumbai Indians,"Rajiv Gandhi International Stadium, Uppal",Sunrisers Hyderabad,bat,25,0.56,136.24,140.16,5.96,7.141304347826087,103,0.5631067961165048,151.59223300970874,143.61165048543688,5.640776699029126,7.482043500252908,-0.003106796116504773,-15.352233009708726,-3.451650485436886,0.31922330097087404,-0.3407391524268215,0
734003,2014-05-13,2014,Chennai Super Kings,Rajasthan Royals,JSCA International Stadium Complex,Rajasthan Royals,bat,107,0.616822429906542,158.97196261682242,146.2336448598131,5.598130841121495,7.670098039215686,99,0.5555555555555556,148.54545454545453,144.2828282828283,5.404040404040404,7.554341119435875,0.06126687435098643,10.426508071367891,1.9508165769848063,0.19409043708109142,0.11575691977981073,1
734005,2014-05-13,2014,Royal Challengers Bengaluru,Delhi Capitals,M Chinnaswamy Stadium,Delhi Capitals,field,102,0.5,151.88235294117646,152.0392156862745,5.137254901960785,7.865426880811496,99,0.4444444444444444,148.08080808080808,149.84848484848484,4.97979797979798,7.859602649006622,0.05555555555555558,3.801544860368381,2.1907308377896584,0.1574569221628046,0.00582423180487357,1
734007,2014-05-14,2014,Sunrisers Hyderabad,Punjab Kings,"Rajiv Gandhi International Stadium, Uppal",Punjab Kings,field,26,0.5384615384615384,137.03846153846155,140.92307692307693,5.846153846153846,7.193717277486911,98,0.5204081632653061,156.31632653061226,151.0612244897959,5.255102040816326,7.960566409750851,0.01805337519623229,-19.27786499215071,-10.13814756671897,0.5910518053375196,-0.7668491322639399,0
734009,2014-05-14,2014,Kolkata Knight Riders,Mumbai Indians,Barabati Stadium,Kolkata Knight Riders,field,97,0.4742268041237113,144.44329896907217,141.20618556701032,5.0,7.461594334483385,104,0.5673076923076923,151.67307692307693,143.73076923076923,5.605769230769231,7.485227841762644,-0.09308088818398097,-7.22977795400476,-2.5245836637589036,-0.6057692307692308,-0.023633507279258836,1
734011,2014-05-15,2014,Rajasthan Royals,Delhi Capitals,"Sardar Patel Stadium, Motera",Delhi Capitals,field,100,0.55,148.54,144.3,5.4,7.552996597749281,100,0.44,148.3,150.17,4.96,7.872608125819135,0.11000000000000004,0.23999999999998067,-5.869999999999976,0.4400000000000004,-0.3196115280698546,1
734013,2014-05-18,2014,Chennai Super Kings,Royal Challengers Bengaluru,JSCA International Stadium Complex,Chennai Super Kings,bat,108,0.6203703703703703,158.87962962962962,146.21296296296296,5.611111111111111,7.665533980582524,103,0.5048543689320388,152.2135922330097,152.15533980582524,5.145631067961165,7.868786610878661,0.11551600143833152,6.666037396619913,-5.942376842862274,0.4654800431499453,-0.20325263029613616,0
734015,2014-05-18,2014,Sunrisers Hyderabad,Kolkata Knight Riders,"Rajiv Gandhi International Stadium, Uppal",Sunrisers Hyderabad,bat,27,0.5185185185185185,139.55555555555554,143.40740740740742,5.7407407407407405,7.333333333333333,98,0.47959183673469385,144.41836734693877,141.19387755102042,5.0,7.456619364109933,0.038926681783824635,-4.862811791383223,2.213529856386998,0.7407407407407405,-0.12328603077660016,0
734017,2014-05-19,2014,Rajasthan Royals,Mumbai Indians,"Sardar Patel Stadium, Motera",Mumbai Indians,bat,101,0.5544554455445545,149.05940594059405,144.21782178217822,5.425742574257426,7.545195545195545,105,0.5619047619047619,151.57142857142858,143.7047619047619,5.59047619047619,7.4858607574003635,-0.007449316360207403,-2.5120226308345366,0.5130598774163104,-0.16473361621876403,0.059334787795181754,0
734019,2014-05-19,2014,Delhi Capitals,Punjab Kings,Feroz Shah Kotla,Punjab Kings,field,101,0.43564356435643564,148.20792079207922,150.5742574257426,4.96039603960396,7.890012970168613,99,0.5252525252525253,156.86868686868686,151.59595959595958,5.242424242424242,7.984394396169534,-0.08960896089608966,-8.660766076607644,-1.0217021702169973,-0.28202820282028185,-0.09438142600092103,0
734021,2014-05-20,2014,Sunrisers Hyderabad,Royal Challengers Bengaluru,"Rajiv Gandhi International Stadium, Uppal",Royal Challengers Bengaluru,bat,28,0.5,139.64285714285714,143.46428571428572,5.607142857142857,7.33475349969568,104,0.5096153846153846,152.1153846153846,151.9903846153846,5.134615384615385,7.857663628831814,-0.009615384615384581,-12.472527472527474,-8.52609890109889,0.47252747252747174,-0.5229101291361342,1
734023,2014-05-20,2014,Kolkata Knight Riders,Chennai Super Kings,Eden Gardens,Kolkata Knight Riders,field,99,0.48484848484848486,144.43434343434345,141.1818181818182,5.02020202020202,7.451750488715123,109,0.6146788990825688,158.6880733944954,146.09174311926606,5.605504587155964,7.656382722974596,-0.12983041423408392,-14.253729960151958,-4.909924937447869,-0.5853025669539438,-0.2046322342594733,1
734025,2014-05-21,2014,Punjab Kings,Mumbai Indians,"Punjab Cricket Association Stadium, Mohali",Mumbai Indians,field,100,0.53,156.95,151.71,5.26,7.986137918933146,106,0.5660377358490566,151.82075471698113,143.78301886792454,5.613207547169812,7.486982151629277,-0.03603773584905656,5.129245283018861,7.926981132075468,-0.35320754716981195,0.49915576730386846,0
734027,2014-05-22,2014,Kolkata Knight Riders,Royal Challengers Bengaluru,Eden Gardens,Royal Challengers Bengaluru,field,100,0.49,144.55,141.31,5.0,7.454369614911201,105,0.5047619047619047,152.1904761904762,152.03809523809525,5.104761904761904,7.8588775845093535,-0.014761904761904754,-7.640476190476193,-10.72809523809525,-0.10476190476190439,-0.4045079695981526,1
734029,2014-05-22,2014,Chennai Super Kings,Sunrisers Hyderabad,JSCA International Stadium Complex,Sunrisers Hyderabad,field,110,0.6090909090909091,158.64545454545456,146.15454545454546,5.572727272727272,7.66362119647255,29,0.5172413793103449,140.3793103448276,143.93103448275863,5.586206896551724,7.352906635349384,0.09184952978056427,18.266144200626968,2.2235109717868227,-0.013479623824451892,0.31071456112316653,0
734031,2014-05-23,2014,Mumbai Indians,Delhi Capitals,Wankhede Stadium,Delhi Capitals,field,107,0.5700934579439252,151.88785046728972,143.85046728971963,5.616822429906542,7.487595265120805,102,0.43137254901960786,148.36274509803923,150.6764705882353,4.970588235294118,7.8930069331507315,0.13872090892431732,3.525105369250497,-6.826003298515673,0.6462341946124246,-0.40541166802992645,1
734033,2014-05-23,2014,Punjab Kings,Rajasthan Royals,"Punjab Cricket Association Stadium, Mohali",Rajasthan Royals,field,101,0.5247524752475248,156.94059405940595,151.78217821782178,5.237623762376238,7.9899235580264065,102,0.5490196078431373,149.09803921568627,144.51960784313727,5.392156862745098,7.557549346321456,-0.02426713259561253,7.842554843719682,7.262570374684515,-0.1545331003688606,0.4323742117049507,1
734035,2014-05-24,2014,Royal Challengers Bengaluru,Chennai Super Kings,M Chinnaswamy Stadium,Chennai Super Kings,field,106,0.5,152.31132075471697,152.4245283018868,5.084905660377358,7.876340591485213,111,0.6036036036036037,158.88288288288288,146.53153153153153,5.54954954954955,7.681227863046045,-0.10360360360360366,-6.571562128165908,5.892996770355268,-0.46464388917219157,0.1951127284391676,0
734037,2014-05-24,2014,Kolkata Knight Riders,Sunrisers Hyderabad,Eden Gardens,Kolkata Knight Riders,field,101,0.49504950495049505,145.04950495049505,141.46534653465346,5.0,7.458500087001914,30,0.5333333333333333,142.0,145.06666666666666,5.466666666666667,7.405558706749859,-0.03828382838283828,3.0495049504950487,-3.6013201320132,-0.4666666666666668,0.0529413802520553,1
734039,2014-05-25,2014,Punjab Kings,Delhi Capitals,"Punjab Cricket Association Stadium, Mohali",Punjab Kings,field,102,0.5294117647058824,157.15686274509804,151.85294117647058,5.264705882352941,7.989511691884457,103,0.42718446601941745,148.45631067961165,150.83495145631068,4.990291262135922,7.899661016949152,0.1022272986864649,8.700552065486391,1.0179897201599033,0.27441462021701923,0.0898506749353043,1
734041,2014-05-25,2014,Mumbai Indians,Rajasthan Royals,Wankhede Stadium,Mumbai Indians,field,108,0.5740740740740741,152.08333333333334,143.9537037037037,5.601851851851852,7.490123655050587,103,0.5436893203883495,149.23300970873785,144.75728155339806,5.368932038834951,7.566607460035524,0.030384753685724575,2.8503236245954895,-0.8035778496943635,0.2329198130169008,-0.07648380498493701,1
734043,2014-05-27,2014,Punjab Kings,Kolkata Knight Riders,Eden Gardens,Punjab Kings,field,103,0.5339805825242718,156.7864077669903,151.48543689320388,5.300970873786408,7.973596797547057,102,0.5,145.2058823529412,141.51960784313727,4.990196078431373,7.4573790253142755,0.03398058252427183,11.580525414049106,9.965829050066617,0.3107747953550355,0.5162177722327819,0
734045,2014-05-28,2014,Chennai Super Kings,Mumbai Indians,Brabourne Stadium,Chennai Super Kings,field,112,0.6071428571428571,158.89285714285714,146.58035714285714,5.553571428571429,7.68046783625731,109,0.5779816513761468,152.47706422018348,144.348623853211,5.587155963302752,7.50787338953396,0.02916120576671033,6.41579292267366,2.2317332896461437,-0.0335845347313235,0.17259444672335,1
734047,2014-05-30,2014,Chennai Super Kings,Punjab Kings,Wankhede Stadium,Chennai Super Kings,field,113,0.6106194690265486,159.04424778761063,146.79646017699116,5.575221238938053,7.688528389339513,104,0.5288461538461539,156.57692307692307,151.55769230769232,5.3173076923076925,7.973358064244162,0.08177331518039477,2.4673247106875635,-4.76123213070116,0.2579135466303608,-0.28482967490464883,0
734049,2014-06-01,2014,Kolkata Knight Riders,Punjab Kings,M Chinnaswamy Stadium,Kolkata Knight Riders,field,103,0.5048543689320388,145.37864077669903,141.4271844660194,5.009708737864078,7.448610874382137,105,0.5333333333333333,157.23809523809524,151.96190476190475,5.314285714285714,7.990651865453636,-0.028478964401294493,-11.859454461396211,-10.534720295885336,-0.30457697642163595,-0.5420409910714987,1
829705,2015-04-08,2015,Kolkata Knight Riders,Mumbai Indians,Eden Gardens,Kolkata Knight Riders,field,104,0.5096153846153846,145.90384615384616,141.94230769230768,5.0,7.471908216635734,110,0.5727272727272728,152.66363636363636,144.6090909090909,5.5636363636363635,7.523411634873088,-0.06311188811188817,-6.7597902097901965,-2.666783216783216,-0.5636363636363635,-0.05150341823735349,1
829707,2015-04-09,2015,Chennai Super Kings,Delhi Capitals,"MA Chidambaram Stadium, Chepauk",Delhi Capitals,field,114,0.6052631578947368,159.42105263157896,147.47368421052633,5.5701754385964914,7.720780711825488,104,0.4230769230769231,148.1346153846154,150.48076923076923,4.971153846153846,7.902044938146933,0.18218623481781376,11.286437246963573,-3.007085020242897,0.5990215924426456,-0.1812642263214448,1
829709,2015-04-10,2015,Punjab Kings,Rajasthan Royals,Maharashtra Cricket Association Stadium,Punjab Kings,field,106,0.5283018867924528,157.6320754716981,152.41509433962264,5.320754716981132,8.012564060175237,104,0.5384615384615384,149.6153846153846,145.21153846153845,5.355769230769231,7.607421711023424,-0.010159651669085612,8.016690856313488,7.203555878084188,-0.03501451378809861,0.4051423491518129,0
829711,2015-04-11,2015,Chennai Super Kings,Sunrisers Hyderabad,"MA Chidambaram Stadium, Chepauk",Chennai Super Kings,bat,115,0.6086956521739131,159.33913043478262,147.48695652173913,5.591304347826087,7.718316268486917,31,0.5161290322580645,142.58064516129033,145.5483870967742,5.451612903225806,7.495016611295681,0.09256661991584858,16.758485273492283,1.9385694249649248,0.13969144460028105,0.22329965719123557,1
829713,2015-04-11,2015,Kolkata Knight Riders,Royal Challengers Bengaluru,Eden Gardens,Royal Challengers Bengaluru,field,105,0.5142857142857142,146.13333333333333,142.1809523809524,4.980952380952381,7.480708201102388,107,0.4953271028037383,152.3271028037383,152.45794392523365,5.05607476635514,7.884485258579024,0.018958611481975918,-6.1937694704049875,-10.276991544281259,-0.07512238540275895,-0.4037770574766357,0
829715,2015-04-12,2015,Delhi Capitals,Rajasthan Royals,Feroz Shah Kotla,Rajasthan Royals,field,105,0.41904761904761906,148.14285714285714,150.37142857142857,4.9904761904761905,7.892526868282929,105,0.5428571428571428,149.73333333333332,145.10476190476192,5.3619047619047615,7.598370875238966,-0.12380952380952376,-1.5904761904761813,5.2666666666666515,-0.371428571428571,0.29415599304396345,0
829717,2015-04-12,2015,Mumbai Indians,Punjab Kings,Wankhede Stadium,Mumbai Indians,field,111,0.5675675675675675,152.80180180180182,144.81981981981983,5.54054054054054,7.536922716261623,107,0.5233644859813084,157.42990654205607,152.42056074766356,5.336448598130841,8.009003110165331,0.044203081586259185,-4.628104740254258,-7.600740927843731,0.20409194240969963,-0.47208039390370793,0
829719,2015-04-13,2015,Royal Challengers Bengaluru,Sunrisers Hyderabad,M Chinnaswamy Stadium,Sunrisers Hyderabad,field,108,0.5,152.57407407407408,152.65740740740742,5.046296296296297,7.8922929631402585,32,0.5,143.25,147.3125,5.3125,7.578778135048232,0.0,9.324074074074076,5.344907407407419,-0.2662037037037033,0.3135148280920266,0
829721,2015-04-14,2015,Rajasthan Royals,Mumbai Indians,"Sardar Patel Stadium, Motera",Mumbai Indians,bat,106,0.5471698113207547,150.0754716981132,145.45283018867926,5.339622641509434,7.613200559624722,112,0.5625,152.85714285714286,145.08035714285714,5.535714285714286,7.547727800572888,-0.015330188679245293,-2.7816711590296563,0.3724730458221188,-0.19609164420485126,0.06547275905183358,1
829725,2015-04-15,2015,Punjab Kings,Delhi Capitals,Maharashtra Cricket Association Stadium,Punjab Kings,bat,108,0.5277777777777778,157.61111111111111,152.4537037037037,5.351851851851852,8.006970335548711,106,0.41509433962264153,148.4811320754717,150.69811320754718,5.009433962264151,7.905963870329127,0.11268343815513626,9.129979035639423,1.7555904961565147,0.3424178895877015,0.10100646521958456,0
829727,2015-04-16,2015,Sunrisers Hyderabad,Rajasthan Royals,Dr. Y.S. Rajasekhara Reddy ACA-VDCA Cricket Stadium,Rajasthan Royals,field,33,0.5151515151515151,144.12121212121212,147.75757575757575,5.454545454545454,7.5969877953778235,107,0.5514018691588785,150.21495327102804,145.58878504672896,5.336448598130841,7.616983130959172,-0.03625035400736332,-6.093741149815912,2.1687907108467925,0.11809685641461343,-0.01999533558134825,0
829729,2015-04-17,2015,Mumbai Indians,Chennai Super Kings,Wankhede Stadium,Mumbai Indians,bat,113,0.5575221238938053,152.95575221238937,145.2566371681416,5.513274336283186,7.557090239410681,116,0.6120689655172413,159.76724137931035,147.56896551724137,5.594827586206897,7.719503945885005,-0.05454684162343604,-6.811489166920978,-2.312328349099772,-0.0815532499237106,-0.1624137064743243,0
829731,2015-04-18,2015,Sunrisers Hyderabad,Delhi Capitals,Dr. Y.S. Rajasekhara Reddy ACA-VDCA Cricket Stadium,Delhi Capitals,bat,34,0.5,143.61764705882354,147.1764705882353,5.411764705882353,7.560815915386552,107,0.4205607476635514,148.6728971962617,150.81308411214954,5.02803738317757,7.908355795148248,0.07943925233644861,-5.055250137438151,-3.636613523914235,0.38372732270478327,-0.34753987976169576,0
829733,2015-04-18,2015,Punjab Kings,Kolkata Knight Riders,Maharashtra Cricket Association Stadium,Kolkata Knight Riders,field,109,0.5229357798165137,157.67889908256882,152.57798165137615,5.339449541284404,8.010435899494261,106,0.5094339622641509,146.4245283018868,142.46226415094338,4.981132075471698,7.495532759761747,0.013501817552362794,11.254370780682024,10.115717500432766,0.3583174658127062,0.5149031397325148,0
829735,2015-04-19,2015,Rajasthan Royals,Chennai Super Kings,"Sardar Patel Stadium, Motera",Chennai Super Kings,bat,108,0.5555555555555556,150.03703703703704,145.40740740740742,5.324074074074074,7.60422887579695,117,0.6153846153846154,160.01709401709402,147.84615384615384,5.6068376068376065,7.730949720670391,-0.05982905982905984,-9.980056980056986,-2.4387464387464206,-0.28276353276353206,-0.12672084487344115,1
829737,2015-04-19,2015,Royal Challengers Bengaluru,Mumbai Indians,M Chinnaswamy Stadium,Royal Challengers Bengaluru,field,109,0.4954128440366973,152.69724770642202,152.78899082568807,5.018348623853211,7.906630796012027,114,0.5526315789473685,153.21929824561403,145.640350877193,5.5,7.585897045385319,-0.0572187349106712,-0.5220505391920085,7.148639948495088,-0.48165137614678866,0.32073375062670806,0
829739,2015-04-20,2015,Delhi Capitals,Kolkata Knight Riders,Feroz Shah Kotla,Kolkata Knight Riders,field,108,0.42592592592592593,148.84259259259258,150.89814814814815,5.046296296296297,7.909245328803689,107,0.514018691588785,146.54205607476635,142.48598130841123,5.009345794392523,7.493119266055046,-0.08809276566285906,2.300536517826231,8.412166839736926,0.03695050190377369,0.41612606274864294,0
829741,2015-04-21,2015,Rajasthan Royals,Punjab Kings,"Sardar Patel Stadium, Motera",Punjab Kings,field,109,0.5596330275229358,150.10091743119267,145.4862385321101,5.3119266055045875,7.605147470226202,110,0.5181818181818182,157.65454545454546,152.62727272727273,5.345454545454546,8.01766953199618,0.04145120934111757,-7.553628023352786,-7.141034195162632,-0.033527939949958174,-0.4125220617699785,0
829743,2015-04-22,2015,Sunrisers Hyderabad,Kolkata Knight Riders,Dr. Y.S. Rajasekhara Reddy ACA-VDCA Cricket Stadium,Kolkata Knight Riders,field,35,0.4857142857142857,144.17142857142858,147.65714285714284,5.371428571428571,7.579564898557809,108,0.5185185185185185,146.5462962962963,142.49074074074073,5.027777777777778,7.489779364049319,-0.03280423280423278,-2.374867724867727,5.166402116402111,0.3436507936507933,0.08978553450848992,1
829745,2015-04-22,2015,Royal Challengers Bengaluru,Chennai Super Kings,M Chinnaswamy Stadium,Royal Challengers Bengaluru,field,110,0.4909090909090909,153.04545454545453,153.26363636363635,5.027272727272727,7.92867220567487,118,0.6101694915254238,159.98305084745763,147.92372881355934,5.576271186440678,7.737717029922423,-0.11926040061633286,-6.937596302003101,5.339907550077015,-0.5489984591679509,0.19095517575244703,0
829747,2015-04-23,2015,Delhi Capitals,Mumbai Indians,Feroz Shah Kotla,Mumbai Indians,field,109,0.42201834862385323,148.8165137614679,150.8256880733945,5.036697247706422,7.90891597177678,115,0.5565217391304348,153.70434782608694,146.02608695652174,5.504347826086956,7.603229701177181,-0.13450339050658155,-4.887834064619057,4.799601116872765,-0.4676505783805345,0.3056862705995993,1
829749,2015-04-24,2015,Rajasthan Royals,Royal Challengers Bengaluru,"Sardar Patel Stadium, Motera",Royal Challengers Bengaluru,field,110,0.5545454545454546,150.52727272727273,145.9909090909091,5.3090909090909095,7.624752710295166,111,0.4864864864864865,153.05405405405406,153.45045045045046,5.054054054054054,7.935859605528808,0.06805896805896805,-2.5267813267813324,-7.459541359541362,0.25503685503685514,-0.31110689523364243,0
829751,2015-04-25,2015,Mumbai Indians,Sunrisers Hyderabad,Wankhede Stadium,Mumbai Indians,bat,116,0.5517241379310345,153.69827586206895,146.39655172413794,5.491379310344827,7.619802572539635,36,0.5,145.05555555555554,146.36111111111111,5.333333333333333,7.594042757626711,0.051724137931034475,8.64272030651341,0.035440613026821666,0.15804597701149437,0.02575981491292456,1
829753,2015-04-25,2015,Chennai Super Kings,Punjab Kings,"MA Chidambaram Stadium, Chepauk",Chennai Super Kings,bat,119,0.6134453781512605,160.1596638655462,147.9327731092437,5.588235294117647,7.735188575613328,111,0.5225225225225225,158.0900900900901,153.0,5.36036036036036,8.031685977772524,0.09092285562873803,2.0695737754561208,-5.067226890756302,0.2278749337572865,-0.2964974021591962,1
829757,2015-04-26,2015,Delhi Capitals,Royal Challengers Bengaluru,Feroz Shah Kotla,Royal Challengers Bengaluru,field,110,0.42727272727272725,149.1909090909091,150.8272727272727,5.072727272727272,7.905495552731894,112,0.49107142857142855,152.88392857142858,153.23214285714286,5.080357142857143,7.922141867979689,-0.0637987012987013,-3.693019480519496,-2.4048701298701474,-0.00762987012987093,-0.016646315247794696,0
829759,2015-04-27,2015,Punjab Kings,Sunrisers Hyderabad,"Punjab Cricket Association Stadium, Mohali",Punjab Kings,field,112,0.5178571428571429,157.52678571428572,153.33035714285714,5.330357142857143,8.045443897868353,37,0.4864864864864865,144.83783783783784,146.6216216216216,5.405405405405405,7.599813215036189,0.03137065637065639,12.688947876447884,6.708735521235525,-0.07504826254826202,0.44563068283216367,0
829765,2015-04-28,2015,Chennai Super Kings,Kolkata Knight Riders,"MA Chidambaram Stadium, Chepauk",Kolkata Knight Riders,field,120,0.6166666666666667,160.425,147.46666666666667,5.616666666666666,7.707876588021778,109,0.5137614678899083,146.12844036697248,142.77981651376146,5.018348623853211,7.501446015424165,0.10290519877675841,14.296559633027528,4.686850152905208,0.5983180428134549,0.206430572597613,1
829723,2015-04-30,2015,Kolkata Knight Riders,Chennai Super Kings,Eden Gardens,Kolkata Knight Riders,field,110,0.509090909090909,146.0,142.6727272727273,5.0181818181818185,7.49236155315086,121,0.6198347107438017,160.20661157024793,147.32231404958677,5.636363636363637,7.697445124145376,-0.11074380165289266,-14.20661157024793,-4.649586776859479,-0.6181818181818182,-0.2050835709945158,1
829767,2015-05-01,2015,Delhi Capitals,Punjab Kings,Feroz Shah Kotla,Delhi Capitals,field,111,0.42342342342342343,148.7027027027027,150.36036036036037,5.027027027027027,7.913077834847887,113,0.5132743362831859,157.28318584070797,153.2920353982301,5.336283185840708,8.039916453933627,-0.08985091285976243,-8.580483138005263,-2.9316750378697236,-0.30925615881368085,-0.12683861908573935,1
829769,2015-05-01,2015,Mumbai Indians,Rajasthan Royals,Wankhede Stadium,Rajasthan Royals,field,117,0.5555555555555556,153.72649572649573,146.2991452991453,5.512820512820513,7.612066409724282,111,0.5495495495495496,150.34234234234233,145.83783783783784,5.27027027027027,7.627454059996858,0.006006006006005982,3.384153384153393,0.4613074613074559,0.2425502425502426,-0.015387650272576714,1
829771,2015-05-02,2015,Royal Challengers Bengaluru,Kolkata Knight Riders,M Chinnaswamy Stadium,Royal Challengers Bengaluru,field,113,0.49557522123893805,152.4070796460177,152.69911504424778,5.115044247787611,7.898230088495576,111,0.5135135135135135,146.2072072072072,142.74774774774775,5.054054054054054,7.492906683480454,-0.01793829227457544,6.199872438810502,9.951367296500024,0.06099019373355663,0.405323405015122,1
829773,2015-05-02,2015,Sunrisers Hyderabad,Chennai Super Kings,"Rajiv Gandhi International Stadium, Uppal",Chennai Super Kings,field,38,0.5,144.97368421052633,146.1315789473684,5.473684210526316,7.567113331819214,122,0.6147540983606558,160.24590163934425,147.45901639344262,5.614754098360656,7.702297702297702,-0.11475409836065575,-15.272217428817925,-1.3274374460742138,-0.14106988783434016,-0.13518437047848852,1
829775,2015-05-03,2015,Punjab Kings,Mumbai Indians,"Punjab Cricket Association Stadium, Mohali",Mumbai Indians,bat,114,0.5087719298245614,156.93859649122808,152.97368421052633,5.298245614035087,8.042582628747118,118,0.559322033898305,154.0084745762712,146.5593220338983,5.516949152542373,7.622979723773142,-0.05055010407374361,2.930121914956885,6.414362176628032,-0.21870353850728552,0.419602904973976,0
829777,2015-05-03,2015,Rajasthan Royals,Delhi Capitals,Brabourne Stadium,Delhi Capitals,field,112,0.5446428571428571,150.59821428571428,146.17857142857142,5.267857142857143,7.642134744048545,112,0.42857142857142855,148.4375,150.0625,5.053571428571429,7.893698630136987,0.11607142857142855,2.1607142857142776,-3.8839285714285836,0.2142857142857144,-0.2515638860884417,1
829779,2015-05-04,2015,Chennai Super Kings,Royal Challengers Bengaluru,"MA Chidambaram Stadium, Chepauk",Chennai Super Kings,bat,123,0.6097560975609756,160.3252032520325,147.8130081300813,5.617886178861789,7.717985000707515,114,0.5,152.07894736842104,152.30701754385964,5.0964912280701755,7.9114520048602675,0.1097560975609756,8.246255883611468,-4.494009413778343,0.5213949507916134,-0.19346700415275286,1
829781,2015-05-04,2015,Kolkata Knight Riders,Sunrisers Hyderabad,Eden Gardens,Sunrisers Hyderabad,field,112,0.5089285714285714,145.89285714285714,142.5,5.035714285714286,7.512945237721637,39,0.5128205128205128,146.17948717948718,146.66666666666666,5.461538461538462,7.587884147689586,-0.003891941391941378,-0.2866300366300436,-4.166666666666657,-0.4258241758241761,-0.0749389099679485,1
829783,2015-05-05,2015,Mumbai Indians,Delhi Capitals,Wankhede Stadium,Delhi Capitals,bat,119,0.5630252100840336,154.1596638655462,146.50420168067228,5.504201680672269,7.617535683076027,113,0.4247787610619469,148.67256637168143,150.38053097345133,5.0265486725663715,7.906785575804576,0.13824644902208671,5.4870974938647805,-3.8763292927790474,0.4776530081058974,-0.28924989272854873,1
829785,2015-05-06,2015,Royal Challengers Bengaluru,Punjab Kings,M Chinnaswamy Stadium,Punjab Kings,field,115,0.4956521739130435,151.83478260869566,152.26956521739132,5.121739130434783,7.906833232992174,115,0.5043478260869565,156.8695652173913,153.11304347826086,5.278260869565218,8.046306169078445,-0.008695652173912993,-5.03478260869565,-0.8434782608695457,-0.15652173913043477,-0.1394729360862712,1
829761,2015-05-07,2015,Kolkata Knight Riders,Delhi Capitals,Eden Gardens,Kolkata Knight Riders,bat,113,0.5132743362831859,146.0796460176991,142.4070796460177,5.053097345132743,7.504430281361728,114,0.42105263157894735,148.7017543859649,150.39473684210526,5.026315789473684,7.905779280664003,0.09222170470423852,-2.622108368265799,-7.987657196087554,0.02678155565905893,-0.4013489993022752,1
829787,2015-05-07,2015,Rajasthan Royals,Sunrisers Hyderabad,Brabourne Stadium,Rajasthan Royals,field,113,0.5486725663716814,150.93805309734512,146.39823008849558,5.283185840707965,7.6505318328965615,40,0.5,145.825,147.025,5.475,7.599827697609304,0.04867256637168138,5.11305309734513,-0.6267699115044252,-0.1918141592920346,0.05070413528725748,0
829789,2015-05-08,2015,Chennai Super Kings,Mumbai Indians,"MA Chidambaram Stadium, Chepauk",Chennai Super Kings,bat,124,0.6129032258064516,160.2258064516129,147.61290322580646,5.637096774193548,7.705865843390401,120,0.5666666666666667,154.15,146.525,5.508333333333334,7.6160843199537975,0.04623655913978497,6.075806451612891,1.087903225806457,0.1287634408602143,0.08978152343660373,0
829791,2015-05-09,2015,Kolkata Knight Riders,Punjab Kings,Eden Gardens,Punjab Kings,bat,114,0.5175438596491229,146.2982456140351,142.52631578947367,5.06140350877193,7.50716155860157,116,0.5,156.27586206896552,153.7155172413793,5.258620689655173,8.074415094339622,0.01754385964912286,-9.977616454930427,-11.189201451905632,-0.1972171808832428,-0.5672535357380522,1
829793,2015-05-09,2015,Delhi Capitals,Sunrisers Hyderabad,Shaheed Veer Narayan Singh International Stadium,Sunrisers Hyderabad,bat,115,0.41739130434782606,148.7826086956522,150.54782608695652,5.034782608695652,7.91029546146817,41,0.5121951219512195,147.17073170731706,148.02439024390245,5.512195121951219,7.645181608230106,-0.09480381760339346,1.6118769883351263,2.5234358430540738,-0.4774125132555671,0.2651138532380637,0
829795,2015-05-10,2015,Mumbai Indians,Royal Challengers Bengaluru,Wankhede Stadium,Royal Challengers Bengaluru,bat,121,0.5702479338842975,154.1900826446281,146.6198347107438,5.4958677685950414,7.618522759805326,116,0.5,152.47413793103448,151.67241379310346,5.163793103448276,7.895587135377711,0.07024793388429751,1.7159447135936148,-5.052579082359671,0.33207466514676565,-0.27706437557238495,0
829797,2015-05-10,2015,Chennai Super Kings,Rajasthan Royals,"MA Chidambaram Stadium, Chepauk",Chennai Super Kings,bat,125,0.608,160.208,147.696,5.616,7.7096325167037865,114,0.543859649122807,151.31578947368422,146.83333333333334,5.271929824561403,7.67023063998778,0.06414035087719294,8.892210526315779,0.8626666666666551,0.3440701754385964,0.03940187671600626,1
829799,2015-05-11,2015,Sunrisers Hyderabad,Punjab Kings,"Rajiv Gandhi International Stadium, Uppal",Sunrisers Hyderabad,bat,42,0.5238095238095238,147.54761904761904,148.16666666666666,5.476190476190476,7.646528773295105,117,0.49572649572649574,156.5042735042735,153.94871794871796,5.273504273504273,8.083775899468922,0.028083028083028094,-8.956654456654462,-5.782051282051299,0.20268620268620285,-0.43724712617381645,1
829801,2015-05-12,2015,Delhi Capitals,Chennai Super Kings,Shaheed Veer Narayan Singh International Stadium,Chennai Super Kings,bat,116,0.41379310344827586,148.85344827586206,150.64655172413794,5.025862068965517,7.912013281014187,126,0.6111111111111112,160.18253968253967,147.65873015873015,5.642857142857143,7.704997239094423,-0.1973180076628353,-11.329091406677605,2.987821565407785,-0.6169950738916263,0.20701604191976397,1
829803,2015-05-13,2015,Punjab Kings,Royal Challengers Bengaluru,"Punjab Cricket Association Stadium, Mohali",Royal Challengers Bengaluru,field,118,0.4915254237288136,156.70338983050848,154.20338983050848,5.262711864406779,8.093705982652532,117,0.5042735042735043,153.17948717948718,152.04273504273505,5.170940170940171,7.912083024462564,-0.012748080544690676,3.5239026510213023,2.1606547877734386,0.09177169346660818,0.18162295818996732,1
829805,2015-05-14,2015,Mumbai Indians,Kolkata Knight Riders,Wankhede Stadium,Kolkata Knight Riders,field,122,0.5655737704918032,154.5327868852459,147.34426229508196,5.459016393442623,7.653704229349986,115,0.5217391304347826,146.62608695652173,142.84347826086957,5.060869565217391,7.520372348542652,0.043834640057020646,7.90669992872418,4.500784034212387,0.3981468282252312,0.1333318808073347,1
829807,2015-05-15,2015,Sunrisers Hyderabad,Royal Challengers Bengaluru,"Rajiv Gandhi International Stadium, Uppal",Sunrisers Hyderabad,bat,43,0.5348837209302325,148.41860465116278,148.8372093023256,5.511627906976744,7.675394763142115,118,0.5,152.59322033898306,151.64406779661016,5.177966101694915,7.923542435424354,0.03488372093023251,-4.174615687820278,-2.806858494284569,0.333661805281829,-0.2481476722822391,0
829809,2015-05-16,2015,Punjab Kings,Chennai Super Kings,"Punjab Cricket Association Stadium, Mohali",Punjab Kings,bat,119,0.4957983193277311,156.27731092436974,153.57142857142858,5.26890756302521,8.09284818067754,127,0.6062992125984252,159.85826771653544,147.44094488188978,5.6299212598425195,7.701535508637235,-0.11050089327069412,-3.5809567921656935,6.130483689538806,-0.36101369681730944,0.3913126720403053,0
829811,2015-05-16,2015,Rajasthan Royals,Kolkata Knight Riders,Brabourne Stadium,Rajasthan Royals,bat,115,0.5391304347826087,151.2608695652174,146.91304347826087,5.260869565217392,7.671409111548357,116,0.5172413793103449,146.79310344827587,143.07758620689654,5.051724137931035,7.529260547406623,0.02188905547226383,4.467766116941533,3.8354572713643336,0.20914542728635688,0.14214856414173394,1
829815,2015-05-17,2015,Sunrisers Hyderabad,Mumbai Indians,"Rajiv Gandhi International Stadium, Uppal",Sunrisers Hyderabad,bat,44,0.5227272727272727,148.11363636363637,147.3409090909091,5.454545454545454,7.7209210003969835,123,0.5691056910569106,154.66666666666666,147.4878048780488,5.463414634146342,7.658739093723614,-0.04637841832963785,-6.553030303030283,-0.1468957871396981,-0.008869179600887733,0.06218190667336909,0
829817,2015-05-19,2015,Chennai Super Kings,Mumbai Indians,Wankhede Stadium,Mumbai Indians,bat,128,0.609375,159.65625,147.2578125,5.640625,7.689284742997008,124,0.5725806451612904,154.33870967741936,147.19354838709677,5.491935483870968,7.641082891431761,0.03679435483870963,5.317540322580641,0.06426411290323131,0.14868951612903203,0.04820185156524648,0
829819,2015-05-20,2015,Royal Challengers Bengaluru,Rajasthan Royals,Maharashtra Cricket Association Stadium,Royal Challengers Bengaluru,bat,119,0.5042016806722689,152.00840336134453,151.48739495798318,5.159663865546219,7.943742655699177,116,0.5431034482758621,151.67241379310346,147.25862068965517,5.293103448275862,7.686515674216289,-0.03890176760359321,0.3359895682410752,4.22877426832801,-0.1334395827296433,0.25722698148288803,1
829821,2015-05-22,2015,Chennai Super Kings,Royal Challengers Bengaluru,JSCA International Stadium Complex,Chennai Super Kings,field,129,0.6046511627906976,159.67441860465115,147.56589147286823,5.6434108527131785,7.702724575128135,120,0.5083333333333333,152.24166666666667,151.13333333333333,5.191666666666666,7.925418790968681,0.09631782945736433,7.432751937984477,-3.5674418604650953,0.4517441860465121,-0.22269421584054605,1
829823,2015-05-24,2015,Mumbai Indians,Chennai Super Kings,Eden Gardens,Chennai Super Kings,field,125,0.576,154.6,147.304,5.52,7.6476533296414235,130,0.6076923076923076,159.52307692307693,147.48461538461538,5.653846153846154,7.695879047364196,-0.031692307692307686,-4.923076923076934,-0.18061538461537907,-0.13384615384615461,-0.04822571772277229,1
980901,2016-04-09,2016,Mumbai Indians,Rising Pune Supergiants,Wankhede Stadium,Mumbai Indians,bat,126,0.5793650793650794,154.97619047619048,147.3968253968254,5.5396825396825395,7.650144171357957,0,0.5,0.0,0.0,0.0,0.0,0.07936507936507942,154.97619047619048,147.3968253968254,5.5396825396825395,7.650144171357957,0
980903,2016-04-10,2016,Kolkata Knight Riders,Delhi Capitals,Eden Gardens,Kolkata Knight Riders,field,117,0.5128205128205128,147.16239316239316,143.52136752136752,5.042735042735043,7.54922823317848,117,0.4188034188034188,148.60683760683762,150.31623931623932,5.034188034188034,7.89126533054143,0.09401709401709396,-1.444444444444457,-6.794871794871796,0.008547008547008517,-0.34203709736295007,1
980905,2016-04-11,2016,Punjab Kings,Gujarat Lions,"Punjab Cricket Association IS Bindra Stadium, Mohali",Gujarat Lions,field,120,0.49166666666666664,156.05833333333334,153.40833333333333,5.25,8.091868131868132,0,0.5,0.0,0.0,0.0,0.0,-0.00833333333333336,156.05833333333334,153.40833333333333,5.25,8.091868131868132,0
980907,2016-04-12,2016,Royal Challengers Bengaluru,Sunrisers Hyderabad,M Chinnaswamy Stadium,Sunrisers Hyderabad,field,121,0.5041322314049587,152.13223140495867,151.0082644628099,5.198347107438017,7.9162394396707345,45,0.5111111111111111,147.33333333333334,146.53333333333333,5.355555555555555,7.725834797891037,-0.006978879706152408,4.798898071625331,4.474931129476573,-0.15720844811753842,0.19040464177969785,1
980909,2016-04-13,2016,Kolkata Knight Riders,Mumbai Indians,Eden Gardens,Mumbai Indians,field,118,0.5169491525423728,146.75423728813558,143.135593220339,5.084745762711864,7.5334522747546835,127,0.5748031496062992,154.70866141732284,147.2204724409449,5.503937007874016,7.655384195441517,-0.057853997063926355,-7.9544241291872595,-4.084879220605899,-0.41919124516215156,-0.12193192068683345,0
980911,2016-04-14,2016,Gujarat Lions,Rising Pune Supergiants,Saurashtra Cricket Association Stadium,Rising Pune Supergiants,bat,1,1.0,162.0,158.0,6.0,7.9,1,1.0,126.0,120.0,8.0,6.0,0.0,36.0,38.0,-2.0,1.9000000000000004,1
980913,2016-04-15,2016,Delhi Capitals,Punjab Kings,Feroz Shah Kotla,Delhi Capitals,field,118,0.4152542372881356,148.17796610169492,149.864406779661,5.0,7.884669688637883,121,0.48760330578512395,156.099173553719,153.45454545454547,5.239669421487603,8.098865949403898,-0.07234906849698836,-7.921207452024078,-3.5901386748844573,-0.23966942148760317,-0.2141962607660144,1
980915,2016-04-16,2016,Sunrisers Hyderabad,Kolkata Knight Riders,"Rajiv Gandhi International Stadium, Uppal",Sunrisers Hyderabad,bat,46,0.5,148.08695652173913,148.2391304347826,5.326086956521739,7.806525472238122,119,0.5126050420168067,147.0924369747899,143.49579831932772,5.067226890756302,7.551853762806811,-0.012605042016806678,0.9945195469492205,4.743332115454876,0.25886006576543696,0.2546717094313111,0
980917,2016-04-16,2016,Mumbai Indians,Gujarat Lions,Wankhede Stadium,Gujarat Lions,field,128,0.578125,154.96875,147.5078125,5.4921875,7.667930147556517,2,1.0,163.0,159.5,5.5,7.975,-0.421875,-8.03125,-11.9921875,-0.0078125,-0.3070698524434823,0
980919,2016-04-17,2016,Punjab Kings,Rising Pune Supergiants,"Punjab Cricket Association IS Bindra Stadium, Mohali",Rising Pune Supergiants,bat,122,0.48360655737704916,155.7295081967213,153.0737704918033,5.213114754098361,8.097853580978537,2,0.5,144.5,138.5,5.5,7.2894736842105265,-0.016393442622950838,11.229508196721298,14.573770491803288,-0.28688524590163933,0.8083798967680105,1
980921,2016-04-17,2016,Royal Challengers Bengaluru,Delhi Capitals,M Chinnaswamy Stadium,Delhi Capitals,field,122,0.5081967213114754,152.74590163934425,151.24590163934425,5.204918032786885,7.925549430882669,119,0.42016806722689076,147.88235294117646,149.52941176470588,5.016806722689076,7.863592840833762,0.08802865408458466,4.86354869816779,1.7164898746383699,0.1881113100978098,0.06195659004890697,0
980923,2016-04-18,2016,Sunrisers Hyderabad,Mumbai Indians,"Rajiv Gandhi International Stadium, Uppal",Sunrisers Hyderabad,field,47,0.48936170212765956,147.95744680851064,148.19148936170214,5.25531914893617,7.8097551859465515,129,0.5736434108527132,154.87596899224806,147.4496124031008,5.503875968992248,7.662548677319726,-0.08428170872505364,-6.918522183737423,0.7418769586013525,-0.24855682005607793,0.14720650862682572,1
980925,2016-04-19,2016,Punjab Kings,Kolkata Knight Riders,"Punjab Cricket Association IS Bindra Stadium, Mohali",Kolkata Knight Riders,field,123,0.4878048780487805,155.70731707317074,153.0,5.219512195121951,8.090133982947625,120,0.5166666666666667,147.08333333333334,143.45833333333334,5.075,7.54657704391028,-0.02886178861788624,8.6239837398374,9.541666666666657,0.14451219512195124,0.5435569390373454,0
980927,2016-04-20,2016,Mumbai Indians,Royal Challengers Bengaluru,Wankhede Stadium,Mumbai Indians,field,130,0.5692307692307692,154.77692307692308,147.41538461538462,5.484615384615385,7.666111074071605,123,0.5040650406504065,153.0569105691057,151.5528455284553,5.186991869918699,7.941351888667992,0.06516572858036274,1.720012507817387,-4.137460913070669,0.2976235146966859,-0.27524081459638694,1
980929,2016-04-21,2016,Gujarat Lions,Sunrisers Hyderabad,Saurashtra Cricket Association Stadium,Sunrisers Hyderabad,field,3,1.0,157.66666666666666,153.33333333333334,6.0,7.666666666666667,48,0.5,147.89583333333334,148.02083333333334,5.25,7.791994150977883,0.5,9.770833333333314,5.3125,0.75,-0.12532748431121643,0
980931,2016-04-22,2016,Rising Pune Supergiants,Royal Challengers Bengaluru,Maharashtra Cricket Association Stadium,Rising Pune Supergiants,field,3,0.3333333333333333,147.0,143.33333333333334,5.0,7.588235294117648,124,0.5,153.19354838709677,151.7016129032258,5.17741935483871,7.952790304396843,-0.16666666666666669,-6.193548387096769,-8.36827956989245,-0.17741935483870996,-0.36455501027919546,0
980933,2016-04-23,2016,Delhi Capitals,Mumbai Indians,Feroz Shah Kotla,Mumbai Indians,field,120,0.425,148.25,149.80833333333334,5.008333333333334,7.874863108709936,131,0.5725190839694656,154.90076335877862,147.5648854961832,5.488549618320611,7.671539122957867,-0.14751908396946561,-6.650763358778619,2.2434478371501427,-0.48021628498727686,0.20332398575206856,1
980935,2016-04-23,2016,Sunrisers Hyderabad,Punjab Kings,"Rajiv Gandhi International Stadium, Uppal",Sunrisers Hyderabad,field,49,0.5102040816326531,147.6734693877551,147.71428571428572,5.3061224489795915,7.767483455553568,124,0.4838709677419355,155.56451612903226,152.86290322580646,5.209677419354839,8.088904694167852,0.026333113890717574,-7.891046741277165,-5.14861751152074,0.09644502962475254,-0.32142123861428384,1
980937,2016-04-24,2016,Gujarat Lions,Royal Challengers Bengaluru,Saurashtra Cricket Association Stadium,Royal Challengers Bengaluru,bat,4,0.75,152.0,149.0,4.5,7.964365256124722,125,0.504,153.448,151.856,5.192,7.957797652319731,0.246,-1.4480000000000075,-2.8559999999999945,-0.6920000000000002,0.006567603804991329,1
980939,2016-04-24,2016,Rising Pune Supergiants,Kolkata Knight Riders,Maharashtra Cricket Association Stadium,Kolkata Knight Riders,field,4,0.25,153.25,153.75,4.5,8.021739130434781,121,0.5206611570247934,147.03305785123968,143.39669421487602,5.090909090909091,7.540088360976317,-0.27066115702479343,6.2169421487603245,10.353305785123979,-0.5909090909090908,0.4816507694584642,0
980941,2016-04-25,2016,Punjab Kings,Mumbai Indians,"Punjab Cricket Association IS Bindra Stadium, Mohali",Punjab Kings,field,125,0.48,155.464,152.808,5.192,8.0896449495306,132,0.5681818181818182,154.8939393939394,147.66666666666666,5.4772727272727275,7.674519325415053,-0.08818181818181825,0.5700606060605935,5.1413333333333355,-0.28527272727272734,0.41512562411554654,0
980943,2016-04-26,2016,Sunrisers Hyderabad,Rising Pune Supergiants,"Rajiv Gandhi International Stadium, Uppal",Rising Pune Supergiants,field,50,0.52,147.64,147.6,5.3,7.75345823848713,5,0.2,154.6,155.4,5.0,8.079722703639515,0.32,-6.960000000000008,-7.800000000000011,0.2999999999999998,-0.32626446515238516,0
980945,2016-04-27,2016,Delhi Capitals,Gujarat Lions,Feroz Shah Kotla,Delhi Capitals,field,121,0.4297520661157025,148.3801652892562,149.83471074380165,5.0,7.8729101831077655,5,0.8,158.0,155.0,4.0,8.172231985940247,-0.37024793388429755,-9.619834710743788,-5.165289256198349,1.0,-0.29932180283248133,0
980947,2016-04-28,2016,Mumbai Indians,Kolkata Knight Riders,Wankhede Stadium,Mumbai Indians,field,133,0.5714285714285714,155.15037593984962,147.77443609022558,5.488721804511278,7.67784360961,122,0.5245901639344263,147.15573770491804,143.48360655737704,5.081967213114754,7.541466216701372,0.04683840749414514,7.994638234931585,4.290829532848534,0.40675459139652403,0.13637739290862783,1
980949,2016-04-29,2016,Rising Pune Supergiants,Gujarat Lions,Maharashtra Cricket Association Stadium,Gujarat Lions,field,6,0.3333333333333333,144.5,148.33333333333334,5.333333333333333,7.661406025824964,6,0.8333333333333334,160.33333333333334,157.33333333333334,4.166666666666667,8.220609579100145,-0.5,-15.833333333333343,-9.0,1.166666666666666,-0.5592035532751813,0
980951,2016-04-30,2016,Delhi Capitals,Kolkata Knight Riders,Feroz Shah Kotla,Kolkata Knight Riders,field,122,0.4262295081967213,148.5655737704918,150.0,5.008196721311475,7.878309535768099,123,0.5203252032520326,147.3739837398374,143.7642276422764,5.073170731707317,7.559529747060919,-0.09409569505531129,1.191590030654396,6.23577235772359,-0.06497401039584183,0.3187797887071797,1
980953,2016-04-30,2016,Sunrisers Hyderabad,Royal Challengers Bengaluru,"Rajiv Gandhi International Stadium, Uppal",Royal Challengers Bengaluru,field,51,0.5098039215686274,147.05882352941177,146.50980392156862,5.254901960784314,7.760429288558075,126,0.5,153.65873015873015,152.07142857142858,5.182539682539683,7.967703929586249,0.009803921568627416,-6.599906629318383,-5.561624649859965,0.07236227824463093,-0.2072746410281745,1
980955,2016-05-01,2016,Gujarat Lions,Punjab Kings,Saurashtra Cricket Association Stadium,Gujarat Lions,field,7,0.8571428571428571,165.42857142857142,162.42857142857142,3.7142857142857144,8.432632880098886,126,0.47619047619047616,155.53174603174602,153.0873015873016,5.198412698412699,8.100650941415273,0.38095238095238093,9.896825396825392,9.34126984126982,-1.4841269841269842,0.33198193868361336,0
980957,2016-05-01,2016,Rising Pune Supergiants,Mumbai Indians,Maharashtra Cricket Association Stadium,Mumbai Indians,field,7,0.2857142857142857,151.71428571428572,155.14285714285714,5.285714285714286,7.975520195838434,134,0.5746268656716418,155.32089552238807,147.96268656716418,5.485074626865671,7.685380192518896,-0.2889125799573561,-3.6066098081023483,7.180170575692955,-0.1993603411513858,0.2901400033195376,0
980959,2016-05-02,2016,Royal Challengers Bengaluru,Kolkata Knight Riders,M Chinnaswamy Stadium,Kolkata Knight Riders,field,127,0.49606299212598426,153.85826771653544,152.39370078740157,5.173228346456693,7.981579489999312,124,0.5161290322580645,147.46774193548387,144.0483870967742,5.088709677419355,7.571317555634052,-0.020066040132080243,6.390525781051565,8.345313690627364,0.08451866903733762,0.41026193436526004,0
980961,2016-05-03,2016,Gujarat Lions,Delhi Capitals,Saurashtra Cricket Association Stadium,Delhi Capitals,field,8,0.75,161.125,161.25,4.375,8.340517241379311,123,0.43089430894308944,148.869918699187,150.0487804878049,5.032520325203252,7.882687927107061,0.31910569105691056,12.255081300813004,11.20121951219511,-0.6575203252032518,0.45782931427225027,0
980963,2016-05-04,2016,Kolkata Knight Riders,Punjab Kings,Eden Gardens,Punjab Kings,field,125,0.52,147.8,144.376,5.096,7.585429071803853,127,0.48031496062992124,155.51968503937007,152.90551181102362,5.2204724409448815,8.087318664538072,0.03968503937007878,-7.719685039370063,-8.52951181102361,-0.12447244094488141,-0.5018895927342193,1
980965,2016-05-05,2016,Delhi Capitals,Rising Pune Supergiants,Feroz Shah Kotla,Rising Pune Supergiants,field,124,0.43548387096774194,148.8790322580645,150.01612903225808,5.040322580645161,7.877752682100508,8,0.25,152.625,155.375,4.875,8.036637931034484,0.18548387096774194,-3.7459677419354875,-5.358870967741922,0.16532258064516103,-0.15888524893397626,0
980967,2016-05-06,2016,Sunrisers Hyderabad,Gujarat Lions,"Rajiv Gandhi International Stadium, Uppal",Sunrisers Hyderabad,field,52,0.5192307692307693,147.96153846153845,147.1153846153846,5.25,7.783618789214855,9,0.6666666666666666,159.77777777777777,159.88888888888889,4.111111111111111,8.366279069767442,-0.14743589743589736,-11.816239316239319,-12.773504273504273,1.1388888888888893,-0.5826602805525871,1
980969,2016-05-07,2016,Royal Challengers Bengaluru,Rising Pune Supergiants,M Chinnaswamy Stadium,Royal Challengers Bengaluru,field,128,0.4921875,154.1015625,152.6328125,5.171875,7.993862520458265,9,0.3333333333333333,154.11111111111111,156.0,4.888888888888889,8.038167938931299,0.15885416666666669,-0.009548611111114269,-3.3671875,0.2829861111111107,-0.0443054184730336,1
980971,2016-05-07,2016,Punjab Kings,Delhi Capitals,"Punjab Cricket Association IS Bindra Stadium, Mohali",Delhi Capitals,field,128,0.4765625,155.53125,152.9765625,5.1796875,8.087423418462174,125,0.432,148.984,150.136,5.024,7.883637891199328,0.044562500000000005,6.547249999999991,2.8405625000000043,0.15568749999999998,0.2037855272628466,1
980973,2016-05-08,2016,Mumbai Indians,Sunrisers Hyderabad,Dr. Y.S. Rajasekhara Reddy ACA-VDCA Cricket Stadium,Mumbai Indians,field,135,0.5777777777777777,155.36296296296297,148.03703703703704,5.481481481481482,7.687031219949996,53,0.5283018867924528,147.60377358490567,146.71698113207546,5.264150943396227,7.75403024763171,0.0494758909853249,7.7591893780573,1.3200559049615777,0.21733053808525504,-0.06699902768171384,0
980975,2016-05-08,2016,Kolkata Knight Riders,Gujarat Lions,Eden Gardens,Gujarat Lions,field,126,0.5238095238095238,147.92857142857142,144.4126984126984,5.111111111111111,7.584300104202849,10,0.6,156.4,156.5,4.2,8.193717277486911,-0.07619047619047614,-8.47142857142859,-12.087301587301596,0.9111111111111105,-0.6094171732840623,0
980977,2016-05-09,2016,Punjab Kings,Royal Challengers Bengaluru,"Punjab Cricket Association IS Bindra Stadium, Mohali",Punjab Kings,field,129,0.4806201550387597,155.72868217054264,153.07751937984497,5.178294573643411,8.089165016726975,129,0.49612403100775193,154.41860465116278,152.92248062015503,5.170542635658915,8.006087662337663,-0.01550387596899222,1.3100775193798597,0.15503875968994407,0.007751937984496138,0.08307735438931196,0
980979,2016-05-10,2016,Rising Pune Supergiants,Sunrisers Hyderabad,Dr. Y.S. Rajasekhara Reddy ACA-VDCA Cricket Stadium,Sunrisers Hyderabad,bat,10,0.3,157.8,159.4,4.7,8.209442060085838,54,0.5370370370370371,148.14814814814815,145.66666666666666,5.351851851851852,7.71680837148463,-0.2370370370370371,9.651851851851859,13.733333333333348,-0.6518518518518519,0.4926336886012077,0
980981,2016-05-11,2016,Royal Challengers Bengaluru,Mumbai Indians,M Chinnaswamy Stadium,Mumbai Indians,field,130,0.5,154.57692307692307,153.06153846153848,5.153846153846154,8.010466988727858,136,0.5735294117647058,154.89705882352942,148.23529411764707,5.463235294117647,7.695146001654049,-0.07352941176470584,-0.32013574660635413,4.826244343891403,-0.30938914027149256,0.3153209870738092,0
980983,2016-05-12,2016,Sunrisers Hyderabad,Delhi Capitals,"Rajiv Gandhi International Stadium, Uppal",Delhi Capitals,field,55,0.5454545454545454,147.94545454545454,145.4,5.363636363636363,7.694355355997435,126,0.42857142857142855,149.16666666666666,150.34126984126985,5.015873015873016,7.891272651530931,0.11688311688311687,-1.221212121212119,-4.941269841269843,0.3477633477633475,-0.19691729553349635,0
980985,2016-05-13,2016,Mumbai Indians,Punjab Kings,Dr. Y.S. Rajasekhara Reddy ACA-VDCA Cricket Stadium,Mumbai Indians,bat,137,0.5766423357664233,154.8832116788321,148.2189781021898,5.445255474452555,7.692152282341056,130,0.47692307692307695,155.86923076923077,153.24615384615385,5.176923076923077,8.09453511207422,0.09971925884334637,-0.9860190903986563,-5.027175743964051,0.2683323975294778,-0.4023828297331642,0
980987,2016-05-14,2016,Royal Challengers Bengaluru,Gujarat Lions,M Chinnaswamy Stadium,Gujarat Lions,field,131,0.4961832061068702,154.54961832061068,153.06106870229007,5.145038167938932,8.011854022376133,11,0.6363636363636364,157.0909090909091,156.45454545454547,4.181818181818182,8.156398104265403,-0.14018043025676613,-2.541290770298417,-3.3934767522553955,0.96321998612075,-0.14454408188927026,1
980989,2016-05-14,2016,Kolkata Knight Riders,Rising Pune Supergiants,Eden Gardens,Rising Pune Supergiants,bat,127,0.5196850393700787,148.00787401574803,144.56692913385828,5.102362204724409,7.595669861407985,11,0.2727272727272727,155.54545454545453,157.27272727272728,5.0,8.077821011673151,0.246957766642806,-7.537580529706503,-12.705798138869,0.10236220472440927,-0.48215115026516653,1
980991,2016-05-15,2016,Punjab Kings,Sunrisers Hyderabad,"Punjab Cricket Association IS Bindra Stadium, Mohali",Punjab Kings,bat,131,0.48091603053435117,155.64885496183206,152.9770992366412,5.206106870229007,8.07684556996037,56,0.5357142857142857,147.91071428571428,145.48214285714286,5.321428571428571,7.704018912529551,-0.05479825517993453,7.73814067611778,7.494956379498348,-0.11532170119956398,0.3728266574308181,0
980993,2016-05-15,2016,Mumbai Indians,Delhi Capitals,Dr. Y.S. Rajasekhara Reddy ACA-VDCA Cricket Stadium,Delhi Capitals,field,138,0.572463768115942,154.65942028985506,148.0144927536232,5.427536231884058,7.688099868264224,127,0.4330708661417323,149.17322834645668,150.25984251968504,5.031496062992126,7.883908283412518,0.13939290197420973,5.4861919433983815,-2.2453497660618496,0.3960401688919317,-0.19580841514829395,1
980995,2016-05-16,2016,Kolkata Knight Riders,Royal Challengers Bengaluru,Eden Gardens,Royal Challengers Bengaluru,field,128,0.5234375,147.3671875,144.2109375,5.1015625,7.581217057977958,132,0.5,155.25757575757575,152.6590909090909,5.181818181818182,7.992199894235854,0.0234375,-7.890388257575751,-8.448153409090907,-0.08025568181818166,-0.41098283625789556,0
980997,2016-05-17,2016,Rising Pune Supergiants,Delhi Capitals,Dr. Y.S. Rajasekhara Reddy ACA-VDCA Cricket Stadium,Rising Pune Supergiants,field,12,0.25,151.16666666666666,149.5,4.75,8.185551330798479,128,0.4296875,148.9921875,150.6484375,5.0234375,7.901249743904938,-0.1796875,2.174479166666657,-1.1484375,-0.2734375,0.284301586893541,1
980999,2016-05-18,2016,Royal Challengers Bengaluru,Punjab Kings,M Chinnaswamy Stadium,Punjab Kings,field,133,0.5037593984962406,155.48872180451127,152.8421052631579,5.172932330827067,7.9989506820566625,132,0.4772727272727273,155.82575757575756,153.15151515151516,5.181818181818182,8.083705431522825,0.026486671223513336,-0.3370357712462919,-0.3094098883572656,-0.008885850991114275,-0.08475474946616224,1
981001,2016-05-19,2016,Gujarat Lions,Kolkata Knight Riders,Green Park,Gujarat Lions,field,12,0.5833333333333334,152.66666666666666,163.91666666666666,4.083333333333333,8.515151515151516,129,0.5193798449612403,147.64341085271317,144.52713178294573,5.069767441860465,7.598940289382515,0.06395348837209303,5.023255813953483,19.389534883720927,-0.9864341085271322,0.9162112257690005,1
981003,2016-05-20,2016,Delhi Capitals,Sunrisers Hyderabad,Shaheed Veer Narayan Singh International Stadium,Delhi Capitals,field,129,0.4263565891472868,148.7751937984496,150.05426356589146,4.992248062015504,7.895982051805017,57,0.543859649122807,148.47368421052633,146.01754385964912,5.298245614035087,7.7243619489559165,-0.11750305997552024,0.3015095879232774,4.036719706242337,-0.30599755201958345,0.17162010284910068,1
981005,2016-05-21,2016,Rising Pune Supergiants,Punjab Kings,Dr. Y.S. Rajasekhara Reddy ACA-VDCA Cricket Stadium,Punjab Kings,bat,13,0.3076923076923077,145.3846153846154,147.30769230769232,4.846153846153846,8.006968641114982,133,0.47368421052631576,155.5563909774436,153.58646616541353,5.165413533834586,8.11937727724412,-0.16599190283400805,-10.171775592828226,-6.278773857721205,-0.31925968768074053,-0.11240863612913721,1
981007,2016-05-21,2016,Gujarat Lions,Mumbai Indians,Green Park,Gujarat Lions,field,13,0.6153846153846154,150.53846153846155,160.69230769230768,4.3076923076923075,8.322709163346614,139,0.5755395683453237,155.02877697841726,147.84172661870502,5.438848920863309,7.679372197309417,0.0398450470392917,-4.490315439955708,12.850581073602655,-1.1311566131710018,0.6433369660371975,1
981009,2016-05-22,2016,Kolkata Knight Riders,Sunrisers Hyderabad,Eden Gardens,Sunrisers Hyderabad,field,130,0.5153846153846153,147.46153846153845,144.36923076923077,5.053846153846154,7.6076205918119175,58,0.5344827586206896,148.63793103448276,146.20689655172413,5.258620689655173,7.7266514806378135,-0.019098143236074283,-1.1763925729443088,-1.8376657824933602,-0.20477453580901894,-0.11903088882589596,1
981011,2016-05-22,2016,Delhi Capitals,Royal Challengers Bengaluru,Shaheed Veer Narayan Singh International Stadium,Royal Challengers Bengaluru,field,130,0.4307692307692308,148.86923076923077,150.1,4.984615384615385,7.895205340886101,134,0.5074626865671642,155.90298507462686,152.58955223880596,5.1940298507462686,8.001695799634751,-0.07669345579793341,-7.033754305396087,-2.4895522388059703,-0.20941446613088388,-0.10649045874864971,0
981013,2016-05-24,2016,Gujarat Lions,Royal Challengers Bengaluru,M Chinnaswamy Stadium,Royal Challengers Bengaluru,field,14,0.6428571428571429,152.14285714285714,161.28571428571428,4.571428571428571,8.33210332103321,135,0.5111111111111111,155.77777777777777,152.47407407407408,5.207407407407407,7.992751747346621,0.13174603174603183,-3.6349206349206327,8.811640211640196,-0.6359788359788361,0.3393515736865895,0
981015,2016-05-25,2016,Sunrisers Hyderabad,Kolkata Knight Riders,Feroz Shah Kotla,Kolkata Knight Riders,field,59,0.5254237288135594,148.64406779661016,146.61016949152543,5.271186440677966,7.740492170022371,131,0.5190839694656488,147.6412213740458,144.35114503816794,5.068702290076335,7.603538399678327,0.006339759347910534,1.002846422564346,2.2590244533574833,0.20248415060163083,0.13695377034404377,1
981017,2016-05-27,2016,Gujarat Lions,Sunrisers Hyderabad,Feroz Shah Kotla,Sunrisers Hyderabad,field,15,0.6,152.53333333333333,160.66666666666666,4.666666666666667,8.329493087557605,60,0.5333333333333333,148.86666666666667,146.35,5.3,7.719560439560439,0.06666666666666665,3.666666666666657,14.316666666666663,-0.6333333333333329,0.6099326479971658,0
981019,2016-05-29,2016,Royal Challengers Bengaluru,Sunrisers Hyderabad,M Chinnaswamy Stadium,Sunrisers Hyderabad,bat,136,0.5147058823529411,155.8014705882353,152.47058823529412,5.235294117647059,7.989725147701002,61,0.5409836065573771,149.0983606557377,146.60655737704917,5.311475409836065,7.726133909287257,-0.02627772420443597,6.703109932497597,5.864030858244945,-0.07618129218900638,0.26359123841374466,0
1082591,2017-04-05,2017,Sunrisers Hyderabad,Royal Challengers Bengaluru,"Rajiv Gandhi International Stadium, Uppal",Royal Challengers Bengaluru,field,62,0.5483870967741935,150.0483870967742,147.38709677419354,5.306451612903226,7.760509554140127,137,0.5109489051094891,156.12408759124088,152.85401459854015,5.240875912408759,8.007009941371399,0.03743819166470441,-6.075700494466673,-5.466917824346609,0.06557570049446682,-0.2465003872312712,1
1082592,2017-04-06,2017,Rising Pune Supergiants,Mumbai Indians,Maharashtra Cricket Association Stadium,Rising Pune Supergiants,field,14,0.35714285714285715,147.35714285714286,149.0,5.0,8.04887459807074,140,0.5714285714285714,155.15,148.00714285714287,5.428571428571429,7.69201262141929,-0.21428571428571425,-7.7928571428571445,0.9928571428571331,-0.4285714285714288,0.3568619766514489,1
1082593,2017-04-07,2017,Gujarat Lions,Kolkata Knight Riders,Saurashtra Cricket Association Stadium,Kolkata Knight Riders,field,16,0.5625,153.125,160.75,4.6875,8.332613390928724,132,0.5151515151515151,147.58333333333334,144.46969696969697,5.083333333333333,7.6067012365376945,0.04734848484848486,5.541666666666657,16.28030303030303,-0.39583333333333304,0.7259121543910299,0
1082594,2017-04-08,2017,Punjab Kings,Rising Pune Supergiants,Holkar Cricket Stadium,Punjab Kings,field,134,0.4701492537313433,155.67910447761193,153.72388059701493,5.1716417910447765,8.123167926388431,15,0.4,150.0,151.2,5.133333333333334,8.124179104477612,0.07014925373134329,5.679104477611929,2.523880597014937,0.038308457711442756,-0.0010111780891808309,1
1082595,2017-04-08,2017,Royal Challengers Bengaluru,Delhi Capitals,M.Chinnaswamy Stadium,Royal Challengers Bengaluru,bat,138,0.5072463768115942,156.2391304347826,153.2391304347826,5.231884057971015,8.024411839109536,131,0.42748091603053434,148.78625954198472,150.01526717557252,4.977099236641221,7.893426161467399,0.0797654607810599,7.4528708927978755,3.223863259210077,0.2547848213297934,0.13098567764213698,1
1082596,2017-04-09,2017,Sunrisers Hyderabad,Gujarat Lions,"Rajiv Gandhi International Stadium, Uppal",Sunrisers Hyderabad,field,63,0.5555555555555556,150.95238095238096,147.76190476190476,5.349206349206349,7.775859668662118,17,0.5294117647058824,154.88235294117646,161.88235294117646,4.411764705882353,8.506955177743432,0.02614379084967322,-3.9299719887955007,-14.120448179271705,0.9374416433239956,-0.7310955090813138,1
1082597,2017-04-09,2017,Mumbai Indians,Kolkata Knight Riders,Wankhede Stadium,Mumbai Indians,field,141,0.5673758865248227,155.354609929078,148.27659574468086,5.411347517730497,7.704336076649061,133,0.518796992481203,147.85714285714286,144.74436090225564,5.075187969924812,7.618124258013455,0.0485788940436197,7.497467071935148,3.5322348424252255,0.3361595478056847,0.08621181863560601,1
1082598,2017-04-10,2017,Punjab Kings,Royal Challengers Bengaluru,Holkar Cricket Stadium,Royal Challengers Bengaluru,bat,135,0.4740740740740741,155.74074074074073,153.78518518518518,5.177777777777778,8.122986631887837,139,0.5107913669064749,156.24460431654677,153.15107913669064,5.258992805755396,8.017072558373085,-0.03671729283240077,-0.5038635758060366,0.6341060484945444,-0.08121502797761782,0.1059140735147519,1
1082599,2017-04-11,2017,Rising Pune Supergiants,Delhi Capitals,Maharashtra Cricket Association Stadium,Rising Pune Supergiants,field,16,0.375,150.8125,151.9375,5.0625,8.153158188932364,132,0.42424242424242425,148.7348484848485,150.0530303030303,4.992424242424242,7.892283171735955,-0.049242424242424254,2.0776515151515014,1.8844696969696884,0.07007575757575779,0.26087501719640915,0
1082600,2017-04-12,2017,Mumbai Indians,Sunrisers Hyderabad,Wankhede Stadium,Mumbai Indians,field,142,0.5704225352112676,155.5281690140845,148.4788732394366,5.422535211267606,7.712717961224241,64,0.5625,150.78125,147.515625,5.359375,7.756538408873065,0.007922535211267623,4.7469190140845114,0.9632482394366093,0.06316021126760596,-0.04382044764882398,1
1082601,2017-04-13,2017,Kolkata Knight Riders,Punjab Kings,Eden Gardens,Kolkata Knight Riders,field,134,0.5149253731343284,148.0820895522388,144.97014925373134,5.082089552238806,7.627511288528237,136,0.47794117647058826,155.6985294117647,153.73529411764707,5.169117647058823,8.116984794564866,0.03698419666374014,-7.616439859525883,-8.765144863915737,-0.08702809482001772,-0.48947350603662887,1
1082602,2017-04-14,2017,Royal Challengers Bengaluru,Mumbai Indians,M Chinnaswamy Stadium,Mumbai Indians,field,140,0.5071428571428571,156.18571428571428,153.1,5.235714285714286,8.028216492914664,143,0.5734265734265734,155.55244755244755,148.51048951048952,5.440559440559441,7.712262437961506,-0.06628371628371632,0.633266733266737,4.589510489510474,-0.2048451548451551,0.3159540549531581,0
1082603,2017-04-14,2017,Gujarat Lions,Rising Pune Supergiants,Saurashtra Cricket Association Stadium,Gujarat Lions,field,18,0.5,153.77777777777777,160.66666666666666,4.222222222222222,8.530973451327434,17,0.35294117647058826,148.2941176470588,154.88235294117646,4.9411764705882355,8.275536930330015,0.14705882352941174,5.48366013071896,5.784313725490193,-0.7189542483660132,0.255436520997419,1
1082604,2017-04-15,2017,Kolkata Knight Riders,Sunrisers Hyderabad,Eden Gardens,Sunrisers Hyderabad,field,135,0.5185185185185185,148.25185185185185,145.14814814814815,5.111111111111111,7.63391987533277,65,0.5538461538461539,150.8923076923077,147.64615384615385,5.369230769230769,7.7656102494942685,-0.03532763532763539,-2.640455840455843,-2.4980056980056986,-0.2581196581196581,-0.1316903741614981,1
1082605,2017-04-15,2017,Delhi Capitals,Punjab Kings,Feroz Shah Kotla,Delhi Capitals,bat,133,0.42857142857142855,149.1578947368421,149.72932330827066,5.030075187969925,7.884130649950511,137,0.4744525547445255,155.8029197080292,153.8175182481752,5.145985401459854,8.128970039861128,-0.045881126173096975,-6.645024971187098,-4.088194939904525,-0.11591021348992925,-0.24483938991061738,1
1082606,2017-04-16,2017,Mumbai Indians,Gujarat Lions,Wankhede Stadium,Mumbai Indians,field,144,0.5763888888888888,155.47916666666666,148.41666666666666,5.430555555555555,7.705323879341425,19,0.5263157894736842,154.73684210526315,161.1578947368421,4.421052631578948,8.529247910863509,0.05007309941520466,0.7423245614035068,-12.741228070175453,1.0095029239766076,-0.8239240315220835,1
1082607,2017-04-16,2017,Royal Challengers Bengaluru,Rising Pune Supergiants,M Chinnaswamy Stadium,Royal Challengers Bengaluru,field,141,0.5035460992907801,156.08510638297872,153.0,5.24113475177305,8.023679642945698,18,0.3333333333333333,149.55555555555554,155.77777777777777,4.833333333333333,8.341100644521566,0.17021276595744678,6.529550827423179,-2.7777777777777715,0.40780141843971673,-0.31742100157586783,0
1082608,2017-04-17,2017,Delhi Capitals,Kolkata Knight Riders,Feroz Shah Kotla,Delhi Capitals,bat,134,0.43283582089552236,149.44776119402985,149.62686567164178,5.059701492537314,7.875613747954173,136,0.5220588235294118,148.4264705882353,145.1985294117647,5.117647058823529,7.633657625153018,-0.08922300263388944,1.0212906057945474,4.428336259877085,-0.05794556628621539,0.24195612280115508,0
1082609,2017-04-17,2017,Sunrisers Hyderabad,Punjab Kings,"Rajiv Gandhi International Stadium, Uppal",Punjab Kings,field,66,0.5454545454545454,150.95454545454547,148.0,5.378787878787879,7.7781021897810225,138,0.47101449275362317,155.66666666666666,154.05072463768116,5.1521739130434785,8.137935434477479,0.07444005270092224,-4.71212121212119,-6.0507246376811565,0.2266139657444004,-0.35983324469645606,1
1082610,2017-04-18,2017,Gujarat Lions,Royal Challengers Bengaluru,Saurashtra Cricket Association Stadium,Gujarat Lions,field,20,0.5,155.8,161.8,4.4,8.549537648612946,142,0.5,155.92957746478874,153.01408450704224,5.253521126760563,8.021658872754124,0.0,-0.12957746478872423,8.78591549295777,-0.8535211267605627,0.5278787758588219,0
1082611,2017-04-19,2017,Sunrisers Hyderabad,Delhi Capitals,"Rajiv Gandhi International Stadium, Uppal",Sunrisers Hyderabad,bat,67,0.5522388059701493,151.07462686567163,148.02985074626866,5.447761194029851,7.77577420619365,135,0.42962962962962964,149.5851851851852,149.74814814814815,5.066666666666666,7.879433545537223,0.12260917634051965,1.4894416804864363,-1.7182974018794823,0.3810945273631843,-0.10365933934357319,1
1082612,2017-04-20,2017,Punjab Kings,Mumbai Indians,Holkar Cricket Stadium,Mumbai Indians,field,139,0.4676258992805755,155.6546762589928,154.0503597122302,5.158273381294964,8.134608079017347,145,0.5793103448275863,155.62758620689655,148.6,5.4206896551724135,7.712802768166091,-0.11168444554701074,0.02709005209624138,5.45035971223021,-0.2624162738774496,0.4218053108512567,0
1082613,2017-04-21,2017,Kolkata Knight Riders,Gujarat Lions,Eden Gardens,Gujarat Lions,field,137,0.5255474452554745,148.57664233576642,145.35766423357666,5.124087591240876,7.639153506809027,21,0.47619047619047616,157.52380952380952,164.1904761904762,4.285714285714286,8.652446675031367,0.04935696906499831,-8.947167188043096,-18.832811956899548,0.8383733055265905,-1.01329316822234,0
1082614,2017-04-22,2017,Mumbai Indians,Delhi Capitals,Wankhede Stadium,Delhi Capitals,field,146,0.5821917808219178,155.92465753424656,148.9041095890411,5.410958904109589,7.726572680961972,136,0.4264705882352941,149.77941176470588,150.0441176470588,5.0588235294117645,7.891968544540416,0.1557211925866237,6.145245769540679,-1.1400080580177132,0.3521353746978244,-0.1653958635784436,1
1082615,2017-04-22,2017,Rising Pune Supergiants,Sunrisers Hyderabad,Maharashtra Cricket Association Stadium,Rising Pune Supergiants,field,19,0.3684210526315789,150.1578947368421,154.47368421052633,5.052631578947368,8.240524099204492,68,0.5588235294117647,151.66176470588235,148.36764705882354,5.426470588235294,7.78772674642995,-0.1904024767801858,-1.5038699690402382,6.106037151702793,-0.37383900928792624,0.45279735277454236,1
1082616,2017-04-23,2017,Gujarat Lions,Punjab Kings,Saurashtra Cricket Association Stadium,Gujarat Lions,field,22,0.5,158.9090909090909,165.13636363636363,4.2727272727272725,8.68100358422939,140,0.4642857142857143,155.95714285714286,154.35,5.135714285714286,8.161012148297349,0.0357142857142857,2.951948051948051,10.786363636363632,-0.8629870129870136,0.5199914359320417,0
1082617,2017-04-23,2017,Kolkata Knight Riders,Royal Challengers Bengaluru,Eden Gardens,Royal Challengers Bengaluru,field,138,0.5217391304347826,148.85507246376812,145.63768115942028,5.130434782608695,7.655894863818171,143,0.5034965034965035,156.32867132867133,153.27272727272728,5.258741258741258,8.032494502809676,0.01824262693827905,-7.4735988649032095,-7.6350461133069984,-0.12830647613256296,-0.3765996389915056,1
1082618,2017-04-24,2017,Mumbai Indians,Rising Pune Supergiants,Wankhede Stadium,Mumbai Indians,field,147,0.5850340136054422,155.82993197278913,148.74149659863946,5.414965986394558,7.716151041053994,20,0.4,151.6,155.35,4.95,8.259636685866194,0.18503401360544214,4.229931972789132,-6.608503401360537,0.46496598639455744,-0.5434856448122005,0
1082620,2017-04-26,2017,Rising Pune Supergiants,Kolkata Knight Riders,Maharashtra Cricket Association Stadium,Kolkata Knight Riders,field,21,0.42857142857142855,152.0,155.28571428571428,5.0476190476190474,8.23138409760202,139,0.5251798561151079,148.72661870503597,144.9208633093525,5.16546762589928,7.64526535517743,-0.09660842754367932,3.2733812949640253,10.364850976361765,-0.11784857828023299,0.5861187424245893,0
1082621,2017-04-27,2017,Royal Challengers Bengaluru,Gujarat Lions,M Chinnaswamy Stadium,Gujarat Lions,field,144,0.5,155.58333333333334,153.11805555555554,5.291666666666667,8.023166959791377,23,0.4782608695652174,159.04347826086956,165.95652173913044,4.3478260869565215,8.704675028506271,0.021739130434782594,-3.46014492753622,-12.838466183574894,0.9438405797101455,-0.6815080687148942,0
1082622,2017-04-28,2017,Kolkata Knight Riders,Delhi Capitals,Eden Gardens,Kolkata Knight Riders,field,140,0.5285714285714286,148.97857142857143,145.17857142857142,5.164285714285715,7.655847824722204,137,0.4233576642335766,149.62043795620437,149.94890510948906,5.0583941605839415,7.8839708328003075,0.10521376433785196,-0.641866527632942,-4.770333680917645,0.10589155370177306,-0.2281230080781036,1
1082623,2017-04-28,2017,Punjab Kings,Sunrisers Hyderabad,"Punjab Cricket Association IS Bindra Stadium, Mohali",Punjab Kings,field,141,0.46808510638297873,156.18439716312056,154.38297872340425,5.148936170212766,8.159430249265945,69,0.5507246376811594,152.0144927536232,148.7826086956522,5.391304347826087,7.803876852907639,-0.08263953129818069,4.169904409497377,5.600370027752064,-0.2423681776133213,0.35555339635830574,0
1082624,2017-04-29,2017,Rising Pune Supergiants,Royal Challengers Bengaluru,Maharashtra Cricket Association Stadium,Royal Challengers Bengaluru,field,22,0.4090909090909091,153.36363636363637,156.4090909090909,4.909090909090909,8.304907481898633,145,0.496551724137931,155.4344827586207,152.97931034482758,5.275862068965517,8.031136857349747,-0.08746081504702191,-2.070846394984329,3.429780564263325,-0.36677115987460773,0.27377062454888623,1
1082625,2017-04-29,2017,Gujarat Lions,Mumbai Indians,Saurashtra Cricket Association Stadium,Gujarat Lions,bat,24,0.5,158.04166666666666,164.25,4.5,8.597600872410032,148,0.581081081081081,155.83783783783784,148.80405405405406,5.418918918918919,7.7174395514542695,-0.08108108108108103,2.2038288288288186,15.445945945945937,-0.9189189189189193,0.8801613209557626,0
1082626,2017-04-30,2017,Punjab Kings,Delhi Capitals,"Punjab Cricket Association IS Bindra Stadium, Mohali",Punjab Kings,field,142,0.4647887323943662,156.35915492957747,154.74647887323943,5.133802816901408,8.175358095119984,138,0.42028985507246375,149.69565217391303,149.96376811594203,5.036231884057971,7.892829900839054,0.04449887732190244,6.663502755664439,4.782710757297394,0.09757093284343732,0.2825281942809301,1
1082627,2017-04-30,2017,Sunrisers Hyderabad,Kolkata Knight Riders,"Rajiv Gandhi International Stadium, Uppal",Kolkata Knight Riders,field,70,0.5571428571428572,152.8,149.18571428571428,5.442857142857143,7.819543242231374,141,0.5319148936170213,149.06382978723406,145.27659574468086,5.163120567375887,7.658047230357031,0.025227963525835895,3.7361702127659555,3.909118541033422,0.2797365754812562,0.16149601187434293,1
1082628,2017-05-01,2017,Mumbai Indians,Royal Challengers Bengaluru,Wankhede Stadium,Royal Challengers Bengaluru,bat,149,0.5838926174496645,155.89261744966444,148.8523489932886,5.436241610738255,7.7153293135436,146,0.4931506849315068,155.02739726027397,153.0,5.260273972602739,8.029475197699497,0.09074193251815765,0.8652201893904703,-4.147651006711413,0.17596763813551597,-0.3141458841558977,1
1082629,2017-05-01,2017,Rising Pune Supergiants,Gujarat Lions,Maharashtra Cricket Association Stadium,Rising Pune Supergiants,field,23,0.43478260869565216,153.52173913043478,153.69565217391303,5.043478260869565,8.138910207214122,25,0.48,158.08,164.24,4.64,8.566063977746872,-0.04521739130434782,-4.558260869565231,-10.544347826086977,0.40347826086956573,-0.4271537705327493,1
1082630,2017-05-02,2017,Delhi Capitals,Sunrisers Hyderabad,Feroz Shah Kotla,Delhi Capitals,field,139,0.4172661870503597,149.10071942446044,149.37410071942446,5.0,7.895177134165663,71,0.5633802816901409,153.59154929577466,149.33802816901408,5.464788732394366,7.822205828107709,-0.14611409463978114,-4.490829871314219,0.036072550410381155,-0.464788732394366,0.07297130605795399,1
1082631,2017-05-03,2017,Kolkata Knight Riders,Rising Pune Supergiants,Eden Gardens,Rising Pune Supergiants,field,142,0.528169014084507,149.14788732394365,145.7112676056338,5.133802816901408,7.678025851938895,24,0.4583333333333333,154.08333333333334,153.79166666666666,5.166666666666667,8.12697247706422,0.06983568075117369,-4.935446009389693,-8.080399061032864,-0.03286384976525891,-0.44894662512532424,0
1082632,2017-05-04,2017,Delhi Capitals,Gujarat Lions,Feroz Shah Kotla,Delhi Capitals,field,140,0.42142857142857143,149.38571428571427,149.59285714285716,4.985714285714286,7.903515944399018,26,0.46153846153846156,158.19230769230768,164.23076923076923,4.615384615384615,8.554257095158597,-0.040109890109890134,-8.806593406593407,-14.63791208791207,0.3703296703296708,-0.6507411507595791,1
1082633,2017-05-05,2017,Royal Challengers Bengaluru,Punjab Kings,M Chinnaswamy Stadium,Royal Challengers Bengaluru,field,147,0.4897959183673469,155.0748299319728,153.06802721088437,5.258503401360544,8.030813158051275,143,0.46853146853146854,155.74125874125875,154.13286713286712,5.1678321678321675,8.148243992606284,0.021264449835878385,-0.6664288092859465,-1.0648399219827525,0.09067123352837658,-0.1174308345550088,0
1082634,2017-05-06,2017,Sunrisers Hyderabad,Rising Pune Supergiants,"Rajiv Gandhi International Stadium, Uppal",Sunrisers Hyderabad,field,72,0.5555555555555556,154.02777777777777,149.875,5.444444444444445,7.849903006789524,25,0.48,154.24,153.64,5.24,8.100527240773285,0.0755555555555556,-0.21222222222223763,-3.7649999999999864,0.20444444444444443,-0.25062423398376144,0
1082635,2017-05-06,2017,Delhi Capitals,Mumbai Indians,Feroz Shah Kotla,Delhi Capitals,field,141,0.425531914893617,149.84397163120568,150.0,4.98581560283688,7.921842811661152,150,0.5866666666666667,155.95333333333335,148.92666666666668,5.446666666666666,7.717296176877015,-0.16113475177304964,-6.109361702127671,1.0733333333333235,-0.4608510638297867,0.20454663478413693,0
1082636,2017-05-07,2017,Royal Challengers Bengaluru,Kolkata Knight Riders,M Chinnaswamy Stadium,Kolkata Knight Riders,field,148,0.4864864864864865,154.8310810810811,152.90540540540542,5.27027027027027,8.019609001240328,143,0.5244755244755245,149.1888111888112,145.75524475524475,5.13986013986014,7.679336813018115,-0.037989037989037966,5.642269892269894,7.150160650160672,0.13041013041013017,0.3402721882222126,0
1082637,2017-05-07,2017,Punjab Kings,Gujarat Lions,"Punjab Cricket Association IS Bindra Stadium, Mohali",Gujarat Lions,field,144,0.4722222222222222,155.61805555555554,153.86111111111111,5.201388888888889,8.133627019089575,27,0.4444444444444444,160.03703703703704,165.8148148148148,4.555555555555555,8.665161290322581,0.02777777777777779,-4.418981481481495,-11.953703703703695,0.6458333333333339,-0.5315342712330065,0
1082638,2017-05-08,2017,Sunrisers Hyderabad,Mumbai Indians,"Rajiv Gandhi International Stadium, Uppal",Mumbai Indians,bat,73,0.547945205479452,153.78082191780823,149.8082191780822,5.4520547945205475,7.8413001912045885,151,0.5894039735099338,156.32450331125827,148.36423841059602,5.47682119205298,7.703037249283668,-0.04145876803048176,-2.5436813934500435,1.443980767486181,-0.02476639753243237,0.13826294192092092,1
1082639,2017-05-09,2017,Punjab Kings,Kolkata Knight Riders,"Punjab Cricket Association IS Bindra Stadium, Mohali",Kolkata Knight Riders,field,145,0.4689655172413793,155.84827586206896,154.10344827586206,5.1931034482758625,8.144210909974488,144,0.5277777777777778,149.25694444444446,145.83333333333334,5.145833333333333,7.680585187442853,-0.058812260536398486,6.591331417624502,8.270114942528721,0.04727011494252942,0.4636257225316349,1
1082640,2017-05-10,2017,Gujarat Lions,Delhi Capitals,Green Park,Delhi Capitals,field,28,0.4642857142857143,161.17857142857142,166.64285714285714,4.5,8.6944099378882,142,0.4225352112676056,149.25352112676057,150.3732394366197,4.971830985915493,7.938410062581324,0.041750503018108676,11.925050301810842,16.269617706237426,-0.471830985915493,0.7559998753068751,0
1082641,2017-05-11,2017,Mumbai Indians,Punjab Kings,Wankhede Stadium,Mumbai Indians,field,152,0.5855263157894737,156.20394736842104,148.29605263157896,5.4605263157894735,7.701936218678816,146,0.4726027397260274,155.92465753424656,154.08219178082192,5.191780821917808,8.139910746592692,0.11292357606344627,0.2792898341744774,-5.786139149242956,0.26874549387166535,-0.4379745279138758,0
1082642,2017-05-12,2017,Delhi Capitals,Rising Pune Supergiants,Feroz Shah Kotla,Delhi Capitals,bat,143,0.42657342657342656,149.5874125874126,150.63636363636363,4.965034965034965,7.9491973676117835,26,0.5,154.0,152.96153846153845,5.384615384615385,8.047892074198987,-0.07342657342657344,-4.412587412587413,-2.3251748251748268,-0.41958041958042,-0.09869470658720392,1
1082643,2017-05-13,2017,Gujarat Lions,Sunrisers Hyderabad,Green Park,Sunrisers Hyderabad,field,29,0.4482758620689655,162.3448275862069,167.6206896551724,4.517241379310345,8.737567405632115,74,0.5540540540540541,153.59459459459458,149.6081081081081,5.472972972972973,7.8258718190386425,-0.10577819198508853,8.750232991612307,18.012581547064315,-0.9557315936626276,0.9116955865934724,0
1082644,2017-05-13,2017,Kolkata Knight Riders,Mumbai Indians,Eden Gardens,Kolkata Knight Riders,field,145,0.5241379310344828,149.28275862068966,145.93793103448274,5.151724137931034,7.683267776096823,153,0.5816993464052288,156.640522875817,148.8235294117647,5.444444444444445,7.72737556561086,-0.057561415370745994,-7.357764255127336,-2.8855983772819513,-0.2927203065134103,-0.04410778951403671,0
1082645,2017-05-14,2017,Rising Pune Supergiants,Punjab Kings,Maharashtra Cricket Association Stadium,Rising Pune Supergiants,field,27,0.48148148148148145,154.25925925925927,153.40740740740742,5.444444444444445,8.055753646677472,147,0.47619047619047616,156.42857142857142,154.5374149659864,5.197278911564626,8.1608190635852,0.005291005291005291,-2.1693121693121498,-1.130007558578967,0.24716553287981835,-0.10506541690772764,1
1082646,2017-05-14,2017,Delhi Capitals,Royal Challengers Bengaluru,Feroz Shah Kotla,Royal Challengers Bengaluru,bat,144,0.4305555555555556,149.71527777777777,150.67361111111111,4.972222222222222,7.948104279870566,149,0.48322147651006714,154.8523489932886,152.9261744966443,5.261744966442953,8.031723651744802,-0.05266592095451156,-5.137071215510815,-2.2525633855331932,-0.2895227442207311,-0.08361937187423596,0
1082647,2017-05-16,2017,Mumbai Indians,Rising Pune Supergiants,Wankhede Stadium,Mumbai Indians,field,154,0.5844155844155844,156.74675324675326,148.9090909090909,5.461038961038961,7.729887640449439,28,0.5,151.53571428571428,150.53571428571428,5.571428571428571,7.952830188679245,0.08441558441558439,5.21103896103898,-1.626623376623371,-0.11038961038961048,-0.2229425482298062,0
1082648,2017-05-17,2017,Sunrisers Hyderabad,Kolkata Knight Riders,M Chinnaswamy Stadium,Kolkata Knight Riders,field,75,0.56,153.65333333333334,149.61333333333334,5.533333333333333,7.824965132496513,146,0.5205479452054794,149.3835616438356,146.04794520547946,5.1438356164383565,7.6862721537999406,0.03945205479452063,4.2697716894977304,3.565388127853879,0.3894977168949767,0.1386929786965725,0
1082649,2017-05-19,2017,Mumbai Indians,Kolkata Knight Riders,M Chinnaswamy Stadium,Mumbai Indians,field,155,0.5806451612903226,156.6516129032258,148.9806451612903,5.445161290322581,7.731696428571429,147,0.5238095238095238,148.69387755102042,145.9047619047619,5.156462585034014,7.675991649269312,0.056835637480798784,7.95773535220539,3.0758832565284138,0.2886987052885672,0.05570477930211748,1
1082650,2017-05-21,2017,Mumbai Indians,Rising Pune Supergiants,"Rajiv Gandhi International Stadium, Uppal",Mumbai Indians,bat,156,0.5833333333333334,156.35897435897436,148.69230769230768,5.4743589743589745,7.717850607220097,29,0.5172413793103449,151.89655172413794,150.17241379310346,5.655172413793103,7.918181818181818,0.06609195402298851,4.462422634836429,-1.4801061007957799,-0.18081343943412875,-0.20033121096172124,1
1136561,2018-04-07,2018,Mumbai Indians,Chennai Super Kings,Wankhede Stadium,Chennai Super Kings,field,157,0.5859872611464968,156.18471337579618,148.52229299363057,5.471337579617835,7.707155842009585,131,0.6030534351145038,159.53435114503816,147.86259541984734,5.641221374045801,7.7130342447571,-0.017066173968007026,-3.34963776924198,0.6596975737832338,-0.16988379442796653,-0.005878402747515388,0
1136562,2018-04-08,2018,Delhi Capitals,Punjab Kings,Punjab Cricket Association IS Bindra Stadium,Punjab Kings,field,145,0.42758620689655175,149.72413793103448,150.73103448275862,4.9655172413793105,7.9481180677616825,148,0.47297297297297297,155.86486486486487,154.02027027027026,5.168918918918919,8.153690234887327,-0.045386766076421226,-6.140726933830393,-3.289235787511643,-0.2034016775396088,-0.20557216712564408,0
1136563,2018-04-08,2018,Royal Challengers Bengaluru,Kolkata Knight Riders,Eden Gardens,Kolkata Knight Riders,field,150,0.4866666666666667,154.89333333333335,152.88,5.293333333333333,8.026601330066503,148,0.5202702702702703,148.41216216216216,145.6418918918919,5.148648648648648,7.674460004747211,-0.03360360360360359,6.481171171171184,7.238108108108094,0.14468468468468476,0.352141325319292,0
1136564,2018-04-09,2018,Rajasthan Royals,Sunrisers Hyderabad,Rajiv Gandhi International Stadium,Sunrisers Hyderabad,field,117,0.5384615384615384,151.30769230769232,147.47863247863248,5.273504273504273,7.695109261186264,76,0.5526315789473685,153.31578947368422,148.26315789473685,5.4868421052631575,7.8286243631310795,-0.014170040485830038,-2.0080971659918987,-0.7845254161043727,-0.2133378317588841,-0.1335151019448153,0
1136565,2018-04-10,2018,Kolkata Knight Riders,Chennai Super Kings,MA Chidambaram Stadium,Chennai Super Kings,field,149,0.5234899328859061,148.60402684563758,145.83892617449663,5.1610738255033555,7.682064576950271,132,0.6060606060606061,159.6060606060606,147.97727272727272,5.628787878787879,7.716486700026336,-0.08257067317470002,-11.002033760423018,-2.1383465527760848,-0.4677140532845234,-0.03442212307606507,0
1136566,2018-04-11,2018,Rajasthan Royals,Delhi Capitals,Sawai Mansingh Stadium,Delhi Capitals,field,118,0.5338983050847458,151.08474576271186,147.27118644067798,5.237288135593221,7.695055350553505,146,0.4246575342465753,149.83561643835617,150.84246575342465,4.958904109589041,7.954370334697809,0.10924077083817046,1.2491293243556925,-3.571279312746668,0.2783840260041792,-0.25931498414430365,1
1136567,2018-04-12,2018,Mumbai Indians,Sunrisers Hyderabad,Rajiv Gandhi International Stadium,Sunrisers Hyderabad,field,158,0.5822784810126582,156.2405063291139,148.63924050632912,5.493670886075949,7.711799474605954,77,0.5584415584415584,152.97402597402598,147.92207792207793,5.5064935064935066,7.804933759707629,0.023836922571099817,3.2664803550879355,0.7171625842511844,-0.012822620417557218,-0.09313428510167565,0
1136568,2018-04-13,2018,Punjab Kings,Royal Challengers Bengaluru,M.Chinnaswamy Stadium,Royal Challengers Bengaluru,field,149,0.47651006711409394,155.93959731543623,154.08724832214764,5.174496644295302,8.154019178406536,151,0.48344370860927155,155.03311258278146,153.01986754966887,5.298013245033113,8.034540712836858,-0.0069336414951776115,0.9064847326547749,1.0673807724787707,-0.12351660073781101,0.1194784655696779,0
1136569,2018-04-14,2018,Mumbai Indians,Delhi Capitals,Wankhede Stadium,Delhi Capitals,field,159,0.5786163522012578,156.1823899371069,148.63522012578616,5.515723270440252,7.7097651152675075,147,0.4217687074829932,149.22448979591837,150.85034013605443,4.9523809523809526,7.9580118428135656,0.15684764471826462,6.9579001411885315,-2.215120010268265,0.5633423180592994,-0.24824672754605803,0
1136570,2018-04-14,2018,Kolkata Knight Riders,Sunrisers Hyderabad,Eden Gardens,Sunrisers Hyderabad,field,150,0.52,148.96,146.21333333333334,5.16,7.699490960154467,78,0.5641025641025641,152.94871794871796,147.85897435897436,5.538461538461538,7.79607931500676,-0.04410256410256408,-3.988717948717948,-1.6456410256410265,-0.3784615384615382,-0.096588354852293,0
1136571,2018-04-15,2018,Rajasthan Royals,Royal Challengers Bengaluru,M.Chinnaswamy Stadium,Royal Challengers Bengaluru,field,119,0.5378151260504201,151.10084033613447,146.52100840336135,5.218487394957983,7.700279699690857,152,0.4868421052631579,155.05921052631578,153.01315789473685,5.328947368421052,8.03338898163606,0.050973020787262235,-3.958370190181313,-6.4921494913755,-0.1104599734630689,-0.3331092819452026,1
1136572,2018-04-15,2018,Punjab Kings,Chennai Super Kings,Punjab Cricket Association IS Bindra Stadium,Chennai Super Kings,field,150,0.47333333333333333,155.93333333333334,154.1,5.173333333333333,8.152959849509141,133,0.6090225563909775,159.94736842105263,148.3684210526316,5.62406015037594,7.734387248497518,-0.13568922305764414,-4.014035087719293,5.731578947368405,-0.4507268170426073,0.41857260101162375,1
1136573,2018-04-16,2018,Kolkata Knight Riders,Delhi Capitals,Eden Gardens,Delhi Capitals,field,151,0.5165562913907285,148.88741721854305,146.16556291390728,5.158940397350993,7.696948561464691,148,0.42567567567567566,149.53378378378378,151.1081081081081,4.966216216216216,7.968644218777837,0.09088061571505279,-0.6463665652407258,-4.942545194200818,0.19272418113477752,-0.2716956573131464,1
1136574,2018-04-17,2018,Mumbai Indians,Royal Challengers Bengaluru,Wankhede Stadium,Royal Challengers Bengaluru,field,160,0.575,156.41875,148.91875,5.5,7.722666378565255,153,0.48366013071895425,155.33986928104576,153.3921568627451,5.3202614379084965,8.050654622377223,0.0913398692810457,1.078880718954224,-4.473406862745122,0.17973856209150352,-0.32798824381196834,1
1136575,2018-04-18,2018,Rajasthan Royals,Kolkata Knight Riders,Sawai Mansingh Stadium,Kolkata Knight Riders,field,120,0.5416666666666666,151.65,146.925,5.225,7.718225594630089,152,0.5197368421052632,149.22368421052633,146.0328947368421,5.190789473684211,7.702388525822682,0.021929824561403466,2.4263157894736764,0.8921052631579016,0.034210526315789025,0.015837068807406318,0
1136576,2018-04-19,2018,Punjab Kings,Sunrisers Hyderabad,Punjab Cricket Association IS Bindra Stadium,Punjab Kings,bat,151,0.4768211920529801,156.20529801324503,154.34437086092714,5.1655629139072845,8.16274589924698,79,0.569620253164557,152.77215189873417,147.70886075949366,5.569620253164557,7.782792352156514,-0.09279906111157687,3.433146114510862,6.635510101433482,-0.40405733925727283,0.3799535470904658,1
1136577,2018-04-20,2018,Chennai Super Kings,Rajasthan Royals,Maharashtra Cricket Association Stadium,Rajasthan Royals,field,134,0.6044776119402985,160.19402985074626,148.73134328358208,5.634328358208955,7.750842623800881,121,0.5371900826446281,151.71900826446281,147.0495867768595,5.198347107438017,7.72545046674868,0.06728752929567039,8.475021586283447,1.6817565067225644,0.4359812507709382,0.02539215705220066,1
1136578,2018-04-21,2018,Kolkata Knight Riders,Punjab Kings,Eden Gardens,Punjab Kings,field,153,0.5228758169934641,149.31372549019608,146.11764705882354,5.2026143790849675,7.704095112285336,152,0.48026315789473684,156.44736842105263,154.48684210526315,5.157894736842105,8.167178714277433,0.042612659098727246,-7.133642930856553,-8.369195046439614,0.04471964224286218,-0.4630836019920972,0
1136579,2018-04-21,2018,Delhi Capitals,Royal Challengers Bengaluru,M.Chinnaswamy Stadium,Royal Challengers Bengaluru,field,149,0.4228187919463087,149.39597315436242,151.40939597315437,4.993288590604027,7.981602688837786,154,0.4805194805194805,155.41558441558442,153.77272727272728,5.318181818181818,8.068025665777071,-0.05770068857317179,-6.019611261221996,-2.3633312995729057,-0.3248932275777916,-0.08642297693928569,0
1136580,2018-04-22,2018,Chennai Super Kings,Sunrisers Hyderabad,Rajiv Gandhi International Stadium,Sunrisers Hyderabad,field,135,0.6074074074074074,160.5185185185185,148.66666666666666,5.666666666666667,7.749533432009781,80,0.5625,153.0875,148.2125,5.5375,7.804080737165424,0.044907407407407396,7.431018518518499,0.4541666666666515,0.12916666666666732,-0.054547305155642434,1
1136581,2018-04-22,2018,Mumbai Indians,Rajasthan Royals,Sawai Mansingh Stadium,Mumbai Indians,bat,161,0.577639751552795,156.77018633540374,149.01242236024845,5.515527950310559,7.725740661227994,122,0.5327868852459017,151.62295081967213,147.51639344262296,5.19672131147541,7.746753712604922,0.044852866306893335,5.147235515731609,1.4960289176254946,0.3188066388351487,-0.02101305137692755,0
1136582,2018-04-23,2018,Punjab Kings,Delhi Capitals,Arun Jaitley Stadium,Delhi Capitals,field,153,0.48366013071895425,156.2483660130719,154.718954248366,5.163398692810458,8.176385930573945,150,0.42,149.56,151.56666666666666,4.98,7.99261733169274,0.06366013071895427,6.688366013071885,3.1522875816993405,0.1833986928104574,0.18376859888120478,1
1136583,2018-04-24,2018,Sunrisers Hyderabad,Mumbai Indians,Wankhede Stadium,Mumbai Indians,field,81,0.5555555555555556,153.39506172839506,148.62962962962962,5.493827160493828,7.8209181463837165,162,0.5740740740740741,156.83333333333334,149.12962962962962,5.5246913580246915,7.73088,-0.01851851851851849,-3.4382716049382793,-0.5,-0.03086419753086389,0.09003814638371654,1
1136584,2018-04-25,2018,Royal Challengers Bengaluru,Chennai Super Kings,M.Chinnaswamy Stadium,Chennai Super Kings,field,155,0.4838709677419355,155.5483870967742,153.84516129032258,5.316129032258065,8.06925723309458,136,0.6102941176470589,160.6764705882353,148.88235294117646,5.669117647058823,7.758349830768248,-0.12642314990512338,-5.128083491461098,4.9628083491461155,-0.3529886148007586,0.3109074023263325,0
1136585,2018-04-26,2018,Sunrisers Hyderabad,Punjab Kings,Rajiv Gandhi International Stadium,Punjab Kings,field,82,0.5609756097560976,152.96341463414635,147.8658536585366,5.548780487804878,7.781580917745213,154,0.487012987012987,156.16233766233765,154.6038961038961,5.175324675324675,8.167286032816877,0.0739626227431106,-3.1989230281913024,-6.738042445359497,0.373455812480203,-0.38570511507166394,1
1136586,2018-04-27,2018,Delhi Capitals,Kolkata Knight Riders,Arun Jaitley Stadium,Kolkata Knight Riders,field,151,0.41721854304635764,149.49006622516555,151.4503311258278,5.0,7.983592249956362,154,0.5194805194805194,149.58441558441558,145.98701298701297,5.175324675324675,7.717816683831102,-0.1022619764341618,-0.09434935925003174,5.463318138814827,-0.1753246753246751,0.2657755661252601,1
1136587,2018-04-28,2018,Chennai Super Kings,Mumbai Indians,Maharashtra Cricket Association Stadium,Mumbai Indians,field,137,0.6131386861313869,161.01459854014598,149.26277372262774,5.671532846715328,7.7757779326953544,163,0.5705521472392638,156.40490797546013,148.91411042944785,5.539877300613497,7.721238468879228,0.04258653889212305,4.609690564685849,0.3486632931798965,0.13165554610183072,0.054539463816126066,0
1136588,2018-04-29,2018,Sunrisers Hyderabad,Rajasthan Royals,Sawai Mansingh Stadium,Sunrisers Hyderabad,bat,83,0.5662650602409639,152.710843373494,147.49397590361446,5.590361445783133,7.760380348652932,123,0.5365853658536586,151.7560975609756,147.66666666666666,5.203252032520325,7.751475922896366,0.029679694387305333,0.9547458125183823,-0.1726907630522021,0.3871094132628077,0.008904425756566248,1
1136589,2018-04-29,2018,Royal Challengers Bengaluru,Kolkata Knight Riders,M.Chinnaswamy Stadium,Kolkata Knight Riders,field,156,0.4807692307692308,155.8653846153846,154.17307692307693,5.3076923076923075,8.084822679141688,155,0.5161290322580645,149.67741935483872,146.4516129032258,5.161290322580645,7.739515854074327,-0.03535980148883372,6.187965260545894,7.72146401985114,0.14640198511166247,0.345306825067361,0
1136590,2018-04-30,2018,Chennai Super Kings,Delhi Capitals,Maharashtra Cricket Association Stadium,Delhi Capitals,field,138,0.6086956521739131,161.07246376811594,149.3768115942029,5.644927536231884,7.780335912436309,152,0.42105263157894735,149.94736842105263,151.52631578947367,5.019736842105263,7.984746056508927,0.18764302059496574,11.125095347063308,-2.149504195270765,0.625190694126621,-0.20441014407261804,1
1136591,2018-05-01,2018,Royal Challengers Bengaluru,Mumbai Indians,M.Chinnaswamy Stadium,Mumbai Indians,field,157,0.47770700636942676,155.98726114649682,154.30573248407643,5.2993630573248405,8.091516366065465,164,0.573170731707317,156.4878048780488,149.01829268292684,5.536585365853658,7.7248972710989365,-0.09546372533789027,-0.5005437315519714,5.2874398011495884,-0.23722230852881765,0.366619094966528,1
1136592,2018-05-02,2018,Delhi Capitals,Rajasthan Royals,Arun Jaitley Stadium,Rajasthan Royals,field,153,0.41830065359477125,150.26143790849673,151.8954248366013,5.006535947712418,8.001377173351695,124,0.532258064516129,151.66129032258064,147.68548387096774,5.217741935483871,7.749347626771987,-0.11395741092135775,-1.3998524140839095,4.209940965633564,-0.21120598777145272,0.252029546579708,1
1136593,2018-05-03,2018,Chennai Super Kings,Kolkata Knight Riders,Eden Gardens,Kolkata Knight Riders,field,139,0.6115107913669064,161.431654676259,149.71223021582733,5.633093525179856,7.795467315976775,156,0.5192307692307693,149.84615384615384,146.60256410256412,5.153846153846154,7.744666440907552,0.09228002213613717,11.585500830105161,3.1096661132632164,0.47924737133370154,0.05080087506922304,0
1136594,2018-05-04,2018,Punjab Kings,Mumbai Indians,Holkar Cricket Stadium,Mumbai Indians,field,155,0.4838709677419355,155.9225806451613,154.44516129032257,5.180645161290323,8.155925273976493,165,0.5696969696969697,156.46666666666667,149.1090909090909,5.539393939393939,7.727881897183542,-0.0858260019550342,-0.5440860215053647,5.3360703812316785,-0.3587487781036165,0.42804337679295124,0
1136595,2018-05-05,2018,Royal Challengers Bengaluru,Chennai Super Kings,Maharashtra Cricket Association Stadium,Chennai Super Kings,field,158,0.4810126582278481,156.05696202531647,154.26582278481013,5.30379746835443,8.086927670869276,140,0.6071428571428571,161.54285714285714,149.92142857142858,5.621428571428571,7.810829250139553,-0.12613019891500898,-5.485895117540679,4.344394213381548,-0.3176311030741408,0.27609842072972324,0
1136596,2018-05-05,2018,Delhi Capitals,Sunrisers Hyderabad,Rajiv Gandhi International Stadium,Delhi Capitals,bat,154,0.42207792207792205,150.55844155844156,151.85064935064935,5.0,8.018172466998115,84,0.5714285714285714,152.6904761904762,147.39285714285714,5.595238095238095,7.750234741784038,-0.14935064935064934,-2.132034632034646,4.45779220779221,-0.5952380952380949,0.2679377252140771,0
1136597,2018-05-06,2018,Mumbai Indians,Kolkata Knight Riders,Wankhede Stadium,Kolkata Knight Riders,field,166,0.572289156626506,156.5843373493976,149.2289156626506,5.536144578313253,7.732389969826241,157,0.5222929936305732,150.03821656050957,146.77070063694268,5.1528662420382165,7.750756811301716,0.04999616299593279,6.546120788888032,2.458215025707915,0.38327833627503605,-0.018366841475474516,1
1136598,2018-05-06,2018,Rajasthan Royals,Punjab Kings,Holkar Cricket Stadium,Punjab Kings,field,125,0.528,151.616,148.064,5.224,7.7753815992157955,156,0.4807692307692308,156.03846153846155,154.55769230769232,5.173076923076923,8.161692524682651,0.04723076923076924,-4.422461538461533,-6.493692307692328,0.05092307692307685,-0.38631092546685597,0
1136599,2018-05-07,2018,Sunrisers Hyderabad,Royal Challengers Bengaluru,Rajiv Gandhi International Stadium,Royal Challengers Bengaluru,field,85,0.5764705882352941,152.8235294117647,147.56470588235294,5.564705882352941,7.754559505409583,159,0.4779874213836478,155.874213836478,154.0817610062893,5.29559748427673,8.08014511873351,0.09848316685164626,-3.050684424713296,-6.517055123936359,0.26910839807621123,-0.325585613323927,1
1136600,2018-05-08,2018,Rajasthan Royals,Punjab Kings,Sawai Mansingh Stadium,Rajasthan Royals,bat,126,0.5238095238095238,151.61904761904762,148.11904761904762,5.214285714285714,7.779491454772822,157,0.4840764331210191,156.03184713375796,154.4968152866242,5.191082802547771,8.155561782011768,0.039733090688504724,-4.412799514710343,-6.377767667576592,0.02320291173794331,-0.3760703272389456,1
1136601,2018-05-09,2018,Mumbai Indians,Kolkata Knight Riders,Eden Gardens,Kolkata Knight Riders,field,167,0.5748502994011976,156.7305389221557,149.29341317365268,5.538922155688622,7.734050253334712,158,0.5189873417721519,150.15189873417722,146.98101265822785,5.1455696202531644,7.759104577347143,0.055862957629045695,6.578640187978465,2.3124005154248266,0.3933525354354579,-0.025054324012431017,1
1136602,2018-05-10,2018,Delhi Capitals,Sunrisers Hyderabad,Arun Jaitley Stadium,Delhi Capitals,bat,155,0.41935483870967744,150.63870967741934,151.92903225806452,4.987096774193549,8.019866046089227,86,0.5813953488372093,152.74418604651163,147.46511627906978,5.569767441860465,7.744732824427481,-0.1620405101275319,-2.105476369092287,4.4639159789947485,-0.5826706676669167,0.27513322166174614,0
1136603,2018-05-11,2018,Chennai Super Kings,Rajasthan Royals,Sawai Mansingh Stadium,Chennai Super Kings,bat,141,0.6099290780141844,161.3049645390071,149.73758865248226,5.631205673758865,7.798928769316014,127,0.5275590551181102,151.66929133858267,148.03937007874015,5.2204724409448815,7.772219925589086,0.0823700228960742,9.635673200424435,1.6982185737421105,0.41073323281398366,0.02670884372692761,0
1136604,2018-05-12,2018,Kolkata Knight Riders,Punjab Kings,Holkar Cricket Stadium,Punjab Kings,field,159,0.5157232704402516,149.88679245283018,147.36477987421384,5.150943396226415,7.776634583471623,158,0.4810126582278481,155.9493670886076,154.5126582278481,5.2025316455696204,8.153520734762038,0.03471061221240346,-6.062574635777423,-7.147878353634269,-0.05158824934320538,-0.3768861512904156,1
1136605,2018-05-12,2018,Delhi Capitals,Royal Challengers Bengaluru,Arun Jaitley Stadium,Royal Challengers Bengaluru,field,156,0.4166666666666667,150.87179487179486,152.17307692307693,4.961538461538462,8.033049461395297,160,0.475,155.78125,154.0125,5.3125,8.074049803407602,-0.05833333333333329,-4.909455128205138,-1.8394230769230546,-0.3509615384615383,-0.04100034201230507,0
1136606,2018-05-13,2018,Sunrisers Hyderabad,Chennai Super Kings,Maharashtra Cricket Association Stadium,Chennai Super Kings,field,87,0.5862068965517241,153.183908045977,147.89655172413794,5.540229885057471,7.76289592760181,142,0.6056338028169014,161.40845070422534,149.92253521126761,5.626760563380282,7.806747341400807,-0.01942690626517729,-8.224542658248339,-2.025983487129679,-0.08653067832281103,-0.04385141379899693,0
1136607,2018-05-13,2018,Mumbai Indians,Rajasthan Royals,Wankhede Stadium,Rajasthan Royals,field,168,0.5773809523809523,157.04761904761904,149.04166666666666,5.553571428571429,7.723716004318543,128,0.53125,151.8671875,148.25,5.203125,7.780237802378024,0.04613095238095233,5.180431547619037,0.7916666666666572,0.3504464285714288,-0.056521798059480766,0
1136608,2018-05-14,2018,Punjab Kings,Royal Challengers Bengaluru,Holkar Cricket Stadium,Royal Challengers Bengaluru,field,159,0.4779874213836478,156.31446540880503,155.0817610062893,5.2075471698113205,8.180702239424939,161,0.4782608695652174,155.9751552795031,154.17391304347825,5.304347826086956,8.080078125,-0.00027344818156960216,0.3393101293019356,0.9078479628110472,-0.09680065627563561,0.10062411442493868,0
1136609,2018-05-15,2018,Rajasthan Royals,Kolkata Knight Riders,Eden Gardens,Kolkata Knight Riders,field,129,0.5348837209302325,152.015503875969,148.3875968992248,5.209302325581396,7.784465229768198,160,0.51875,150.48125,147.775,5.16875,7.795581932080449,0.016133720930232465,1.534253875969,0.6125968992247977,0.04055232558139554,-0.011116702312250482,0
1136610,2018-05-16,2018,Mumbai Indians,Punjab Kings,Wankhede Stadium,Punjab Kings,field,169,0.5739644970414202,157.11242603550295,149.1656804733728,5.538461538461538,7.733217444654635,160,0.475,155.8875,154.675,5.175,8.188375427373993,0.09896449704142019,1.2249260355029605,-5.509319526627223,0.3634615384615385,-0.45515798271935815,1
1136611,2018-05-17,2018,Royal Challengers Bengaluru,Sunrisers Hyderabad,M.Chinnaswamy Stadium,Sunrisers Hyderabad,field,162,0.48148148148148145,155.58024691358025,153.7530864197531,5.314814814814815,8.068239486044378,88,0.5795454545454546,153.47727272727272,148.26136363636363,5.488636363636363,7.782284521324187,-0.09806397306397313,2.1029741863075344,5.491722783389463,-0.17382154882154843,0.2859549647201911,1
1136612,2018-05-18,2018,Delhi Capitals,Chennai Super Kings,Arun Jaitley Stadium,Chennai Super Kings,field,157,0.4140127388535032,151.06369426751593,152.36942675159236,4.961783439490445,8.04326141776408,143,0.6083916083916084,161.53846153846155,150.1048951048951,5.615384615384615,7.813978886057518,-0.19437886953810524,-10.47476727094562,2.2645316466972645,-0.6536011758941696,0.22928253170656276,1
1136613,2018-05-19,2018,Rajasthan Royals,Royal Challengers Bengaluru,Sawai Mansingh Stadium,Rajasthan Royals,bat,130,0.5307692307692308,151.93846153846152,148.35384615384615,5.2,7.786031489705288,163,0.48466257668711654,155.96319018404907,154.04907975460122,5.300613496932515,8.081317384541116,0.04610665408211423,-4.024728645587544,-5.695233600755074,-0.10061349693251476,-0.29528589483582746,1
1136614,2018-05-19,2018,Sunrisers Hyderabad,Kolkata Knight Riders,Rajiv Gandhi International Stadium,Sunrisers Hyderabad,bat,89,0.5730337078651685,154.04494382022472,149.02247191011236,5.49438202247191,7.817860300618921,161,0.5217391304347826,150.4472049689441,147.73291925465838,5.198757763975156,7.793250327653998,0.0512945774303859,3.59773885128061,1.2895526554539742,0.2956242584967548,0.02460997296492362,0
1136615,2018-05-20,2018,Delhi Capitals,Mumbai Indians,Arun Jaitley Stadium,Delhi Capitals,bat,158,0.4177215189873418,151.13291139240508,152.20253164556962,4.968354430379747,8.031617033119955,170,0.5764705882352941,157.28235294117647,149.34117647058824,5.535294117647059,7.740637227501397,-0.1587490692479523,-6.149441548771392,2.8613551749813837,-0.566939687267312,0.29097980561855863,1
1136616,2018-05-20,2018,Punjab Kings,Chennai Super Kings,Maharashtra Cricket Association Stadium,Chennai Super Kings,field,161,0.4720496894409938,156.055900621118,154.8385093167702,5.192546583850931,8.194039662539717,144,0.6041666666666666,161.30555555555554,150.16666666666666,5.611111111111111,7.814962052764727,-0.13211697722567284,-5.24965493443753,4.671842650103542,-0.41856452726017945,0.37907760977499017,0
1136617,2018-05-22,2018,Sunrisers Hyderabad,Chennai Super Kings,Wankhede Stadium,Chennai Super Kings,field,90,0.5666666666666667,154.24444444444444,149.26666666666668,5.488888888888889,7.827911042051083,145,0.6068965517241379,161.2896551724138,150.15172413793104,5.641379310344828,7.812918660287082,-0.04022988505747127,-7.045210727969362,-0.8850574712643606,-0.15249042145593883,0.014992381764001195,0
1136618,2018-05-23,2018,Kolkata Knight Riders,Rajasthan Royals,Eden Gardens,Rajasthan Royals,field,162,0.5246913580246914,150.58641975308643,147.85185185185185,5.216049382716049,7.796875,131,0.5343511450381679,152.03053435114504,148.2290076335878,5.236641221374046,7.778608625984777,-0.009659787013476584,-1.4441145980586043,-0.37715578173595077,-0.020591838657996853,0.018266374015222908,1
1136619,2018-05-25,2018,Sunrisers Hyderabad,Kolkata Knight Riders,Eden Gardens,Kolkata Knight Riders,field,91,0.5604395604395604,154.07692307692307,149.14285714285714,5.5054945054945055,7.820975797157127,163,0.5276073619631901,150.69938650306747,147.82822085889572,5.208588957055214,7.793014230271669,0.03283219847637031,3.3775365738555934,1.3146362839614198,0.29690554843929107,0.027961566885458033,1
1136620,2018-05-27,2018,Sunrisers Hyderabad,Chennai Super Kings,Wankhede Stadium,Chennai Super Kings,field,92,0.5652173913043478,154.29347826086956,149.2391304347826,5.532608695652174,7.821876186859097,146,0.6095890410958904,161.14383561643837,150.07534246575344,5.6438356164383565,7.806769596199525,-0.04437164979154262,-6.8503573555688035,-0.8362120309708416,-0.11122692078618268,0.015106590659571317,0
1175356,2019-03-23,2019,Royal Challengers Bengaluru,Chennai Super Kings,MA Chidambaram Stadium,Chennai Super Kings,field,164,0.4817073170731707,155.82926829268294,154.10365853658536,5.2926829268292686,8.081756648723552,147,0.6122448979591837,161.27891156462584,150.25850340136054,5.639455782312925,7.814150943396227,-0.13053758088601297,-5.449643271942904,3.8451551352248146,-0.3467728554836569,0.2676057053273251,0
1175357,2019-03-24,2019,Sunrisers Hyderabad,Kolkata Knight Riders,Eden Gardens,Kolkata Knight Riders,field,93,0.5591397849462365,154.5483870967742,149.5483870967742,5.494623655913978,7.84064643427605,164,0.524390243902439,150.7560975609756,147.98170731707316,5.2073170731707314,7.798521850899743,0.03474954104379746,3.792289535798602,1.5666797797010474,0.2873065827432466,0.042124583376307534,0
1175358,2019-03-24,2019,Delhi Capitals,Mumbai Indians,Wankhede Stadium,Mumbai Indians,field,159,0.42138364779874216,151.27672955974842,152.26415094339623,5.0,8.033403384581352,171,0.5730994152046783,157.31578947368422,149.44444444444446,5.52046783625731,7.744330521743522,-0.15171576740593617,-6.039059913935802,2.819706498951774,-0.5204678362573096,0.2890728628378296,1
1175359,2019-03-25,2019,Punjab Kings,Rajasthan Royals,Sawai Mansingh Stadium,Rajasthan Royals,field,162,0.4691358024691358,156.03703703703704,154.85802469135803,5.191358024691358,8.194349175240895,132,0.5303030303030303,151.96969696969697,148.3560606060606,5.25,7.7823552788448795,-0.0611672278338945,4.067340067340069,6.5019640852974305,-0.05864197530864157,0.411993896396015,1
1175360,2019-03-26,2019,Delhi Capitals,Chennai Super Kings,Arun Jaitley Stadium,Delhi Capitals,bat,160,0.425,151.6625,152.4,5.01875,8.039564787339268,148,0.6148648648648649,160.6689189189189,149.69594594594594,5.662162162162162,7.790540936529332,-0.18986486486486492,-9.00641891891891,2.704054054054069,-0.6434121621621625,0.2490238508099356,0
1175361,2019-03-27,2019,Kolkata Knight Riders,Punjab Kings,Eden Gardens,Punjab Kings,field,165,0.5272727272727272,150.95151515151514,148.15151515151516,5.193939393939394,7.804916985951468,163,0.4723926380368098,156.2085889570552,154.94478527607362,5.2024539877300615,8.196008437449294,0.05488008923591742,-5.257073805540074,-6.793270124558461,-0.008514593790667213,-0.3910914514978252,1
1175362,2019-03-28,2019,Mumbai Indians,Royal Challengers Bengaluru,M.Chinnaswamy Stadium,Royal Challengers Bengaluru,field,172,0.5697674418604651,157.42441860465115,149.80232558139534,5.523255813953488,7.761232993624177,165,0.47878787878787876,155.3090909090909,153.5939393939394,5.278787878787878,8.058614658964439,0.09097956307258637,2.1153276955602394,-3.791613812544057,0.24446793516561005,-0.29738166534026167,1
1175363,2019-03-29,2019,Rajasthan Royals,Sunrisers Hyderabad,Rajiv Gandhi International Stadium,Rajasthan Royals,bat,133,0.5263157894736842,152.10526315789474,148.5639097744361,5.2406015037593985,7.790379813378893,94,0.5531914893617021,154.82978723404256,149.89361702127658,5.4787234042553195,7.856147198215779,-0.026875699888017968,-2.7245240761478158,-1.329707246840485,-0.23812190049592097,-0.06576738483688604,0
1175364,2019-03-30,2019,Mumbai Indians,Punjab Kings,Punjab Cricket Association IS Bindra Stadium,Punjab Kings,field,173,0.5722543352601156,157.59537572254337,149.97109826589596,5.514450867052023,7.768351714157393,164,0.4695121951219512,156.41463414634146,155.3231707317073,5.195121951219512,8.213122682572948,0.1027421401381644,1.1807415762019104,-5.3520724658113465,0.3193289158325108,-0.44477096841555497,0
1175365,2019-03-30,2019,Kolkata Knight Riders,Delhi Capitals,Arun Jaitley Stadium,Delhi Capitals,field,166,0.5301204819277109,151.35542168674698,148.3975903614458,5.186746987951807,7.815355329949239,161,0.422360248447205,151.6335403726708,152.35403726708074,5.012422360248447,8.035269709543568,0.1077602334805059,-0.27811868592382893,-3.956446905634948,0.17432462770335988,-0.21991437959432947,0
1175366,2019-03-31,2019,Sunrisers Hyderabad,Royal Challengers Bengaluru,Rajiv Gandhi International Stadium,Royal Challengers Bengaluru,field,95,0.5578947368421052,155.31578947368422,150.4,5.442105263157894,7.878687620623104,166,0.4759036144578313,155.46385542168676,153.76506024096386,5.295180722891566,8.065195639580809,0.08199112238427392,-0.14806594800253947,-3.3650602409638566,0.14692454026632795,-0.18650801895770464,1
1175367,2019-03-31,2019,Chennai Super Kings,Rajasthan Royals,MA Chidambaram Stadium,Rajasthan Royals,field,149,0.6174496644295302,160.59731543624162,149.66442953020135,5.6644295302013425,7.786765989640924,134,0.5223880597014925,152.44776119402985,148.94776119402985,5.2388059701492535,7.810722671536655,0.09506160472803771,8.149554242211764,0.7166683361714945,0.425623560052089,-0.02395668189573108,1
1175368,2019-04-01,2019,Punjab Kings,Delhi Capitals,Punjab Cricket Association IS Bindra Stadium,Delhi Capitals,field,165,0.4727272727272727,156.53939393939393,155.43030303030304,5.206060606060606,8.215921832452347,162,0.42592592592592593,151.90123456790124,152.57407407407408,5.0246913580246915,8.041535625203341,0.04680134680134679,4.638159371492691,2.8562289562289607,0.1813692480359146,0.17438620724900566,1
1175369,2019-04-02,2019,Royal Challengers Bengaluru,Rajasthan Royals,Sawai Mansingh Stadium,Rajasthan Royals,field,167,0.47305389221556887,155.20958083832335,154.22155688622755,5.269461077844311,8.086765398503323,135,0.5185185185185185,152.55555555555554,149.13333333333333,5.237037037037037,7.81762878591768,-0.04546462630294962,2.6540252827678046,5.08822355289422,0.03242404080727379,0.26913661258564225,0
1175370,2019-04-03,2019,Mumbai Indians,Chennai Super Kings,Wankhede Stadium,Chennai Super Kings,field,174,0.5689655172413793,157.70114942528735,150.1206896551724,5.494252873563219,7.777579276462706,150,0.62,160.69333333333333,149.76666666666668,5.68,7.789978616424897,-0.05103448275862066,-2.9921839080459733,0.3540229885057329,-0.18574712643678115,-0.012399339962191114,1
1175371,2019-04-04,2019,Delhi Capitals,Sunrisers Hyderabad,Arun Jaitley Stadium,Sunrisers Hyderabad,field,163,0.4233128834355828,151.90184049079755,152.65030674846625,5.03680981595092,8.042883309988149,96,0.5625,156.10416666666666,149.96875,5.458333333333333,7.852909090909091,-0.13918711656441718,-4.2023261758691035,2.6815567484662495,-0.421523517382413,0.18997421907905743,0
1175372,2019-04-05,2019,Royal Challengers Bengaluru,Kolkata Knight Riders,M.Chinnaswamy Stadium,Kolkata Knight Riders,field,168,0.47023809523809523,155.22619047619048,154.25,5.255952380952381,8.08633243187019,167,0.5269461077844312,151.5988023952096,148.67065868263472,5.191616766467066,7.824771509612354,-0.05670801254633595,3.627388080980893,5.579341317365277,0.06433561448531577,0.26156092225783567,0
1178393,2019-04-06,2019,Chennai Super Kings,Punjab Kings,MA Chidambaram Stadium,Chennai Super Kings,bat,151,0.6158940397350994,160.50993377483445,149.89403973509934,5.675496688741722,7.794524479136773,166,0.4759036144578313,156.59638554216866,155.3734939759036,5.228915662650603,8.211833377553727,0.13999042527726807,3.9135482326657893,-5.479454240804273,0.4465810260911196,-0.4173088984169544,1
1178394,2019-04-06,2019,Mumbai Indians,Sunrisers Hyderabad,Rajiv Gandhi International Stadium,Sunrisers Hyderabad,field,175,0.5714285714285714,157.77142857142857,149.98285714285714,5.508571428571429,7.768832322036407,97,0.5670103092783505,155.84536082474227,149.72164948453607,5.484536082474227,7.836151079136691,0.004418262150220897,1.9260677466863,0.2612076583210694,0.024035346097202037,-0.06731875710028401,1
1178395,2019-04-07,2019,Royal Challengers Bengaluru,Delhi Capitals,M.Chinnaswamy Stadium,Delhi Capitals,field,169,0.46745562130177515,155.5207100591716,154.54437869822485,5.254437869822485,8.101535439176963,164,0.42073170731707316,151.7621951219512,152.46951219512195,5.036585365853658,8.034595405130403,0.04672391398470199,3.758514937220383,2.0748665031028963,0.21785250396882727,0.06694003404656002,0
1178396,2019-04-07,2019,Rajasthan Royals,Kolkata Knight Riders,Sawai Mansingh Stadium,Kolkata Knight Riders,field,136,0.5220588235294118,152.63970588235293,149.1764705882353,5.227941176470588,7.817107629077832,168,0.5297619047619048,151.92261904761904,149.0,5.178571428571429,7.839649232696524,-0.00770308123249297,0.717086834733891,0.17647058823530415,0.049369747899159044,-0.022541603618692285,0
1178397,2019-04-08,2019,Sunrisers Hyderabad,Punjab Kings,Punjab Cricket Association IS Bindra Stadium,Punjab Kings,field,98,0.5612244897959183,155.23469387755102,149.58163265306123,5.489795918367347,7.8250889679715305,167,0.47305389221556887,156.48502994011977,155.4011976047904,5.2155688622754495,8.21049301344582,0.08817059758034945,-1.2503360625687492,-5.819564951729177,0.2742270560918971,-0.3854040454742895,0
1178398,2019-04-09,2019,Kolkata Knight Riders,Chennai Super Kings,MA Chidambaram Stadium,Chennai Super Kings,field,169,0.5325443786982249,151.85207100591717,148.9112426035503,5.165680473372781,7.83255524431995,152,0.618421052631579,160.5065789473684,149.81578947368422,5.671052631578948,7.788405631875961,-0.08587667393335408,-8.654507941451243,-0.9045468701339132,-0.5053721582061668,0.04414961244398885,0
1178399,2019-04-10,2019,Punjab Kings,Mumbai Indians,Wankhede Stadium,Mumbai Indians,field,168,0.47619047619047616,156.45238095238096,155.33928571428572,5.2023809523809526,8.204453759496987,176,0.5738636363636364,157.64772727272728,149.6590909090909,5.534090909090909,7.7558031113510335,-0.09767316017316019,-1.1953463203463173,5.680194805194816,-0.3317099567099566,0.44865064814595357,0
1178400,2019-04-11,2019,Rajasthan Royals,Chennai Super Kings,Sawai Mansingh Stadium,Chennai Super Kings,field,137,0.5182481751824818,152.54014598540147,149.05109489051094,5.204379562043796,7.826253593101246,153,0.6209150326797386,160.18300653594773,149.5359477124183,5.686274509803922,7.771839438374002,-0.10266685749725679,-7.64286055054626,-0.4848528219073671,-0.481894947760126,0.05441415472724387,0
1178401,2019-04-12,2019,Kolkata Knight Riders,Delhi Capitals,Eden Gardens,Delhi Capitals,field,170,0.5294117647058824,151.59411764705882,148.68823529411765,5.152941176470589,7.824889072335156,165,0.42424242424242425,151.76363636363635,152.44242424242424,5.054545454545455,8.030543287394243,0.1051693404634581,-0.16951871657752804,-3.7541889483065916,0.0983957219251339,-0.205654215059087,0
1178402,2019-04-13,2019,Mumbai Indians,Rajasthan Royals,Wankhede Stadium,Rajasthan Royals,field,177,0.576271186440678,157.87570621468927,149.92090395480227,5.52542372881356,7.767770893301459,138,0.5144927536231884,152.52898550724638,149.05797101449275,5.202898550724638,7.823771790808241,0.061778432817489626,5.346720707442898,0.8629329403095198,0.322525178088922,-0.05600089750678183,0
1178403,2019-04-13,2019,Punjab Kings,Royal Challengers Bengaluru,Punjab Cricket Association IS Bindra Stadium,Royal Challengers Bengaluru,field,169,0.47337278106508873,156.69230769230768,155.59171597633136,5.207100591715976,8.215048164540484,170,0.4647058823529412,155.48235294117646,154.5,5.258823529411765,8.099814967105264,0.008666898712147542,1.209954751131221,1.0917159763313578,-0.051722937695788396,0.11523319743522009,0
1178404,2019-04-14,2019,Kolkata Knight Riders,Chennai Super Kings,Eden Gardens,Chennai Super Kings,field,171,0.5263157894736842,151.7485380116959,148.8654970760234,5.140350877192983,7.834624262631444,154,0.6233766233766234,160.14935064935065,149.53896103896105,5.694805194805195,7.770005061013327,-0.09706083390293918,-8.400812637654752,-0.6734639629376602,-0.5544543176122119,0.0646192016181173,0
1178405,2019-04-14,2019,Delhi Capitals,Sunrisers Hyderabad,Rajiv Gandhi International Stadium,Sunrisers Hyderabad,field,166,0.42771084337349397,151.93373493975903,152.59036144578315,5.066265060240964,8.035742610902554,99,0.5555555555555556,155.1818181818182,149.58585858585857,5.474747474747475,7.822343516154591,-0.12784471218206162,-3.2480832420591526,3.004502859924571,-0.4084824145065111,0.21339909474796315,1
1178406,2019-04-15,2019,Royal Challengers Bengaluru,Mumbai Indians,Wankhede Stadium,Mumbai Indians,field,171,0.4678362573099415,155.5906432748538,154.59649122807016,5.251461988304094,8.10257458111974,178,0.5730337078651685,158.03932584269663,150.12359550561797,5.52808988764045,7.77782089841855,-0.105197450555227,-2.4486825678428374,4.4728957224521935,-0.276627899336356,0.3247536827011892,0
1178407,2019-04-16,2019,Punjab Kings,Rajasthan Royals,Punjab Cricket Association IS Bindra Stadium,Rajasthan Royals,field,170,0.47058823529411764,156.78823529411764,155.7,5.188235294117647,8.219760881941928,139,0.5179856115107914,152.7841726618705,149.32374100719426,5.201438848920863,7.834916640452973,-0.047397376216673726,4.004062632247127,6.376258992805731,-0.013203554803215667,0.38484424148895524,1
1178408,2019-04-17,2019,Chennai Super Kings,Sunrisers Hyderabad,Rajiv Gandhi International Stadium,Chennai Super Kings,bat,155,0.6258064516129033,160.16129032258064,149.60645161290321,5.703225806451613,7.771546668156175,100,0.55,154.79,149.59,5.49,7.818973778203676,0.07580645161290323,5.3712903225806485,0.016451612903210844,0.2132258064516126,-0.047427110047501664,0
1178409,2019-04-18,2019,Mumbai Indians,Delhi Capitals,Arun Jaitley Stadium,Mumbai Indians,bat,179,0.5754189944134078,158.11731843575419,150.20111731843576,5.5307262569832405,7.7802643001832745,167,0.4311377245508982,151.95209580838323,152.37125748502993,5.095808383233533,8.024597918637653,0.1442812698625096,6.165222627370952,-2.170140166594166,0.4349178737497077,-0.2443336184543785,1
1178410,2019-04-19,2019,Royal Challengers Bengaluru,Kolkata Knight Riders,Eden Gardens,Kolkata Knight Riders,field,172,0.46511627906976744,155.68023255813952,154.69767441860466,5.25,8.108075165058406,172,0.5232558139534884,151.80232558139534,148.9418604651163,5.1395348837209305,7.837046856676694,-0.05813953488372098,3.8779069767441854,5.755813953488371,0.11046511627906952,0.27102830838171155,1
1178411,2019-04-20,2019,Mumbai Indians,Rajasthan Royals,Sawai Mansingh Stadium,Rajasthan Royals,field,180,0.5777777777777777,158.17222222222222,150.05,5.544444444444444,7.770883283782488,140,0.5142857142857142,152.90714285714284,149.47857142857143,5.207142857142857,7.8397852147852145,0.06349206349206349,5.265079365079373,0.5714285714285836,0.337301587301587,-0.06890193100272679,0
1178412,2019-04-20,2019,Punjab Kings,Delhi Capitals,Arun Jaitley Stadium,Delhi Capitals,field,171,0.47368421052631576,156.93567251461988,155.77777777777777,5.1988304093567255,8.221182037961011,168,0.42857142857142855,151.8095238095238,152.45238095238096,5.089285714285714,8.026324036352241,0.045112781954887216,5.126148705096085,3.3253968253968083,0.10954469507101106,0.19485800160876998,0
1178413,2019-04-21,2019,Kolkata Knight Riders,Sunrisers Hyderabad,Rajiv Gandhi International Stadium,Sunrisers Hyderabad,field,173,0.5202312138728323,152.09826589595374,149.3063583815029,5.132947976878612,7.853848882582476,101,0.5544554455445545,154.6138613861386,149.37623762376236,5.485148514851486,7.804293473575308,-0.03422423167172217,-2.5155954901848645,-0.06987924225947495,-0.3522005379728732,0.049555409007167484,0
1178414,2019-04-21,2019,Royal Challengers Bengaluru,Chennai Super Kings,M.Chinnaswamy Stadium,Chennai Super Kings,field,173,0.4682080924855491,156.01156069364163,154.95375722543352,5.242774566473988,8.119232710752145,156,0.6217948717948718,159.98076923076923,149.52564102564102,5.6923076923076925,7.773605865363253,-0.15358677930932269,-3.9692085371275994,5.428116199792498,-0.4495331258337041,0.34562684538889243,1
1178415,2019-04-22,2019,Rajasthan Royals,Delhi Capitals,Sawai Mansingh Stadium,Delhi Capitals,field,141,0.5177304964539007,152.97163120567376,149.52482269503545,5.205673758865248,7.8394893406048585,169,0.4319526627218935,151.89349112426035,152.49704142011834,5.100591715976331,8.026160074743071,0.0857778337320072,1.0781400814134088,-2.9722187250828824,0.10508204288891676,-0.18667073413821278,0
1178416,2019-04-23,2019,Sunrisers Hyderabad,Chennai Super Kings,MA Chidambaram Stadium,Chennai Super Kings,field,102,0.5588235294117647,154.6764705882353,149.4607843137255,5.5,7.805273487498933,157,0.6178343949044586,159.98089171974522,149.5859872611465,5.7006369426751595,7.77477378062238,-0.059010865492693854,-5.304421131509912,-0.1252029474210019,-0.20063694267515952,0.030499706876553567,0
1178417,2019-04-24,2019,Royal Challengers Bengaluru,Punjab Kings,M.Chinnaswamy Stadium,Punjab Kings,field,174,0.47126436781609193,156.04022988505747,154.93103448275863,5.247126436781609,8.115805318615154,172,0.47093023255813954,156.97093023255815,155.82558139534885,5.186046511627907,8.221892734802392,0.00033413525795239485,-0.9307003475006752,-0.894546912590215,0.06107992515370153,-0.10608741618723805,1
1178418,2019-04-25,2019,Kolkata Knight Riders,Rajasthan Royals,Eden Gardens,Rajasthan Royals,field,174,0.5172413793103449,152.13793103448276,149.36206896551724,5.109195402298851,7.86631690460576,142,0.5140845070422535,153.2394366197183,149.83098591549296,5.197183098591549,7.854787103125769,0.0031568722680913597,-1.101505585235543,-0.4689169499757213,-0.0879876962926982,0.011529801479991164,0
1178419,2019-04-26,2019,Mumbai Indians,Chennai Super Kings,MA Chidambaram Stadium,Chennai Super Kings,field,181,0.574585635359116,158.1878453038674,150.08287292817678,5.535911602209945,7.772902856597835,158,0.620253164556962,160.08227848101265,149.7405063291139,5.6835443037974684,7.780859460644596,-0.045667529197846,-1.8944331771452596,0.3423665990628706,-0.14763270158752384,-0.007956604046761129,1
1178420,2019-04-27,2019,Sunrisers Hyderabad,Rajasthan Royals,Sawai Mansingh Stadium,Rajasthan Royals,field,103,0.5533980582524272,154.873786407767,149.6504854368932,5.475728155339806,7.812468322351749,143,0.5174825174825175,153.4055944055944,149.95804195804195,5.195804195804196,7.858783288541413,0.03591554076990966,1.4681920021726,-0.3075565211487401,0.2799239595356102,-0.04631496618966402,0
1178421,2019-04-28,2019,Delhi Capitals,Royal Challengers Bengaluru,Arun Jaitley Stadium,Delhi Capitals,bat,170,0.43529411764705883,152.13529411764705,152.71764705882353,5.1,8.035283194057568,175,0.4742857142857143,156.30285714285714,155.10285714285715,5.257142857142857,8.122593516209477,-0.03899159663865548,-4.167563025210086,-2.3852100840336163,-0.15714285714285747,-0.08731032215190915,1
1178422,2019-04-28,2019,Kolkata Knight Riders,Mumbai Indians,Eden Gardens,Mumbai Indians,field,175,0.5142857142857142,152.26857142857142,149.52,5.12,7.873815136165304,182,0.5769230769230769,158.17032967032966,149.85164835164835,5.56043956043956,7.764555160142349,-0.06263736263736264,-5.901758241758245,-0.33164835164834017,-0.4404395604395601,0.10925997602295556,1
1178423,2019-04-29,2019,Sunrisers Hyderabad,Punjab Kings,Rajiv Gandhi International Stadium,Punjab Kings,field,104,0.5480769230769231,154.92307692307693,149.7403846153846,5.451923076923077,7.817117041746841,173,0.4682080924855491,157.13294797687863,156.05780346820808,5.179190751445087,8.231515829056354,0.07986883059137401,-2.2098710538016917,-6.317418852823465,0.27273232547798987,-0.41439878730951296,1
1178425,2019-05-01,2019,Chennai Super Kings,Delhi Capitals,MA Chidambaram Stadium,Delhi Capitals,field,159,0.6163522012578616,159.76100628930817,149.76729559748426,5.672955974842767,7.780331082552821,171,0.43859649122807015,152.33918128654972,152.80701754385964,5.111111111111111,8.037526914795448,0.17775571002979146,7.421825002758453,-3.03972194637538,0.5618448637316567,-0.2571958322426271,1
1178426,2019-05-02,2019,Mumbai Indians,Sunrisers Hyderabad,Wankhede Stadium,Mumbai Indians,bat,183,0.5737704918032787,158.3879781420765,150.29508196721312,5.540983606557377,7.785987261146497,105,0.5523809523809524,155.46666666666667,149.9047619047619,5.476190476190476,7.8224136502940445,0.021389539422326243,2.921311475409823,0.39032006245122375,0.06479313036690115,-0.03642638914754759,1
1178427,2019-05-03,2019,Punjab Kings,Kolkata Knight Riders,Punjab Cricket Association IS Bindra Stadium,Kolkata Knight Riders,field,174,0.46551724137931033,157.18965517241378,156.3448275862069,5.183908045977011,8.244052729935856,176,0.5170454545454546,152.7215909090909,149.76136363636363,5.130681818181818,7.884141781743856,-0.051528213166144254,4.468064263322873,6.583463949843264,0.053226227795192926,0.35991094819199976,0
1178428,2019-05-04,2019,Rajasthan Royals,Delhi Capitals,Arun Jaitley Stadium,Rajasthan Royals,bat,144,0.5208333333333334,153.45833333333334,149.98611111111111,5.215277777777778,7.857627940819792,172,0.436046511627907,152.02906976744185,152.95348837209303,5.104651162790698,8.042800366860288,0.0847868217054264,1.429263565891489,-2.9673772609819196,0.11062661498707982,-0.18517242604049589,0
1178429,2019-05-04,2019,Sunrisers Hyderabad,Royal Challengers Bengaluru,M.Chinnaswamy Stadium,Royal Challengers Bengaluru,field,106,0.5471698113207547,155.60377358490567,150.04716981132074,5.471698113207547,7.824696621843227,176,0.4715909090909091,156.38636363636363,155.2556818181818,5.255681818181818,8.128408527516113,0.07557890222984559,-0.7825900514579587,-5.208512006861071,0.21601629502572894,-0.30371190567288586,0
1178430,2019-05-05,2019,Chennai Super Kings,Punjab Kings,Punjab Cricket Association IS Bindra Stadium,Punjab Kings,field,160,0.61875,159.88125,149.45,5.69375,7.7712057198570035,175,0.46285714285714286,157.33714285714285,156.49714285714285,5.171428571428572,8.254483347566183,0.15589285714285717,2.5441071428571433,-7.047142857142859,0.5223214285714279,-0.48327762770917904,0
1178431,2019-05-05,2019,Kolkata Knight Riders,Mumbai Indians,Wankhede Stadium,Mumbai Indians,field,177,0.519774011299435,152.90395480225988,149.93785310734464,5.129943502824859,7.891074879825561,184,0.5760869565217391,158.45652173913044,150.39673913043478,5.548913043478261,7.788263989868193,-0.05631294522230412,-5.552566936870562,-0.4588860230901446,-0.41896954065340175,0.10281088995736809,0
1181764,2019-05-07,2019,Chennai Super Kings,Mumbai Indians,MA Chidambaram Stadium,Chennai Super Kings,bat,161,0.6149068322981367,159.944099378882,149.54037267080744,5.683229813664596,7.778998384491115,185,0.5783783783783784,158.32432432432432,150.29189189189188,5.556756756756757,7.781333084565512,0.03652845391975834,1.619775054557664,-0.7515192210844361,0.12647305690783917,-0.002334700074396956,0
1181766,2019-05-08,2019,Sunrisers Hyderabad,Delhi Capitals,Dr. Y.S. Rajasekhara Reddy ACA-VDCA Cricket Stadium,Delhi Capitals,field,107,0.5420560747663551,155.78504672897196,150.28971962616822,5.4766355140186915,7.836744639376218,173,0.4393063583815029,151.84971098265896,152.73410404624278,5.121387283236994,8.028866605894864,0.1027497163848522,3.935335746313001,-2.444384420074556,0.3552482307816973,-0.19212196651864577,0
1181767,2019-05-10,2019,Delhi Capitals,Chennai Super Kings,Dr. Y.S. Rajasekhara Reddy ACA-VDCA Cricket Stadium,Chennai Super Kings,field,174,0.4425287356321839,151.92528735632183,152.77586206896552,5.132183908045977,8.028692237994564,162,0.6111111111111112,159.76543209876544,149.42592592592592,5.672839506172839,7.7748514533483215,-0.16858237547892724,-7.840144742443613,3.3499361430395993,-0.5406555981268628,0.2538407846462425,0
1181768,2019-05-12,2019,Mumbai Indians,Chennai Super Kings,Rajiv Gandhi International Stadium,Mumbai Indians,bat,186,0.5806451612903226,158.18279569892474,150.18279569892474,5.548387096774194,7.774201029732363,163,0.6134969325153374,159.7116564417178,149.38036809815952,5.693251533742331,7.770544119993617,-0.032851771225014814,-1.5288607427930572,0.8024276007652134,-0.14486443696813733,0.003656909738745995,1
1216492,2020-09-19,2020/21,Mumbai Indians,Chennai Super Kings,Sheikh Zayed Stadium,Chennai Super Kings,field,187,0.5828877005347594,158.13368983957218,150.14438502673798,5.545454545454546,7.77074588311269,164,0.6097560975609756,159.640243902439,149.3780487804878,5.701219512195122,7.768511178056128,-0.02686839702621624,-1.506554062866826,0.7663362462501766,-0.15576496674057605,0.002234705056562092,0
1216493,2020-09-20,2020/21,Delhi Capitals,Punjab Kings,Dubai International Cricket Stadium,Punjab Kings,field,175,0.44,151.89714285714285,152.73714285714286,5.1257142857142854,8.026726726726727,176,0.4659090909090909,157.42613636363637,156.5681818181818,5.170454545454546,8.255654865930993,-0.02590909090909088,-5.528993506493521,-3.8310389610389564,-0.04474025974026041,-0.2289281392042657,1
1216534,2020-09-21,2020/21,Royal Challengers Bengaluru,Sunrisers Hyderabad,Dubai International Cricket Stadium,Sunrisers Hyderabad,field,177,0.4745762711864407,156.5084745762712,155.36158192090394,5.265536723163842,8.13178905864958,108,0.5370370370370371,155.84259259259258,150.41666666666666,5.4907407407407405,7.8408816668007395,-0.0624607658505964,0.6658819836786165,4.944915254237287,-0.22520401757689879,0.2909073918488412,1
1216496,2020-09-22,2020/21,Rajasthan Royals,Chennai Super Kings,Sharjah Cricket Stadium,Chennai Super Kings,field,145,0.5172413793103449,153.19310344827585,149.75862068965517,5.213793103448276,7.853999638314545,165,0.6121212121212121,159.6787878787879,149.44848484848484,5.721212121212122,7.7702851740979995,-0.0948798328108672,-6.485684430512038,0.3101358411703359,-0.507419017763846,0.08371446421654571,1
1216508,2020-09-23,2020/21,Mumbai Indians,Kolkata Knight Riders,Sheikh Zayed Stadium,Kolkata Knight Riders,field,188,0.5797872340425532,158.15425531914894,150.2287234042553,5.542553191489362,7.775086028905712,178,0.5168539325842697,152.7921348314607,149.84831460674158,5.106741573033708,7.892976918524363,0.06293330145828346,5.362120487688259,0.3804087975137236,0.43581161845565397,-0.1178908896186508,1
1216510,2020-09-24,2020/21,Punjab Kings,Royal Challengers Bengaluru,Dubai International Cricket Stadium,Royal Challengers Bengaluru,field,177,0.4632768361581921,157.43502824858757,156.5819209039548,5.175141242937853,8.253015037967145,178,0.47752808988764045,156.54494382022472,155.30898876404495,5.280898876404494,8.127695021560172,-0.014251253729448354,0.8900844283628544,1.272932139909841,-0.10575763346664147,0.12532001640697388,1
1216539,2020-09-25,2020/21,Delhi Capitals,Chennai Super Kings,Dubai International Cricket Stadium,Chennai Super Kings,field,176,0.4431818181818182,151.9431818181818,152.73863636363637,5.153409090909091,8.02328010744665,166,0.608433734939759,159.92168674698794,149.84337349397592,5.72289156626506,7.7889462971661185,-0.16525191675794088,-7.978504928806132,2.8952628696604563,-0.5694824753559695,0.2343338102805319,1
1216545,2020-09-26,2020/21,Sunrisers Hyderabad,Kolkata Knight Riders,Sheikh Zayed Stadium,Sunrisers Hyderabad,bat,109,0.5321100917431193,155.8165137614679,150.52293577981652,5.467889908256881,7.843359094892836,179,0.5139664804469274,152.75418994413408,150.08938547486034,5.100558659217877,7.903314375367719,0.01814361129619191,3.062323817333805,0.4335503049561851,0.3673312490390037,-0.059955280474882855,0
1216527,2020-09-27,2020/21,Punjab Kings,Rajasthan Royals,Sharjah Cricket Stadium,Rajasthan Royals,field,178,0.46629213483146065,157.7078651685393,156.30337078651687,5.202247191011236,8.243148486494494,146,0.5205479452054794,153.62328767123287,150.0958904109589,5.219178082191781,7.869052606379795,-0.054255810374018776,4.084577497306441,6.207480375557964,-0.016930891180544805,0.37409588011469896,0
1216547,2020-09-28,2020/21,Royal Challengers Bengaluru,Mumbai Indians,Dubai International Cricket Stadium,Mumbai Indians,field,179,0.4748603351955307,156.27932960893855,155.55307262569832,5.268156424581005,8.1379511909981,189,0.582010582010582,158.34920634920636,150.1957671957672,5.560846560846561,7.771937029431896,-0.10715024681505125,-2.0698767402678016,5.357305429931131,-0.2926901362655556,0.3660141615662038,1
1216532,2020-09-29,2020/21,Sunrisers Hyderabad,Delhi Capitals,Sheikh Zayed Stadium,Delhi Capitals,field,110,0.5272727272727272,155.6909090909091,150.45454545454547,5.445454545454545,7.844221502488348,177,0.4463276836158192,152.07344632768363,152.61016949152543,5.15819209039548,8.014241210502894,0.08094504365690802,3.6174627632254612,-2.155624036979958,0.2872624550590652,-0.17001970801454558,1
1216504,2020-09-30,2020/21,Kolkata Knight Riders,Rajasthan Royals,Dubai International Cricket Stadium,Rajasthan Royals,field,180,0.5166666666666667,152.7111111111111,150.0222222222222,5.088888888888889,7.897445895886137,147,0.5238095238095238,154.1156462585034,150.57823129251702,5.197278911564626,7.89126559714795,-0.0071428571428571175,-1.404535147392295,-0.556009070294806,-0.10839002267573772,0.006180298738186707,1
1216503,2020-10-01,2020/21,Mumbai Indians,Punjab Kings,Sheikh Zayed Stadium,Punjab Kings,field,190,0.5789473684210527,158.61052631578949,150.4842105263158,5.5473684210526315,7.783312916836804,179,0.46368715083798884,158.07262569832403,156.68156424581005,5.206703910614525,8.261783189316576,0.11526021758306382,0.5379006174654535,-6.197353719494259,0.3406645104381063,-0.4784702724797718,1
1216516,2020-10-02,2020/21,Sunrisers Hyderabad,Chennai Super Kings,Dubai International Cricket Stadium,Sunrisers Hyderabad,bat,111,0.5315315315315315,155.74774774774775,150.36936936936937,5.45945945945946,7.83676344001878,167,0.6047904191616766,159.74850299401197,149.96407185628743,5.706586826347305,7.7933717130854205,-0.0732588876301451,-4.0007552462642195,0.4052975130819334,-0.2471273668878453,0.043391726933359465,1
1216514,2020-10-03,2020/21,Rajasthan Royals,Royal Challengers Bengaluru,Sheikh Zayed Stadium,Rajasthan Royals,bat,148,0.5202702702702703,154.0,150.71621621621622,5.202702702702703,7.895929203539823,180,0.4777777777777778,156.5888888888889,155.8388888888889,5.272222222222222,8.148438634713145,0.042492492492492484,-2.588888888888903,-5.122672672672678,-0.06951951951951951,-0.2525094311733218,0
1216515,2020-10-03,2020/21,Delhi Capitals,Kolkata Knight Riders,Sharjah Cricket Stadium,Kolkata Knight Riders,field,178,0.4438202247191011,152.04494382022472,152.64044943820224,5.151685393258427,8.01356732045421,181,0.5193370165745856,152.82872928176795,149.91712707182322,5.110497237569061,7.8896103896103895,-0.07551679185548454,-0.783785461543232,2.7233223663790227,0.04118815568936629,0.12395693084382131,1
1216513,2020-10-04,2020/21,Punjab Kings,Chennai Super Kings,Dubai International Cricket Stadium,Punjab Kings,bat,180,0.46111111111111114,157.98888888888888,156.86666666666667,5.194444444444445,8.269035532994923,168,0.6011904761904762,159.73214285714286,150.04761904761904,5.696428571428571,7.795886809958249,-0.14007936507936503,-1.7432539682539812,6.8190476190476375,-0.5019841269841265,0.4731487230366742,0
1216538,2020-10-04,2020/21,Mumbai Indians,Sunrisers Hyderabad,Sharjah Cricket Stadium,Mumbai Indians,bat,191,0.581151832460733,158.7801047120419,150.434554973822,5.560209424083769,7.779342087450927,112,0.5357142857142857,155.82142857142858,150.40178571428572,5.446428571428571,7.835491123342894,0.04543754674644729,2.9586761406133064,0.032769259536280515,0.11378085265519822,-0.05614903589196718,1
1216519,2020-10-05,2020/21,Delhi Capitals,Royal Challengers Bengaluru,Dubai International Cricket Stadium,Royal Challengers Bengaluru,field,179,0.44692737430167595,152.46927374301677,152.92737430167597,5.167597765363128,8.02638909250843,181,0.48066298342541436,156.59668508287294,155.8232044198895,5.276243093922652,8.145559566787004,-0.03373560912373841,-4.127411339856167,-2.8958301182135244,-0.10864532855952369,-0.11917047427857419,1
1216511,2020-10-06,2020/21,Mumbai Indians,Rajasthan Royals,Sheikh Zayed Stadium,Mumbai Indians,bat,192,0.5833333333333334,159.03645833333334,150.53125,5.567708333333333,7.782954086441363,149,0.5167785234899329,154.0,150.75838926174498,5.181208053691275,7.897919718722532,0.06655480984340045,5.036458333333343,-0.22713926174498056,0.3865002796420578,-0.1149656322811694,1
1216501,2020-10-07,2020/21,Kolkata Knight Riders,Chennai Super Kings,Sheikh Zayed Stadium,Kolkata Knight Riders,bat,182,0.5164835164835165,153.14285714285714,150.34615384615384,5.104395604395604,7.909905569473887,169,0.6035502958579881,159.85798816568047,150.20710059171597,5.686390532544379,7.802366682034732,-0.0870667793744716,-6.7151310228233285,0.13905325443786865,-0.5819949281487746,0.10753888743915496,1
1216542,2020-10-08,2020/21,Sunrisers Hyderabad,Punjab Kings,Dubai International Cricket Stadium,Sunrisers Hyderabad,bat,113,0.5309734513274337,155.98230088495575,150.90265486725664,5.442477876106195,7.858668100468545,181,0.4585635359116022,158.09944751381215,157.0,5.165745856353591,8.279207536175585,0.07240991541583147,-2.1171466288564034,-6.0973451327433565,0.276732019752604,-0.42053943570704,1
1216500,2020-10-09,2020/21,Delhi Capitals,Rajasthan Royals,Sharjah Cricket Stadium,Rajasthan Royals,field,180,0.45,152.7111111111111,152.81666666666666,5.188888888888889,8.018364669873197,150,0.5133333333333333,153.88,150.98666666666668,5.173333333333333,7.906900965902478,-0.0633333333333333,-1.1688888888888869,1.829999999999984,0.01555555555555621,0.1114637039707187,1
1216523,2020-10-10,2020/21,Kolkata Knight Riders,Punjab Kings,Sheikh Zayed Stadium,Kolkata Knight Riders,bat,183,0.5191256830601093,153.21857923497268,150.37158469945356,5.103825136612022,7.908986395861276,182,0.45604395604395603,157.95604395604394,157.23626373626374,5.170329670329671,8.289176402433137,0.06308172701615328,-4.737464721071262,-6.864679036810173,-0.06650453371764886,-0.3801900065718611,1
1216525,2020-10-10,2020/21,Royal Challengers Bengaluru,Chennai Super Kings,Dubai International Cricket Stadium,Royal Challengers Bengaluru,bat,182,0.47802197802197804,156.48901098901098,156.02197802197801,5.269230769230769,8.153912419239052,170,0.6,159.84117647058824,150.28235294117647,5.705882352941177,7.804490606384603,-0.12197802197802193,-3.3521654815772592,5.739625080801545,-0.43665158371040746,0.34942181285444907,1
1216507,2020-10-11,2020/21,Sunrisers Hyderabad,Rajasthan Royals,Dubai International Cricket Stadium,Sunrisers Hyderabad,bat,114,0.5350877192982456,156.37719298245614,150.71929824561403,5.464912280701754,7.857621951219513,151,0.5099337748344371,153.7748344370861,151.1523178807947,5.178807947019868,7.912636505460219,0.025153944463808475,2.6023585453700377,-0.43301963518067055,0.2861043336818865,-0.05501455424070567,0
1216529,2020-10-11,2020/21,Delhi Capitals,Mumbai Indians,Sheikh Zayed Stadium,Delhi Capitals,bat,181,0.4530386740331492,152.88397790055248,152.71823204419888,5.2154696132596685,8.011399864747368,193,0.5854922279792746,159.21243523316062,150.45077720207254,5.590673575129534,7.78124162572577,-0.1324535539461254,-6.328457332608139,2.267454842126341,-0.3752039618698655,0.2301582390215975,0
1216540,2020-10-12,2020/21,Royal Challengers Bengaluru,Kolkata Knight Riders,Sharjah Cricket Stadium,Royal Challengers Bengaluru,bat,183,0.4808743169398907,156.55737704918033,155.89071038251367,5.278688524590164,8.14503925767309,184,0.5217391304347826,153.27717391304347,150.42391304347825,5.103260869565218,7.9095065726805105,-0.040864813494891905,3.280203136136862,5.466797339035423,0.17542765502494628,0.23553268499258007,1
1216528,2020-10-13,2020/21,Chennai Super Kings,Sunrisers Hyderabad,Dubai International Cricket Stadium,Chennai Super Kings,bat,171,0.5964912280701754,159.6783625730994,150.3859649122807,5.695906432748538,7.808106877182329,115,0.5304347826086957,156.3913043478261,150.7913043478261,5.452173913043478,7.859052798549739,0.06605644546147971,3.287058225273313,-0.4053394355453861,0.24373251970505994,-0.050945921367410385,1
1216543,2020-10-14,2020/21,Delhi Capitals,Rajasthan Royals,Dubai International Cricket Stadium,Delhi Capitals,bat,182,0.45054945054945056,152.93406593406593,152.7912087912088,5.214285714285714,8.013832853025937,152,0.5131578947368421,153.83552631578948,151.19736842105263,5.1644736842105265,7.912549492167327,-0.06260844418739159,-0.9014603817235525,1.5938403701561583,0.04981203007518786,0.10128336085861012,1
1216531,2020-10-15,2020/21,Royal Challengers Bengaluru,Punjab Kings,Sharjah Cricket Stadium,Royal Challengers Bengaluru,bat,184,0.483695652173913,156.7608695652174,155.6358695652174,5.293478260869565,8.12973740241306,183,0.453551912568306,157.97814207650273,157.2568306010929,5.158469945355192,8.287798790438705,0.03014373960560701,-1.21727251128533,-1.6209610358754958,0.13500831551437376,-0.1580613880256454,0
1216526,2020-10-16,2020/21,Kolkata Knight Riders,Mumbai Indians,Sheikh Zayed Stadium,Kolkata Knight Riders,bat,185,0.518918918918919,153.05405405405406,150.64864864864865,5.0864864864864865,7.919113468459935,194,0.5876288659793815,159.24742268041237,150.51030927835052,5.577319587628866,7.782940915148823,-0.06870994706046252,-6.193368626358307,0.1383393702981266,-0.4908331011423792,0.13617255331111178,0
1216509,2020-10-17,2020/21,Chennai Super Kings,Delhi Capitals,Sharjah Cricket Stadium,Chennai Super Kings,bat,172,0.5988372093023255,159.72093023255815,150.36627906976744,5.703488372093023,7.805341783612494,183,0.453551912568306,152.97814207650273,152.75956284153006,5.224043715846994,8.010028653295128,0.14528529673401952,6.742788156055411,-2.3932837717626114,0.47944465624602906,-0.20468686968263405,0
1216522,2020-10-17,2020/21,Rajasthan Royals,Royal Challengers Bengaluru,Dubai International Cricket Stadium,Rajasthan Royals,bat,153,0.5098039215686274,153.79738562091504,151.2483660130719,5.176470588235294,7.912805607796204,185,0.4810810810810811,156.83783783783784,155.73513513513512,5.27027027027027,8.132956951305575,0.02872284048754631,-3.0404522169228017,-4.486769122063237,-0.0937996820349758,-0.2201513435093707,0
1216512,2020-10-18,2020/21,Kolkata Knight Riders,Sunrisers Hyderabad,Sheikh Zayed Stadium,Sunrisers Hyderabad,field,186,0.5161290322580645,153.0268817204301,150.61290322580646,5.06989247311828,7.922137908281096,116,0.5258620689655172,156.31034482758622,150.9051724137931,5.456896551724138,7.862115427801482,-0.009733036707452736,-3.283463107156109,-0.2922691879866477,-0.38700407860585795,0.06002248047961345,1
1216517,2020-10-18,2020/21,Mumbai Indians,Punjab Kings,Dubai International Cricket Stadium,Mumbai Indians,bat,195,0.5897435897435898,159.1948717948718,150.48717948717947,5.574358974358974,7.780380026513478,184,0.45652173913043476,158.08152173913044,157.29891304347825,5.163043478260869,8.287582323184116,0.133221850613155,1.113350055741364,-6.811733556298776,0.4113154960981049,-0.5072022966706387,0
1216533,2020-10-19,2020/21,Chennai Super Kings,Rajasthan Royals,Sheikh Zayed Stadium,Chennai Super Kings,bat,173,0.5953757225433526,159.83236994219652,150.56069364161849,5.699421965317919,7.8141,154,0.5064935064935064,153.94805194805195,151.42207792207793,5.162337662337662,7.920407585621286,0.08888221604984614,5.884317994144567,-0.8613842804594469,0.537084302980257,-0.10630758562128584,0
1216546,2020-10-20,2020/21,Delhi Capitals,Punjab Kings,Dubai International Cricket Stadium,Delhi Capitals,bat,184,0.45652173913043476,153.15217391304347,152.90217391304347,5.217391304347826,8.015384615384615,185,0.4594594594594595,158.2864864864865,157.45405405405404,5.167567567567567,8.288627525372284,-0.002937720329024729,-5.134312573443026,-4.551880141010571,0.049823736780258976,-0.273242909987669,0
1216494,2020-10-21,2020/21,Kolkata Knight Riders,Royal Challengers Bengaluru,Sheikh Zayed Stadium,Kolkata Knight Riders,bat,187,0.5187165775401069,153.09625668449198,150.6524064171123,5.0855614973262036,7.920899718837863,186,0.4838709677419355,156.95698924731184,155.84408602150538,5.274193548387097,8.136701754385966,0.03484560979817142,-3.8607325628198623,-5.191679604393073,-0.18863205106089342,-0.2158020355481023,0
1216518,2020-10-22,2020/21,Rajasthan Royals,Sunrisers Hyderabad,Dubai International Cricket Stadium,Sunrisers Hyderabad,field,155,0.5096774193548387,153.76774193548388,151.23225806451612,5.15483870967742,7.908124824290133,117,0.5213675213675214,156.3846153846154,151.0,5.452991452991453,7.861900170585182,-0.011690102012682724,-2.6168734491315035,0.23225806451611675,-0.2981527433140334,0.0462246537049511,0
1216521,2020-10-23,2020/21,Chennai Super Kings,Mumbai Indians,Sharjah Cricket Stadium,Mumbai Indians,field,174,0.5919540229885057,159.632183908046,150.38505747126436,5.683908045977011,7.809102213379756,196,0.5867346938775511,159.3622448979592,150.71938775510205,5.581632653061225,7.787609841827767,0.005219329110954685,0.26993901008680155,-0.33433028383768715,0.10227539291578669,0.021492371551988576,0
1216497,2020-10-24,2020/21,Kolkata Knight Riders,Delhi Capitals,Sheikh Zayed Stadium,Delhi Capitals,field,188,0.5159574468085106,152.7287234042553,150.29255319148936,5.0638297872340425,7.91419634937678,185,0.4540540540540541,153.2108108108108,152.97297297297297,5.210810810810811,8.019268914706716,0.061903392754456554,-0.4820874065555074,-2.6804197814836073,-0.14698102357676834,-0.10507256532993559,1
1216498,2020-10-24,2020/21,Punjab Kings,Sunrisers Hyderabad,Dubai International Cricket Stadium,Sunrisers Hyderabad,field,186,0.46236559139784944,158.33333333333334,157.48387096774192,5.166666666666667,8.287843063283976,118,0.5254237288135594,156.38135593220338,151.02542372881356,5.4491525423728815,7.860471954715872,-0.06305813741570993,1.951977401129966,6.458447238928358,-0.28248587570621453,0.4273711085681038,1
1216541,2020-10-25,2020/21,Mumbai Indians,Rajasthan Royals,Sheikh Zayed Stadium,Mumbai Indians,bat,197,0.5888324873096447,159.14213197969542,150.51269035532994,5.598984771573604,7.775611888111888,156,0.5064102564102564,153.76923076923077,151.25641025641025,5.134615384615385,7.911925785179389,0.08242223089938827,5.372901210464647,-0.7437199010803113,0.46436938695821883,-0.13631389706750152,0
1216544,2020-10-25,2020/21,Royal Challengers Bengaluru,Chennai Super Kings,Dubai International Cricket Stadium,Royal Challengers Bengaluru,bat,187,0.48663101604278075,156.57219251336898,155.44919786096256,5.283422459893048,8.114166085136079,175,0.5885714285714285,159.37142857142857,150.17714285714285,5.651428571428571,7.814361464889242,-0.10194041252864777,-2.7992360580595914,5.272055003819702,-0.3680061115355233,0.29980462024683696,0
1216520,2020-10-26,2020/21,Kolkata Knight Riders,Punjab Kings,Sharjah Cricket Stadium,Punjab Kings,field,189,0.5185185185185185,152.94708994708995,150.2010582010582,5.084656084656085,7.90678674217807,187,0.46524064171123,158.16042780748663,157.25133689839572,5.18716577540107,8.2736694021102,0.053277876807288516,-5.213337860396678,-7.050278697337518,-0.10250969074498517,-0.3668826599321289,0
1216524,2020-10-27,2020/21,Sunrisers Hyderabad,Delhi Capitals,Dubai International Cricket Stadium,Delhi Capitals,field,119,0.5210084033613446,156.0252100840336,150.7983193277311,5.453781512605042,7.845952051300737,186,0.45161290322580644,153.11290322580646,153.18817204301075,5.21505376344086,8.028458720766412,0.06939550013553814,2.91230685822714,-2.389852715279659,0.23872774916418216,-0.18250666946567584,1
1216499,2020-10-28,2020/21,Royal Challengers Bengaluru,Mumbai Indians,Sheikh Zayed Stadium,Mumbai Indians,field,188,0.48404255319148937,156.51063829787233,155.41489361702128,5.26595744680851,8.113481742028046,198,0.5858585858585859,159.32323232323233,150.72222222222223,5.58080808080808,7.788516746411483,-0.10181603266709649,-2.8125940253599993,4.692671394799049,-0.31485063399957003,0.324964995616563,0
1216536,2020-10-29,2020/21,Kolkata Knight Riders,Chennai Super Kings,Dubai International Cricket Stadium,Chennai Super Kings,field,190,0.5157894736842106,152.92631578947368,150.18947368421053,5.068421052631579,7.906534287693374,176,0.5909090909090909,159.3181818181818,150.13636363636363,5.653409090909091,7.810434011527661,-0.07511961722488036,-6.391866028708137,0.05311004784689999,-0.5849880382775119,0.09610027616571237,0
1216537,2020-10-30,2020/21,Punjab Kings,Rajasthan Royals,Sheikh Zayed Stadium,Rajasthan Royals,field,188,0.46808510638297873,158.11702127659575,157.19148936170214,5.207446808510638,8.26822103054325,157,0.5095541401273885,154.03821656050957,151.5095541401274,5.13375796178344,7.9228377928278,-0.0414690337444098,4.078804716086182,5.681935221574747,0.07368884672719833,0.34538323771545,0
1216502,2020-10-31,2020/21,Royal Challengers Bengaluru,Sunrisers Hyderabad,Sharjah Cricket Stadium,Sunrisers Hyderabad,field,189,0.48148148148148145,156.55026455026456,155.46031746031747,5.264550264550264,8.115827271890248,120,0.525,156.55,150.6,5.491666666666666,7.836380718363808,-0.04351851851851857,0.00026455026454641484,4.860317460317475,-0.22711640211640205,0.27944655352644077,0
1216535,2020-10-31,2020/21,Delhi Capitals,Mumbai Indians,Dubai International Cricket Stadium,Mumbai Indians,field,187,0.44919786096256686,152.99465240641712,153.50267379679144,5.197860962566845,8.042869151022696,199,0.5879396984924623,159.356783919598,150.7889447236181,5.582914572864322,7.790653396797923,-0.13874183752989544,-6.362131513180884,2.71372907317334,-0.38505361029747665,0.25221575422477294,0
1216506,2020-11-01,2020/21,Punjab Kings,Chennai Super Kings,Sheikh Zayed Stadium,Chennai Super Kings,field,189,0.4656084656084656,158.25925925925927,157.33333333333334,5.190476190476191,8.279164733178655,177,0.5932203389830508,159.42372881355934,150.25423728813558,5.649717514124294,7.814780351633283,-0.12761187337458524,-1.1644695543000694,7.079096045197758,-0.45924132364810344,0.4643843815453721,0
1216530,2020-11-01,2020/21,Kolkata Knight Riders,Rajasthan Royals,Dubai International Cricket Stadium,Rajasthan Royals,field,191,0.5130890052356021,153.0261780104712,150.33507853403142,5.06282722513089,7.912009184845006,158,0.5126582278481012,154.2405063291139,151.71518987341773,5.1265822784810124,7.931289290834895,0.00043077738750085803,-1.214328318642714,-1.3801113393863034,-0.0637550533501221,-0.01928010598988905,1
1216505,2020-11-02,2020/21,Royal Challengers Bengaluru,Delhi Capitals,Sheikh Zayed Stadium,Delhi Capitals,field,190,0.4789473684210526,156.3578947368421,155.27894736842106,5.2631578947368425,8.117485211170726,188,0.44680851063829785,152.7659574468085,153.27659574468086,5.175531914893617,8.04167441860465,0.03213885778275477,3.5919372900335986,2.0023516237401964,0.08762597984322529,0.07581079256607559,0
1216495,2020-11-03,2020/21,Mumbai Indians,Sunrisers Hyderabad,Sharjah Cricket Stadium,Sunrisers Hyderabad,field,200,0.59,159.115,150.57,5.595,7.778045630650022,121,0.5289256198347108,156.25619834710744,150.32231404958677,5.5041322314049586,7.81930214229419,0.06107438016528921,2.8588016528925664,0.24768595041322783,0.0908677685950412,-0.04125651164416855,0
1237177,2020-11-05,2020/21,Mumbai Indians,Delhi Capitals,Dubai International Cricket Stadium,Delhi Capitals,field,201,0.5870646766169154,159.06467661691542,150.5721393034826,5.567164179104478,7.782539750567865,189,0.4497354497354497,152.7724867724868,153.26455026455025,5.1798941798941796,8.038945420906568,0.1373292268814657,6.292189844428634,-2.692410961067651,0.38726999921029837,-0.25640567033870365,1
1237178,2020-11-06,2020/21,Royal Challengers Bengaluru,Sunrisers Hyderabad,Sheikh Zayed Stadium,Sunrisers Hyderabad,field,191,0.47643979057591623,156.33507853403142,155.2565445026178,5.2565445026178015,8.116600520049268,122,0.5327868852459017,156.21311475409837,150.30327868852459,5.524590163934426,7.815727782908291,-0.05634709466998544,0.12196377993305418,4.953265814093214,-0.26804566131662444,0.30087273714097673,0
1237180,2020-11-08,2020/21,Delhi Capitals,Sunrisers Hyderabad,Sheikh Zayed Stadium,Delhi Capitals,bat,190,0.4473684210526316,152.72105263157894,153.49473684210525,5.178947368421053,8.048942042318307,123,0.5365853658536586,156.01626016260164,150.14634146341464,5.528455284552845,7.805029231527788,-0.08921694480102699,-3.2952075310226974,3.3483953786906113,-0.34950791613179266,0.24391281079051907,1
1237181,2020-11-10,2020/21,Delhi Capitals,Mumbai Indians,Dubai International Cricket Stadium,Delhi Capitals,bat,191,0.450261780104712,152.9109947643979,153.58638743455498,5.193717277486911,8.051692589204025,202,0.5891089108910891,159.26732673267327,150.53465346534654,5.579207920792079,7.779303287425916,-0.13884713078637706,-6.356331968275356,3.051733969208442,-0.38549064330516813,0.2723893017781096,0
1254058,2021-04-09,2021,Mumbai Indians,Royal Challengers Bengaluru,"MA Chidambaram Stadium, Chepauk, Chennai",Royal Challengers Bengaluru,field,203,0.5911330049261084,159.25615763546799,150.55665024630542,5.58128078817734,7.77915411699826,192,0.4739583333333333,156.203125,155.109375,5.25,8.10771813603158,0.11717467159277511,3.0530326354679858,-4.5527247536945765,0.33128078817733986,-0.3285640190333208,0
1254059,2021-04-10,2021,Chennai Super Kings,Delhi Capitals,"Wankhede Stadium, Mumbai",Delhi Capitals,field,178,0.5955056179775281,159.3932584269663,150.26404494382024,5.651685393258427,7.813525488095818,192,0.4479166666666667,152.92708333333334,153.58333333333334,5.1875,8.052430365920262,0.14758895131086142,6.466175093632955,-3.3192883895131047,0.4641853932584272,-0.23890487782444403,0
1254060,2021-04-11,2021,Kolkata Knight Riders,Sunrisers Hyderabad,"MA Chidambaram Stadium, Chepauk, Chennai",Sunrisers Hyderabad,field,192,0.515625,153.22395833333334,150.22916666666666,5.083333333333333,7.904270381365609,124,0.532258064516129,156.1451612903226,150.43548387096774,5.508064516129032,7.817559544597333,-0.016633064516129004,-2.921202956989248,-0.20631720430108658,-0.424731182795699,0.08671083676827607,1
1254061,2021-04-12,2021,Punjab Kings,Rajasthan Royals,"Wankhede Stadium, Mumbai",Rajasthan Royals,field,190,0.4631578947368421,158.23157894736843,157.27894736842106,5.168421052631579,8.276692978811798,159,0.5094339622641509,154.0943396226415,151.9308176100629,5.138364779874214,7.94028706037033,-0.04627606752730884,4.13723932472692,5.348129758358169,0.030056272757364333,0.3364059184414687,1
1254062,2021-04-13,2021,Mumbai Indians,Kolkata Knight Riders,"MA Chidambaram Stadium, Chepauk, Chennai",Kolkata Knight Riders,field,204,0.5882352941176471,159.2549019607843,150.59313725490196,5.583333333333333,7.779766175663698,193,0.5181347150259067,153.39896373056996,150.3575129533679,5.082901554404145,7.908880308880309,0.07010057909174039,5.855938230214349,0.23562430153407377,0.5004317789291877,-0.12911413321661058,1
1254063,2021-04-14,2021,Royal Challengers Bengaluru,Sunrisers Hyderabad,"MA Chidambaram Stadium, Chepauk, Chennai",Sunrisers Hyderabad,field,193,0.47668393782383417,156.22279792746113,155.12953367875647,5.259067357512953,8.106864028160116,125,0.528,156.312,150.728,5.512,7.8302971531481615,-0.051316062176165855,-0.0892020725388818,4.401533678756465,-0.25293264248704617,0.2765668750119543,1
1254064,2021-04-15,2021,Delhi Capitals,Rajasthan Royals,"Wankhede Stadium, Mumbai",Rajasthan Royals,field,193,0.45077720207253885,153.11917098445596,153.72538860103626,5.191709844559585,8.057848995111353,160,0.50625,154.4875,152.3625,5.14375,7.96059649504735,-0.055472797927461126,-1.3683290155440488,1.3628886010362464,0.04795984455958546,0.09725250006400366,0
1254065,2021-04-16,2021,Punjab Kings,Chennai Super Kings,"Wankhede Stadium, Mumbai",Chennai Super Kings,field,191,0.46596858638743455,158.56020942408378,157.58115183246073,5.178010471204188,8.29031813799752,179,0.5921787709497207,159.55307262569832,150.48603351955308,5.636871508379889,7.826352234758607,-0.12621018456228617,-0.99286320161454,7.095118312907658,-0.4588610371757005,0.46396590323891296,0
1254066,2021-04-17,2021,Mumbai Indians,Sunrisers Hyderabad,"MA Chidambaram Stadium, Chepauk, Chennai",Mumbai Indians,bat,205,0.5902439024390244,159.21951219512195,150.50731707317073,5.590243902439024,7.774072985344139,126,0.5238095238095238,156.20634920634922,150.6904761904762,5.531746031746032,7.825925671498249,0.06643437862950052,3.0131629887727343,-0.18315911730547896,0.05849787069299239,-0.05185268615410976,1
1254067,2021-04-18,2021,Royal Challengers Bengaluru,Kolkata Knight Riders,"MA Chidambaram Stadium, Chepauk, Chennai",Royal Challengers Bengaluru,bat,194,0.4793814432989691,156.18556701030928,155.03608247422682,5.27319587628866,8.100094259167827,194,0.5154639175257731,153.340206185567,150.34536082474227,5.108247422680412,7.9061215269934495,-0.03608247422680405,2.845360824742272,4.690721649484544,0.16494845360824772,0.1939727321743776,1
1254068,2021-04-18,2021,Punjab Kings,Delhi Capitals,"Wankhede Stadium, Mumbai",Delhi Capitals,field,192,0.4635416666666667,158.28645833333334,157.29166666666666,5.171875,8.282671298624127,194,0.4484536082474227,153.08762886597938,153.6958762886598,5.201030927835052,8.05502026114363,0.015088058419243988,5.19882946735396,3.5957903780068534,-0.02915592783505172,0.22765103748049675,0
1254069,2021-04-19,2021,Chennai Super Kings,Rajasthan Royals,"Wankhede Stadium, Mumbai",Rajasthan Royals,field,180,0.5944444444444444,159.26111111111112,150.23888888888888,5.644444444444445,7.811756776274613,161,0.5093167701863354,154.45962732919256,152.32919254658384,5.149068322981367,7.956634584189467,0.08512767425810908,4.801483781918563,-2.0903036576949603,0.4953761214630781,-0.14487780791485338,1
1254070,2021-04-20,2021,Mumbai Indians,Delhi Capitals,"MA Chidambaram Stadium, Chepauk, Chennai",Mumbai Indians,bat,206,0.5922330097087378,159.1747572815534,150.4271844660194,5.601941747572815,7.769336843424846,195,0.4512820512820513,153.31794871794872,153.87692307692308,5.194871794871795,8.062516793551277,0.14095095842668653,5.856808563604687,-3.4497386109036654,0.4070699527010202,-0.2931799501264303,0
1254071,2021-04-21,2021,Punjab Kings,Sunrisers Hyderabad,"MA Chidambaram Stadium, Chepauk, Chennai",Punjab Kings,bat,193,0.46113989637305697,158.47668393782382,157.49222797927462,5.16580310880829,8.294719607040523,127,0.5196850393700787,156.0551181102362,150.63779527559055,5.52755905511811,7.820808067043674,-0.05854514299702174,2.4215658275876137,6.854432703684068,-0.36175594630982033,0.4739115399968492,0
1254072,2021-04-21,2021,Chennai Super Kings,Kolkata Knight Riders,"Wankhede Stadium, Mumbai",Kolkata Knight Riders,field,181,0.5966850828729282,159.41988950276243,150.1767955801105,5.662983425414365,7.806806758891388,195,0.5128205128205128,153.4051282051282,150.62051282051283,5.102564102564102,7.9184902269153,0.08386457005241543,6.014761297634237,-0.4437172404023215,0.5604193228502625,-0.11168346802391227,1
1254073,2021-04-22,2021,Rajasthan Royals,Royal Challengers Bengaluru,"Wankhede Stadium, Mumbai",Royal Challengers Bengaluru,field,162,0.5061728395061729,154.38888888888889,152.5185185185185,5.160493827160494,7.964327925217578,195,0.48205128205128206,156.43076923076924,155.09230769230768,5.287179487179487,8.101165230590652,0.024121557454890807,-2.0418803418803577,-2.57378917378918,-0.1266856600189934,-0.13683730537307426,0
1254074,2021-04-23,2021,Mumbai Indians,Punjab Kings,"MA Chidambaram Stadium, Chepauk, Chennai",Punjab Kings,field,207,0.5893719806763285,159.06763285024155,150.35265700483092,5.594202898550725,7.765865424602845,194,0.4587628865979381,158.27835051546393,157.29896907216494,5.144329896907217,8.285261776550975,0.13060909407839033,0.7892823347776243,-6.94631206733402,0.44987300164350774,-0.5193963519481297,0
1254075,2021-04-24,2021,Kolkata Knight Riders,Rajasthan Royals,"Wankhede Stadium, Mumbai",Rajasthan Royals,field,196,0.5102040816326531,153.6530612244898,150.97448979591837,5.091836734693878,7.935016759776537,163,0.5030674846625767,154.5276073619632,152.68098159509202,5.128834355828221,7.9795863837973595,0.007136596970076403,-0.874546137473402,-1.706491799173648,-0.03699762113434257,-0.04456962402082265,0
1254076,2021-04-25,2021,Chennai Super Kings,Royal Challengers Bengaluru,"Wankhede Stadium, Mumbai",Chennai Super Kings,bat,182,0.5989010989010989,159.75274725274724,150.42857142857142,5.675824175824176,7.820051413881748,196,0.4846938775510204,156.55612244897958,155.17857142857142,5.3061224489795915,8.103823437985701,0.11420722135007849,3.196624803767662,-4.75,0.3697017268445846,-0.2837720241039534,1
1254077,2021-04-25,2021,Delhi Capitals,Sunrisers Hyderabad,"MA Chidambaram Stadium, Chepauk, Chennai",Delhi Capitals,bat,196,0.45408163265306123,153.23979591836735,153.76530612244898,5.214285714285714,8.054699331848553,128,0.5234375,155.78125,150.328125,5.546875,7.803447110510307,-0.06935586734693877,-2.5414540816326507,3.437181122448976,-0.3325892857142856,0.25125222133824643,1
1254078,2021-04-26,2021,Punjab Kings,Kolkata Knight Riders,"Narendra Modi Stadium, Ahmedabad",Kolkata Knight Riders,field,195,0.46153846153846156,158.14358974358976,157.14358974358976,5.148717948717949,8.274809847427877,197,0.5076142131979695,153.5482233502538,150.85279187817258,5.086294416243655,7.929028815368197,-0.046075751659507946,4.595366393335951,6.290797865417176,0.062423532474293886,0.3457810320596799,0
1254079,2021-04-27,2021,Royal Challengers Bengaluru,Delhi Capitals,"Narendra Modi Stadium, Ahmedabad",Delhi Capitals,field,197,0.48223350253807107,156.38071065989848,155.35532994923858,5.299492385786802,8.111223993992668,197,0.45685279187817257,153.30964467005077,153.8020304568528,5.218274111675127,8.052533664068037,0.025380710659898498,3.0710659898477104,1.5532994923857757,0.08121827411167537,0.05869032992463197,1
1254080,2021-04-28,2021,Sunrisers Hyderabad,Chennai Super Kings,"Arun Jaitley Stadium, Delhi",Sunrisers Hyderabad,bat,129,0.5193798449612403,155.86046511627907,150.42635658914728,5.5271317829457365,7.803096307218015,183,0.6010928961748634,159.92349726775956,150.2568306010929,5.683060109289618,7.80942913944902,-0.08171305121362304,-4.063032151480485,0.16952598805437447,-0.1559283263438811,-0.0063328322310054475,0
1254081,2021-04-29,2021,Rajasthan Royals,Mumbai Indians,"Arun Jaitley Stadium, Delhi",Mumbai Indians,field,164,0.5060975609756098,154.40243902439025,152.54268292682926,5.140243902439025,7.970158763871926,208,0.5865384615384616,158.93269230769232,150.26442307692307,5.572115384615385,7.764574362371646,-0.0804409005628518,-4.530253283302073,2.278259849906192,-0.4318714821763603,0.20558440150028012,0
1254082,2021-04-29,2021,Kolkata Knight Riders,Delhi Capitals,"Narendra Modi Stadium, Ahmedabad",Delhi Capitals,field,198,0.51010101010101,153.4090909090909,150.7070707070707,5.106060606060606,7.91932059447983,198,0.45454545454545453,153.3939393939394,153.88888888888889,5.217171717171717,8.055163905534014,0.055555555555555525,0.015151515151501371,-3.181818181818187,-0.11111111111111072,-0.13584331105418457,0
1254083,2021-04-30,2021,Punjab Kings,Royal Challengers Bengaluru,"Narendra Modi Stadium, Ahmedabad",Royal Challengers Bengaluru,field,196,0.45918367346938777,157.96428571428572,156.95408163265307,5.142857142857143,8.26999417536628,198,0.48484848484848486,156.45454545454547,155.4090909090909,5.292929292929293,8.112219341798848,-0.025664811379097097,1.509740259740255,1.5449907235621652,-0.15007215007215002,0.15777483356743183,1
1254084,2021-05-01,2021,Chennai Super Kings,Mumbai Indians,"Arun Jaitley Stadium, Delhi",Mumbai Indians,field,184,0.6032608695652174,159.9945652173913,150.3586956521739,5.668478260869565,7.813047161818695,209,0.5885167464114832,158.99521531100478,150.35406698564594,5.564593301435407,7.767963085036255,0.01474412315373419,0.9993499063865272,0.004628666527963787,0.10388495943415865,0.045084076782440086,0
1254085,2021-05-02,2021,Rajasthan Royals,Sunrisers Hyderabad,"Arun Jaitley Stadium, Delhi",Sunrisers Hyderabad,field,165,0.503030303030303,154.5030303030303,152.56969696969696,5.127272727272727,7.973184121621621,130,0.5153846153846153,155.97692307692307,150.6,5.507692307692308,7.814529004789781,-0.01235431235431228,-1.4738927738927714,1.9696969696969688,-0.3804195804195807,0.15865511683183975,1
1254086,2021-05-02,2021,Punjab Kings,Delhi Capitals,"Narendra Modi Stadium, Ahmedabad",Delhi Capitals,field,197,0.4619289340101523,158.0710659898477,156.85279187817258,5.157360406091371,8.262400285217701,199,0.457286432160804,153.4070351758794,153.85929648241205,5.221105527638191,8.05171809256662,0.0046425018493482795,4.66403081396831,2.993495395760533,-0.06374512154681966,0.21068219265108112,0
1254104,2021-09-19,2021,Chennai Super Kings,Mumbai Indians,Dubai International Cricket Stadium,Chennai Super Kings,bat,185,0.6,160.30810810810812,150.72972972972974,5.6702702702702705,7.830665543386689,210,0.5904761904761905,159.28095238095239,150.66666666666666,5.557142857142857,7.7828796326664476,0.00952380952380949,1.02715572715573,0.06306306306308329,0.11312741312741359,0.04778591072024163,1
1254087,2021-09-20,2021,Royal Challengers Bengaluru,Kolkata Knight Riders,"Zayed Cricket Stadium, Abu Dhabi",Royal Challengers Bengaluru,bat,199,0.4824120603015075,156.39698492462313,155.52261306532662,5.291457286432161,8.116351239127585,199,0.507537688442211,153.41206030150755,150.7286432160804,5.0954773869346734,7.925749768793764,-0.025125628140703515,2.9849246231155746,4.793969849246224,0.1959798994974875,0.1906014703338208,0
1254111,2021-09-21,2021,Rajasthan Royals,Punjab Kings,Dubai International Cricket Stadium,Punjab Kings,field,166,0.5060240963855421,154.8975903614458,152.63855421686748,5.144578313253012,7.9746118338229115,198,0.4595959595959596,158.11111111111111,156.8939393939394,5.146464646464646,8.267465069860279,0.04642813678958252,-3.213520749665321,-4.255385177071929,-0.001886333211634117,-0.29285323603736746,1
1254105,2021-09-22,2021,Sunrisers Hyderabad,Delhi Capitals,Dubai International Cricket Stadium,Sunrisers Hyderabad,bat,131,0.5114503816793893,156.04580152671755,151.0916030534351,5.488549618320611,7.8377771911298835,200,0.46,153.475,153.91,5.22,8.052493896058598,0.05145038167938926,2.5708015267175597,-2.8183969465648886,0.26854961832061086,-0.21471670492871464,0
1254096,2021-09-23,2021,Mumbai Indians,Kolkata Knight Riders,"Zayed Cricket Stadium, Abu Dhabi",Kolkata Knight Riders,field,211,0.5876777251184834,159.17061611374407,150.6777251184834,5.559241706161138,7.782229112271541,200,0.51,153.115,150.425,5.115,7.9098199027211775,0.07767772511848337,6.055616113744065,0.2527251184833972,0.44424170616113745,-0.12759079044963695,0
1254113,2021-09-24,2021,Royal Challengers Bengaluru,Chennai Super Kings,Sharjah Cricket Stadium,Chennai Super Kings,field,200,0.48,156.075,155.215,5.27,8.11970879288548,186,0.6021505376344086,160.28494623655914,150.6505376344086,5.67741935483871,7.824909243228149,-0.12215053763440864,-4.209946236559148,4.564462365591396,-0.4074193548387104,0.2947995496573306,0
1254097,2021-09-25,2021,Delhi Capitals,Rajasthan Royals,"Zayed Cricket Stadium, Abu Dhabi",Rajasthan Royals,field,201,0.4626865671641791,153.40298507462686,153.77611940298507,5.2288557213930345,8.043632893823734,167,0.5089820359281437,155.07784431137725,152.82035928143713,5.137724550898204,7.98196413678065,-0.04629546876396462,-1.6748592367503932,0.9557601215479394,0.09113117049483055,0.06166875704308339,1
1254107,2021-09-25,2021,Punjab Kings,Sunrisers Hyderabad,Sharjah Cricket Stadium,Sunrisers Hyderabad,field,199,0.457286432160804,158.23618090452263,157.01507537688443,5.1708542713567835,8.271608206485771,132,0.5075757575757576,155.87878787878788,151.0,5.462121212121212,7.837472966773708,-0.05028932541495357,2.3573930257347513,6.015075376884425,-0.2912669407644284,0.434135239712063,1
1254098,2021-09-26,2021,Kolkata Knight Riders,Chennai Super Kings,"Zayed Cricket Stadium, Abu Dhabi",Kolkata Knight Riders,bat,201,0.5124378109452736,153.14427860696517,150.44278606965173,5.114427860696518,7.908722374787498,187,0.6042780748663101,160.2673796791444,150.66310160427807,5.679144385026738,7.823937795056929,-0.0918402639210365,-7.1231010721792245,-0.22031553462633724,-0.5647165243302199,0.0847845797305693,0
1254108,2021-09-26,2021,Royal Challengers Bengaluru,Mumbai Indians,Dubai International Cricket Stadium,Mumbai Indians,field,201,0.47761194029850745,156.07462686567163,155.2189054726368,5.263681592039801,8.121919472405414,212,0.5849056603773585,159.1509433962264,150.71226415094338,5.547169811320755,7.791976588220948,-0.10729372007885102,-3.0763165305547773,4.506641321693422,-0.2834882192809536,0.32994288418446605,1
1254100,2021-09-27,2021,Rajasthan Royals,Sunrisers Hyderabad,Dubai International Cricket Stadium,Rajasthan Royals,bat,168,0.5059523809523809,154.875,152.8095238095238,5.142857142857143,7.979278905926233,133,0.5037593984962406,155.60902255639098,150.77443609022558,5.473684210526316,7.823525586839197,0.002192982456140302,-0.7340225563909826,2.035087719298218,-0.3308270676691727,0.1557533190870357,0
1254092,2021-09-28,2021,Delhi Capitals,Kolkata Knight Riders,Sharjah Cricket Stadium,Kolkata Knight Riders,field,202,0.46534653465346537,153.40594059405942,153.6089108910891,5.232673267326732,8.033051432516396,202,0.5099009900990099,153.23267326732673,150.53960396039605,5.123762376237623,7.911799141407571,-0.04455445544554454,0.17326732673268452,3.0693069306930454,0.10891089108910901,0.12125229110882518,0
1254099,2021-09-28,2021,Punjab Kings,Mumbai Indians,"Zayed Cricket Stadium, Abu Dhabi",Mumbai Indians,field,200,0.46,158.07,156.815,5.175,8.258854509545754,213,0.5821596244131455,158.92488262910797,150.7605633802817,5.549295774647887,7.7932289770658905,-0.12215962441314548,-0.8548826291079763,6.054436619718302,-0.3742957746478872,0.46562553247986394,0
1254103,2021-09-29,2021,Rajasthan Royals,Royal Challengers Bengaluru,Dubai International Cricket Stadium,Royal Challengers Bengaluru,field,169,0.5029585798816568,154.92899408284023,152.84615384615384,5.1301775147929,7.98279680659284,202,0.4801980198019802,156.11881188118812,154.990099009901,5.287128712871287,8.11193159735717,0.02276056007967664,-1.1898177983478888,-2.143945163747162,-0.15695119807838775,-0.1291347907643301,0
1254091,2021-09-30,2021,Sunrisers Hyderabad,Chennai Super Kings,Sharjah Cricket Stadium,Chennai Super Kings,field,134,0.5074626865671642,155.69402985074626,150.84328358208955,5.470149253731344,7.8248919285115175,188,0.6063829787234043,160.32978723404256,150.76063829787233,5.675531914893617,7.827395747031207,-0.0989202921562401,-4.635757383296294,0.08264528421722162,-0.20538266116227355,-0.0025038185196892826,0
1254102,2021-10-01,2021,Kolkata Knight Riders,Punjab Kings,Dubai International Cricket Stadium,Punjab Kings,field,203,0.5123152709359606,153.11822660098522,150.41379310344828,5.1330049261083746,7.9031965834088265,201,0.4577114427860697,157.955223880597,156.71641791044777,5.169154228855722,8.253635529935805,0.054603828149890954,-4.836997279611779,-6.302624806999489,-0.03614930274734718,-0.35043894652697816,0
1254089,2021-10-02,2021,Chennai Super Kings,Rajasthan Royals,"Zayed Cricket Stadium, Abu Dhabi",Rajasthan Royals,field,189,0.6084656084656085,160.21693121693121,150.64550264550263,5.682539682539683,7.819829717110684,170,0.5,154.89411764705883,152.83529411764707,5.1117647058823525,7.987088841069782,0.10846560846560849,5.32281356987238,-2.189791472144435,0.5707749766573302,-0.1672591239590977,0
1254112,2021-10-02,2021,Mumbai Indians,Delhi Capitals,Sharjah Cricket Stadium,Delhi Capitals,field,214,0.5841121495327103,158.82242990654206,150.6728971962617,5.5514018691588785,7.787465281970777,203,0.4630541871921182,153.27586206896552,153.48275862068965,5.241379310344827,8.02808554496264,0.12105796234059207,5.546567837576532,-2.8098614244279645,0.31002255881405105,-0.2406202629918628,0
1254090,2021-10-03,2021,Royal Challengers Bengaluru,Punjab Kings,Sharjah Cricket Stadium,Royal Challengers Bengaluru,bat,203,0.4827586206896552,156.10344827586206,154.95566502463055,5.305418719211823,8.108261373888388,202,0.4603960396039604,158.0049504950495,156.73762376237624,5.173267326732673,8.25257396064121,0.022362581085694777,-1.9015022191874493,-1.781958737745697,0.13215139247914998,-0.14431258675282166,1
1254109,2021-10-03,2021,Sunrisers Hyderabad,Kolkata Knight Riders,Dubai International Cricket Stadium,Sunrisers Hyderabad,bat,135,0.5037037037037037,155.53333333333333,150.75555555555556,5.45925925925926,7.819171415764871,204,0.5098039215686274,153.1764705882353,150.49019607843138,5.132352941176471,7.906258047901107,-0.006100217864923763,2.3568627450980273,0.2653594771241785,0.3269063180827887,-0.08708663213623602,0
1254110,2021-10-04,2021,Chennai Super Kings,Delhi Capitals,Dubai International Cricket Stadium,Delhi Capitals,field,190,0.6052631578947368,160.3684210526316,150.84736842105264,5.668421052631579,7.834085007516742,204,0.46568627450980393,153.17156862745097,153.36274509803923,5.254901960784314,8.019994873109459,0.1395768833849329,7.196852425180623,-2.515376676986591,0.4135190918472649,-0.18590986559271716,0
1254093,2021-10-05,2021,Rajasthan Royals,Mumbai Indians,Sharjah Cricket Stadium,Mumbai Indians,field,171,0.5029239766081871,155.09941520467837,153.046783625731,5.105263157894737,7.996028108768714,215,0.5813953488372093,158.68372093023257,150.5767441860465,5.5488372093023255,7.782835163073964,-0.07847137222902223,-3.584305725554202,2.4700394396844843,-0.4435740514075883,0.21319294569475034,0
1254095,2021-10-06,2021,Sunrisers Hyderabad,Royal Challengers Bengaluru,"Zayed Cricket Stadium, Abu Dhabi",Royal Challengers Bengaluru,field,136,0.5,155.23529411764707,150.52205882352942,5.448529411764706,7.805910390848427,204,0.4852941176470588,156.1421568627451,154.9607843137255,5.303921568627451,8.1066803436338,0.01470588235294118,-0.9068627450980387,-4.438725490196077,0.14460784313725483,-0.3007699527853722,1
1254094,2021-10-07,2021,Chennai Super Kings,Punjab Kings,Dubai International Cricket Stadium,Punjab Kings,field,191,0.6020942408376964,160.2408376963351,150.7801047120419,5.675392670157068,7.82971589106892,203,0.458128078817734,158.00492610837438,156.7487684729064,5.177339901477833,8.251004797095812,0.14396616201996237,2.2359115879607145,-5.9686637608645015,0.4980527686792353,-0.4212889060268914,0
1254106,2021-10-07,2021,Kolkata Knight Riders,Rajasthan Royals,Sharjah Cricket Stadium,Rajasthan Royals,field,205,0.5121951219512195,153.00975609756097,150.30731707317074,5.1414634146341465,7.894696387394312,172,0.5,154.72093023255815,152.69767441860466,5.087209302325581,8.004063388866314,0.012195121951219523,-1.7111741349971794,-2.3903573454339266,0.05425411230856536,-0.10936700147200185,1
1254088,2021-10-08,2021,Mumbai Indians,Sunrisers Hyderabad,"Zayed Cricket Stadium, Abu Dhabi",Mumbai Indians,bat,216,0.5833333333333334,158.38425925925927,150.2962962962963,5.564814814814815,7.767126565116835,137,0.5036496350364964,155.13138686131387,150.4160583941606,5.445255474452555,7.798297067171239,0.07968369829683697,3.2528723979453957,-0.11976209786428171,0.1195593403622599,-0.031170502054403748,1
1254101,2021-10-08,2021,Delhi Capitals,Royal Challengers Bengaluru,Dubai International Cricket Stadium,Royal Challengers Bengaluru,field,205,0.4682926829268293,153.10243902439024,153.25365853658536,5.253658536585366,8.012496812037746,205,0.48292682926829267,156.0487804878049,154.89268292682928,5.31219512195122,8.101288429646639,-0.014634146341463372,-2.9463414634146545,-1.639024390243918,-0.05853658536585371,-0.08879161760889254,0
1254114,2021-10-10,2021,Delhi Capitals,Chennai Super Kings,Dubai International Cricket Stadium,Chennai Super Kings,field,206,0.46601941747572817,153.15533980582524,153.30582524271844,5.242718446601942,8.013448363359553,192,0.5989583333333334,160.10416666666666,150.71875,5.666666666666667,7.839797715266176,-0.1329389158576052,-6.948826860841422,2.5870752427184414,-0.4239482200647249,0.1736506480933766,0
1254115,2021-10-11,2021,Royal Challengers Bengaluru,Kolkata Knight Riders,Sharjah Cricket Stadium,Royal Challengers Bengaluru,bat,206,0.4854368932038835,156.09708737864077,154.92233009708738,5.310679611650485,8.101028049244828,206,0.5145631067961165,153.09708737864077,149.98543689320388,5.160194174757281,7.883563682755688,-0.029126213592232997,3.0,4.9368932038835,0.15048543689320404,0.21746436648914003,0
1254116,2021-10-13,2021,Delhi Capitals,Kolkata Knight Riders,Sharjah Cricket Stadium,Kolkata Knight Riders,field,207,0.463768115942029,153.2463768115942,153.39613526570048,5.241545893719807,8.017084665881166,207,0.5169082125603864,153.02898550724638,149.89371980676327,5.164251207729468,7.87679289189761,-0.053140096618357446,0.21739130434781373,3.5024154589372074,0.07729468599033851,0.14029177398355586,0
1254117,2021-10-15,2021,Chennai Super Kings,Kolkata Knight Riders,Dubai International Cricket Stadium,Kolkata Knight Riders,field,193,0.6010362694300518,160.17098445595855,150.82901554404145,5.66321243523316,7.84389455247676,208,0.5192307692307693,152.9471153846154,149.81730769230768,5.158653846153846,7.870848242475269,0.08180550019928257,7.2238690713431595,1.0117078517337745,0.5045585890793145,-0.02695368999850878,1
1304047,2022-03-26,2022,Chennai Super Kings,Kolkata Knight Riders,"Wankhede Stadium, Mumbai",Kolkata Knight Riders,field,194,0.6030927835051546,160.33505154639175,150.9020618556701,5.680412371134021,7.84607138071202,209,0.5167464114832536,153.00478468899522,150.00956937799043,5.148325358851674,7.87903664921466,0.08634637202190099,7.330266857396538,0.8924924776796672,0.5320870122823464,-0.03296526850263959,0
1304048,2022-03-27,2022,Mumbai Indians,Delhi Capitals,"Brabourne Stadium, Mumbai",Delhi Capitals,field,217,0.5852534562211982,158.7373271889401,150.48387096774192,5.576036866359447,7.775617112469243,208,0.46153846153846156,153.15865384615384,153.30769230769232,5.25,8.01105388770255,0.12371499468273661,5.57867334278626,-2.823821339950399,0.3260368663594466,-0.23543677523330686,0
1304049,2022-03-27,2022,Royal Challengers Bengaluru,Punjab Kings,"Dr DY Patil Sports Academy, Mumbai",Punjab Kings,field,207,0.4830917874396135,156.0096618357488,154.83574879227052,5.314009661835748,8.095390444117028,204,0.46078431372549017,157.91176470588235,156.63235294117646,5.181372549019608,8.242744743970077,0.022307473714123338,-1.9021028701335467,-1.796604148905942,0.13263711281614032,-0.14735429985304904,0
1304050,2022-03-28,2022,Lucknow Super Giants,Gujarat Titans,"Wankhede Stadium, Mumbai",Gujarat Titans,field,0,0.5,0.0,0.0,0.0,0.0,0,0.5,0.0,0.0,0.0,0.0,0.0,0.0,0.0,0.0,0.0,0
1304051,2022-03-29,2022,Rajasthan Royals,Sunrisers Hyderabad,"Maharashtra Cricket Association Stadium, Pune",Sunrisers Hyderabad,field,173,0.49710982658959535,154.31791907514452,152.757225433526,5.08092485549133,8.004947495961227,138,0.5,155.40579710144928,151.0144927536232,5.471014492753623,7.8272300469483564,-0.0028901734104046506,-1.0878780263047645,1.742732679902815,-0.3900896372622933,0.1777174490128708,1
1304052,2022-03-30,2022,Kolkata Knight Riders,Royal Challengers Bengaluru,"Dr DY Patil Sports Academy, Mumbai",Royal Challengers Bengaluru,field,210,0.5190476190476191,152.90952380952382,149.91904761904763,5.142857142857143,7.872390081266931,208,0.4807692307692308,156.24519230769232,155.08653846153845,5.3125,8.108760316728812,0.03827838827838831,-3.335668498168502,-5.167490842490821,-0.16964285714285676,-0.23637023546188107,0
1304053,2022-03-31,2022,Chennai Super Kings,Lucknow Super Giants,"Brabourne Stadium, Mumbai",Lucknow Super Giants,field,195,0.6,160.1846153846154,150.78974358974358,5.671794871794872,7.8417637123299855,1,0.0,158.0,155.0,5.0,7.881355932203389,0.6,2.184615384615398,-4.21025641025642,0.6717948717948721,-0.03959221987340378,0
1304054,2022-04-01,2022,Punjab Kings,Kolkata Knight Riders,"Wankhede Stadium, Mumbai",Kolkata Knight Riders,field,205,0.4634146341463415,158.1560975609756,156.81463414634146,5.1658536585365855,8.250224560503016,211,0.5165876777251185,152.79146919431278,149.81042654028437,5.151658767772512,7.866119198705984,-0.053173043578777,5.364628366662828,7.0042076060570935,0.014194890764073875,0.38410536179703136,0
1304055,2022-04-02,2022,Rajasthan Royals,Mumbai Indians,"Dr DY Patil Sports Academy, Mumbai",Mumbai Indians,field,174,0.5,154.63793103448276,152.70689655172413,5.091954022988506,8.000100361300682,218,0.5825688073394495,158.82110091743118,150.59633027522935,5.577981651376147,7.783309625414889,-0.08256880733944949,-4.18316988294842,2.1105662764947795,-0.48602762838764146,0.21679073588579278,1
1304056,2022-04-02,2022,Gujarat Titans,Delhi Capitals,"Maharashtra Cricket Association Stadium, Pune",Delhi Capitals,field,1,1.0,161.0,158.0,6.0,7.9,209,0.46411483253588515,153.2822966507177,153.41626794258374,5.248803827751196,8.014998125234346,0.5358851674641149,7.717703349282289,4.583732057416256,0.7511961722488039,-0.1149981252343455,1
1304057,2022-04-03,2022,Punjab Kings,Chennai Super Kings,"Brabourne Stadium, Mumbai",Chennai Super Kings,field,206,0.46116504854368934,158.05339805825244,156.73300970873785,5.160194174757281,8.255433392994119,196,0.5969387755102041,160.4387755102041,151.06632653061226,5.663265306122449,7.8555825779349995,-0.1357737269665148,-2.385377451951655,5.666683178125595,-0.5030711313651679,0.39985081505911957,1
1304058,2022-04-04,2022,Lucknow Super Giants,Sunrisers Hyderabad,"Dr DY Patil Sports Academy, Mumbai",Sunrisers Hyderabad,field,2,0.5,184.5,177.0,5.5,8.92436974789916,139,0.49640287769784175,155.35971223021582,151.41007194244605,5.474820143884892,7.845666356011184,0.003597122302158251,29.14028776978418,25.589928057553948,0.0251798561151082,1.0787033918879763,1
1304059,2022-04-05,2022,Rajasthan Royals,Royal Challengers Bengaluru,"Wankhede Stadium, Mumbai",Royal Challengers Bengaluru,field,175,0.5028571428571429,154.85714285714286,152.8,5.102857142857143,8.002793296089385,209,0.48325358851674644,156.12918660287082,154.9377990430622,5.3349282296650715,8.101576182136602,0.019603554340396456,-1.2720437457279559,-2.137799043062188,-0.23207108680792832,-0.09878288604721774,0
1304060,2022-04-06,2022,Mumbai Indians,Kolkata Knight Riders,"Maharashtra Cricket Association Stadium, Pune",Kolkata Knight Riders,field,219,0.5799086757990868,158.87214611872147,150.76712328767124,5.584474885844749,7.790939122227466,212,0.5188679245283019,152.73584905660377,149.74056603773585,5.169811320754717,7.863837166095537,0.0610407512707849,6.1362970621177055,1.0265572499353937,0.41466356509003166,-0.07289804386807042,0
1304061,2022-04-07,2022,Delhi Capitals,Lucknow Super Giants,"Dr DY Patil Sports Academy, Mumbai",Lucknow Super Giants,field,210,0.46190476190476193,153.3,153.4857142857143,5.252380952380952,8.0169133192389,3,0.6666666666666666,179.33333333333334,169.0,6.666666666666667,8.497206703910615,-0.2047619047619047,-26.03333333333333,-15.514285714285705,-1.4142857142857146,-0.48029338467171456,0
1304062,2022-04-08,2022,Punjab Kings,Gujarat Titans,"Brabourne Stadium, Mumbai",Gujarat Titans,field,207,0.463768115942029,158.15942028985506,156.58454106280195,5.183574879227053,8.249681852888775,2,1.0,166.0,155.5,7.0,7.775,-0.536231884057971,-7.840579710144937,1.0845410628019465,-1.816425120772947,0.47468185288877507,0
1304063,2022-04-09,2022,Chennai Super Kings,Sunrisers Hyderabad,"Dr DY Patil Sports Academy, Mumbai",Sunrisers Hyderabad,field,197,0.5939086294416244,160.26395939086294,151.20812182741116,5.67005076142132,7.861359137893117,140,0.4928571428571429,155.37142857142857,151.52857142857144,5.478571428571429,7.849768732654949,0.10105148658448149,4.89253081943437,-0.3204496011602771,0.19147933284989094,0.011590405238167456,0
1304064,2022-04-09,2022,Mumbai Indians,Royal Challengers Bengaluru,"Maharashtra Cricket Association Stadium, Pune",Royal Challengers Bengaluru,field,220,0.5772727272727273,158.88181818181818,150.8090909090909,5.581818181818182,7.79924776680771,210,0.4857142857142857,156.2095238095238,154.9904761904762,5.3238095238095235,8.102564102564102,0.09155844155844156,2.672294372294374,-4.181385281385275,0.25800865800865846,-0.30331633575639216,0
1304065,2022-04-10,2022,Delhi Capitals,Kolkata Knight Riders,"Brabourne Stadium, Mumbai",Kolkata Knight Riders,field,211,0.4597156398104265,153.27962085308056,153.4834123222749,5.246445497630332,8.015758425807517,213,0.5211267605633803,152.7793427230047,149.78403755868544,5.164319248826291,7.864261944866685,-0.06141112075295374,0.5002781300758556,3.6993747635894465,0.08212624880404107,0.1514964809408319,1
1304066,2022-04-10,2022,Rajasthan Royals,Lucknow Super Giants,"Wankhede Stadium, Mumbai",Lucknow Super Giants,field,176,0.5,154.9375,152.89772727272728,5.1022727272727275,8.007736943907156,4,0.75,173.25,163.5,5.75,8.209205020920502,-0.25,-18.3125,-10.60227272727272,-0.6477272727272725,-0.20146807701334524,1
1304067,2022-04-11,2022,Gujarat Titans,Sunrisers Hyderabad,"Dr DY Patil Sports Academy, Mumbai",Sunrisers Hyderabad,field,3,1.0,174.0,166.33333333333334,7.333333333333333,8.316666666666666,141,0.49645390070921985,155.36879432624113,151.54609929078015,5.48936170212766,7.848668503213958,0.5035460992907801,18.63120567375887,14.787234042553195,1.8439716312056733,0.46799816345270884,0
1304068,2022-04-12,2022,Chennai Super Kings,Royal Challengers Bengaluru,"Dr DY Patil Sports Academy, Mumbai",Royal Challengers Bengaluru,field,198,0.5909090909090909,160.23232323232324,151.22727272727272,5.651515151515151,7.865592574755921,211,0.4881516587677725,156.18957345971563,154.96208530805688,5.322274881516588,8.099331186524648,0.10275743214131844,4.042749772607607,-3.7348125807841654,0.3292402699985635,-0.23373861176872612,1
1304069,2022-04-13,2022,Punjab Kings,Mumbai Indians,"Maharashtra Cricket Association Stadium, Pune",Mumbai Indians,field,208,0.46153846153846156,158.30769230769232,156.73557692307693,5.173076923076923,8.255507723474297,221,0.5746606334841629,158.84615384615384,150.79638009049773,5.5656108597285066,7.800117027501463,-0.11312217194570129,-0.5384615384615188,5.939196832579199,-0.3925339366515832,0.45539069597283444,1
1304070,2022-04-14,2022,Gujarat Titans,Rajasthan Royals,"Dr DY Patil Sports Academy, Mumbai",Rajasthan Royals,field,4,0.75,171.0,166.0,6.0,8.387368421052631,177,0.5028248587570622,154.99435028248587,152.94350282485877,5.11864406779661,8.00798698417394,0.24717514124293782,16.00564971751413,13.056497175141232,0.8813559322033901,0.37938143687869186,1
1304071,2022-04-15,2022,Kolkata Knight Riders,Sunrisers Hyderabad,"Brabourne Stadium, Mumbai",Sunrisers Hyderabad,field,214,0.5186915887850467,152.8644859813084,150.03271028037383,5.163551401869159,7.875153298994358,142,0.5,155.45774647887325,151.6056338028169,5.492957746478873,7.849772105742935,0.01869158878504673,-2.5932604975648417,-1.5729235224430624,-0.32940634460971374,0.025381193251423184,0
1304072,2022-04-16,2022,Lucknow Super Giants,Mumbai Indians,"Brabourne Stadium, Mumbai",Mumbai Indians,field,5,0.6,171.0,163.2,5.6,8.187290969899665,222,0.5720720720720721,158.96846846846847,150.97297297297297,5.563063063063063,7.808037274315667,0.027927927927927865,12.031531531531527,12.22702702702702,0.03693693693693678,0.3792536955839987,1
1304073,2022-04-16,2022,Royal Challengers Bengaluru,Delhi Capitals,"Wankhede Stadium, Mumbai",Delhi Capitals,field,212,0.4858490566037736,156.36320754716982,155.22169811320754,5.311320754716981,8.11116588612275,212,0.46226415094339623,153.57075471698113,153.55188679245282,5.268867924528302,8.018309454411101,0.023584905660377353,2.7924528301886937,1.669811320754718,0.042452830188678625,0.09285643171164892,1
1304074,2022-04-17,2022,Punjab Kings,Sunrisers Hyderabad,"Dr DY Patil Sports Academy, Mumbai",Sunrisers Hyderabad,field,209,0.46411483253588515,158.4976076555024,156.8755980861244,5.181818181818182,8.260770975056689,143,0.5034965034965035,155.6013986013986,151.72727272727272,5.510489510489511,7.854117647058824,-0.0393816709606184,2.8962090541037924,5.148325358851679,-0.3286713286713292,0.4066533279978648,0
1304075,2022-04-17,2022,Chennai Super Kings,Gujarat Titans,"Maharashtra Cricket Association Stadium, Pune",Gujarat Titans,field,199,0.592964824120603,160.51256281407035,151.43718592964825,5.668341708542713,7.874918339793562,5,0.8,175.2,163.6,6.4,8.248739495798318,-0.20703517587939702,-14.687437185929639,-12.162814070351743,-0.7316582914572871,-0.3738211560047562,0
1304076,2022-04-18,2022,Rajasthan Royals,Kolkata Knight Riders,"Brabourne Stadium, Mumbai",Kolkata Knight Riders,field,178,0.5,154.9943820224719,153.1629213483146,5.106741573033708,8.01735038964858,215,0.5162790697674419,152.96744186046513,150.13488372093022,5.153488372093023,7.882860515283487,-0.016279069767441867,2.026940162006781,3.0280376273843785,-0.046746799059315336,0.13448987436509352,1
1304077,2022-04-19,2022,Royal Challengers Bengaluru,Lucknow Super Giants,"Dr DY Patil Sports Academy, Mumbai",Lucknow Super Giants,field,213,0.48826291079812206,156.51643192488262,155.30046948356807,5.314553990610329,8.11356389502085,6,0.6666666666666666,175.66666666666666,165.16666666666666,5.833333333333333,8.28133704735376,-0.17840375586854457,-19.150234741784033,-9.866197183098592,-0.5187793427230041,-0.16777315233291112,1
1304078,2022-04-20,2022,Punjab Kings,Delhi Capitals,"Brabourne Stadium, Mumbai",Delhi Capitals,field,210,0.46190476190476193,158.46190476190475,156.84761904761905,5.171428571428572,8.259623020019225,213,0.460093896713615,153.66197183098592,153.70422535211267,5.262910798122066,8.024592507863883,0.0018108651911469265,4.799932930918828,3.1433936955063757,-0.09148222669349426,0.2350305121553422,0
1304079,2022-04-21,2022,Mumbai Indians,Chennai Super Kings,"Dr DY Patil Sports Academy, Mumbai",Chennai Super Kings,field,223,0.5695067264573991,159.06726457399103,151.1748878923767,5.556053811659193,7.81727536231884,200,0.59,160.555,151.505,5.675,7.877209705372617,-0.020493273542600887,-1.4877354260089817,-0.33011210762330734,-0.11894618834080717,-0.05993434305377665,0
1304080,2022-04-22,2022,Rajasthan Royals,Delhi Capitals,"Wankhede Stadium, Mumbai",Delhi Capitals,field,179,0.5027932960893855,155.34078212290504,153.4804469273743,5.128491620111732,8.032649481019444,214,0.46261682242990654,153.5,153.51869158878506,5.280373831775701,8.013252571242734,0.04017647365947896,1.8407821229050398,-0.038244661410772096,-0.15188221166396865,0.019396909776709492,1
1304081,2022-04-23,2022,Gujarat Titans,Kolkata Knight Riders,"Dr DY Patil Sports Academy, Mumbai",Gujarat Titans,bat,6,0.8333333333333334,174.33333333333334,164.5,6.0,8.282517482517482,216,0.5138888888888888,153.2314814814815,150.40277777777777,5.152777777777778,7.8950949815707405,0.31944444444444453,21.101851851851848,14.097222222222229,0.8472222222222223,0.3874225009467418,1
1304082,2022-04-23,2022,Royal Challengers Bengaluru,Sunrisers Hyderabad,"Brabourne Stadium, Mumbai",Sunrisers Hyderabad,field,214,0.49065420560747663,156.63084112149534,155.3177570093458,5.327102803738318,8.112765438125457,144,0.5069444444444444,155.57638888888889,151.72222222222223,5.534722222222222,7.851931716082659,-0.016290238836967785,1.054452232606451,3.5955347871235688,-0.20761941848390464,0.26083372204279787,0
1304083,2022-04-24,2022,Lucknow Super Giants,Mumbai Indians,"Wankhede Stadium, Mumbai",Mumbai Indians,field,7,0.5714285714285714,173.85714285714286,167.14285714285714,5.714285714285714,8.377088305489261,224,0.5669642857142857,159.04910714285714,151.19196428571428,5.5625,7.816964800923254,0.004464285714285698,14.808035714285722,15.950892857142861,0.1517857142857144,0.5601235045660067,1
1304084,2022-04-25,2022,Punjab Kings,Chennai Super Kings,"Wankhede Stadium, Mumbai",Chennai Super Kings,field,211,0.4597156398104265,158.2559241706161,156.66824644549763,5.151658767772512,8.267694872863693,201,0.5920398009950248,160.53233830845772,151.51243781094527,5.681592039800995,7.876034482758621,-0.13232416118459833,-2.2764141378416127,5.155808634552358,-0.5299332720284831,0.3916603901050717,1
1304085,2022-04-26,2022,Rajasthan Royals,Royal Challengers Bengaluru,"Maharashtra Cricket Association Stadium, Pune",Royal Challengers Bengaluru,field,180,0.5055555555555555,155.7111111111111,153.75,5.138888888888889,8.044278655169073,215,0.4883720930232558,156.2186046511628,154.92558139534884,5.306976744186047,8.114250913520097,0.017183462532299743,-0.5074935400516836,-1.1755813953488428,-0.16808785529715742,-0.06997225835102405,1
1304086,2022-04-27,2022,Sunrisers Hyderabad,Gujarat Titans,"Wankhede Stadium, Mumbai",Gujarat Titans,field,145,0.5103448275862069,155.0,151.1448275862069,5.56551724137931,7.830871843735112,7,0.8571428571428571,171.71428571428572,162.14285714285714,6.285714285714286,8.155688622754491,-0.3467980295566502,-16.714285714285722,-10.998029556650238,-0.7201970443349754,-0.324816779019379,0
1304087,2022-04-28,2022,Kolkata Knight Riders,Delhi Capitals,"Wankhede Stadium, Mumbai",Delhi Capitals,field,217,0.511520737327189,153.2073732718894,150.4147465437788,5.170506912442396,7.893909468338103,215,0.4604651162790698,153.74883720930234,153.83255813953488,5.265116279069767,8.027994659978155,0.05105562104811917,-0.5414639374129422,-3.417811595756092,-0.0946093666273713,-0.13408519164005206,0
1304088,2022-04-29,2022,Lucknow Super Giants,Punjab Kings,"Maharashtra Cricket Association Stadium, Pune",Punjab Kings,field,8,0.625,173.125,162.5,5.875,8.1419624217119,212,0.46226415094339623,158.39150943396226,156.71698113207546,5.15566037735849,8.268104520945665,0.16273584905660377,14.733490566037744,5.78301886792454,0.7193396226415096,-0.12614209923376407,1
1304089,2022-04-30,2022,Royal Challengers Bengaluru,Gujarat Titans,"Brabourne Stadium, Mumbai",Royal Challengers Bengaluru,bat,216,0.4861111111111111,156.02777777777777,154.875,5.314814814814815,8.109818181818182,8,0.875,175.125,166.25,6.125,8.356020942408378,-0.3888888888888889,-19.09722222222223,-11.375,-0.8101851851851851,-0.24620276059019552,0
1304090,2022-04-30,2022,Rajasthan Royals,Mumbai Indians,"Dr DY Patil Sports Academy, Mumbai",Mumbai Indians,field,181,0.5082872928176796,155.646408839779,153.50828729281767,5.1602209944751385,8.03073365769064,225,0.5644444444444444,158.92888888888888,151.2577777777778,5.564444444444445,7.819184376794945,-0.05615715162676482,-3.2824800491098642,2.25050951503988,-0.40422344996930626,0.21154928089569403,0
1304091,2022-05-01,2022,Lucknow Super Giants,Delhi Capitals,"Wankhede Stadium, Mumbai",Lucknow Super Giants,bat,9,0.6666666666666666,170.88888888888889,158.55555555555554,6.111111111111111,7.942486085343228,216,0.46296296296296297,153.7314814814815,153.77314814814815,5.282407407407407,8.02326985788478,0.20370370370370366,17.15740740740739,4.782407407407391,0.8287037037037033,-0.080783772541551,1
1304092,2022-05-01,2022,Chennai Super Kings,Sunrisers Hyderabad,"Maharashtra Cricket Association Stadium, Pune",Sunrisers Hyderabad,field,202,0.5891089108910891,160.6089108910891,151.68316831683168,5.6683168316831685,7.88336192109777,146,0.5068493150684932,155.27397260273972,151.46575342465752,5.561643835616438,7.845553453169348,0.0822595958225959,5.3349382883493774,0.21741489217416188,0.10667299606673009,0.037808467928422296,1
1304093,2022-05-02,2022,Rajasthan Royals,Kolkata Knight Riders,"Wankhede Stadium, Mumbai",Kolkata Knight Riders,field,182,0.5054945054945055,155.65934065934067,153.53296703296704,5.15934065934066,8.031520958083833,218,0.5091743119266054,153.1743119266055,150.39908256880733,5.169724770642202,7.893191028367372,-0.0036798064320999746,2.4850287327351737,3.1338844641597063,-0.010384111301542376,0.13832992971646085,0
1304094,2022-05-03,2022,Gujarat Titans,Punjab Kings,"Dr DY Patil Sports Academy, Mumbai",Gujarat Titans,bat,9,0.8888888888888888,175.0,166.11111111111111,6.111111111111111,8.344186046511629,213,0.460093896713615,158.27230046948358,156.66197183098592,5.164319248826291,8.263062319438712,0.42879499217527384,16.727699530516418,9.449139280125195,0.9467918622848197,0.08112372707291726,0
1304095,2022-05-04,2022,Royal Challengers Bengaluru,Chennai Super Kings,"Maharashtra Cricket Association Stadium, Pune",Chennai Super Kings,field,217,0.4838709677419355,156.0921658986175,154.9447004608295,5.308755760368664,8.112679454698998,203,0.5911330049261084,160.8128078817734,151.85714285714286,5.669950738916256,7.890870307167236,-0.10726203718417293,-4.7206419831559,3.0875576036866335,-0.3611949785475925,0.22180914753176229,1
1304096,2022-05-05,2022,Delhi Capitals,Sunrisers Hyderabad,"Brabourne Stadium, Mumbai",Sunrisers Hyderabad,field,217,0.4608294930875576,153.89400921658986,153.9447004608295,5.271889400921659,8.030610200729196,147,0.5034013605442177,155.50340136054422,151.7687074829932,5.537414965986395,7.859323626115548,-0.042571867456660084,-1.6093921439543522,2.1759929778363016,-0.2655255650647357,0.1712865746136485,1
1304097,2022-05-06,2022,Mumbai Indians,Gujarat Titans,"Brabourne Stadium, Mumbai",Gujarat Titans,field,226,0.5663716814159292,158.93805309734512,151.28318584070797,5.566371681415929,7.819325328759291,10,0.8,171.8,163.6,5.7,8.382578992314262,-0.23362831858407085,-12.861946902654893,-12.316814159292022,-0.13362831858407098,-0.5632536635549705,1
1304098,2022-05-07,2022,Punjab Kings,Rajasthan Royals,"Wankhede Stadium, Mumbai",Punjab Kings,bat,214,0.46261682242990654,158.21028037383178,156.57476635514018,5.172897196261682,8.256344969199178,183,0.5027322404371585,155.63934426229508,153.53551912568307,5.147540983606557,8.031538828013339,-0.040115418007251935,2.570936111536696,3.039247229457118,0.025356212655125,0.22480614118583908,0
1304099,2022-05-07,2022,Lucknow Super Giants,Kolkata Knight Riders,"Maharashtra Cricket Association Stadium, Pune",Kolkata Knight Riders,field,10,0.7,173.3,161.6,6.2,8.093489148580968,219,0.5114155251141552,153.19634703196348,150.3972602739726,5.168949771689498,7.891306952042488,0.18858447488584473,20.103652968036528,11.202739726027403,1.0310502283105025,0.20218219653848024,1
1304100,2022-05-08,2022,Royal Challengers Bengaluru,Sunrisers Hyderabad,"Wankhede Stadium, Mumbai",Royal Challengers Bengaluru,bat,218,0.48623853211009177,156.1697247706422,154.94954128440367,5.321100917431193,8.111177812462481,148,0.5,155.70945945945945,152.13513513513513,5.52027027027027,7.876399253731344,-0.01376146788990823,0.46026531118275216,2.8144061492685353,-0.19916935283907744,0.2347785587311373,1
1304101,2022-05-08,2022,Chennai Super Kings,Delhi Capitals,"Dr DY Patil Sports Academy, Mumbai",Delhi Capitals,field,204,0.5882352941176471,160.80882352941177,151.93627450980392,5.671568627450981,7.893463497453311,218,0.463302752293578,154.13761467889907,154.08715596330276,5.284403669724771,8.036444834323538,0.1249325418240691,6.6712088505126985,-2.1508814534988403,0.38716495772620974,-0.14298133687022663,1
1304102,2022-05-09,2022,Kolkata Knight Riders,Mumbai Indians,"Dr DY Patil Sports Academy, Mumbai",Mumbai Indians,field,220,0.509090909090909,152.95909090909092,150.50454545454545,5.168181818181818,7.895163533759886,227,0.5682819383259912,159.01762114537445,151.36123348017622,5.5550660792951545,7.822196926579397,-0.05919102923508213,-6.058530236283531,-0.8566880256307741,-0.3868842611133365,0.07296660718048908,1
1304103,2022-05-10,2022,Gujarat Titans,Lucknow Super Giants,"Maharashtra Cricket Association Stadium, Pune",Gujarat Titans,bat,11,0.7272727272727273,171.8181818181818,164.63636363636363,5.636363636363637,8.416731216111542,11,0.7272727272727273,173.54545454545453,156.0,6.454545454545454,8.012451361867704,0.0,-1.7272727272727195,8.636363636363626,-0.8181818181818175,0.4042798542438373,1
1304104,2022-05-11,2022,Rajasthan Royals,Delhi Capitals,"Dr DY Patil Sports Academy, Mumbai",Delhi Capitals,field,184,0.5054347826086957,155.82608695652175,153.71195652173913,5.146739130434782,8.038749407863572,219,0.4611872146118721,153.96803652968038,154.33333333333334,5.287671232876712,8.047700305567682,0.044247567996823556,1.8580504268413733,-0.6213768115942173,-0.14093210244192989,-0.008950897704110616,0
1304105,2022-05-12,2022,Chennai Super Kings,Mumbai Indians,"Wankhede Stadium, Mumbai",Mumbai Indians,field,205,0.5902439024390244,161.0390243902439,151.7560975609756,5.692682926829268,7.887264429983943,228,0.5657894736842105,158.81578947368422,151.41666666666666,5.5701754385964914,7.823909348441926,0.02445442875481385,2.223234916559676,0.339430894308947,0.12250748823277657,0.0633550815420163,0
1304106,2022-05-13,2022,Punjab Kings,Royal Challengers Bengaluru,"Brabourne Stadium, Mumbai",Royal Challengers Bengaluru,field,215,0.4604651162790698,158.353488372093,156.73023255813953,5.167441860465116,8.263119176066699,219,0.4885844748858447,156.33333333333334,154.79908675799086,5.337899543378995,8.10285623232283,-0.028119358606774947,2.0201550387596683,1.9311458001486699,-0.17045768291387908,0.1602629437438683,1
1304107,2022-05-14,2022,Kolkata Knight Riders,Sunrisers Hyderabad,"Maharashtra Cricket Association Stadium, Pune",Kolkata Knight Riders,bat,221,0.5113122171945701,153.01357466063348,150.29864253393666,5.176470588235294,7.887288269748299,149,0.4966442953020134,155.50335570469798,152.39597315436242,5.503355704697986,7.888026864289023,0.014667921892556668,-2.4897810440645003,-2.0973306204257653,-0.3268851164626918,-0.0007385945407243355,1
1304108,2022-05-15,2022,Chennai Super Kings,Gujarat Titans,"Wankhede Stadium, Mumbai",Chennai Super Kings,bat,206,0.587378640776699,160.72815533980582,151.51456310679612,5.689320388349515,7.883477162702589,12,0.75,169.5,157.75,5.916666666666667,8.266375545851528,-0.162621359223301,-8.771844660194176,-6.235436893203882,-0.22734627831715226,-0.3828983831489383,0
1304109,2022-05-15,2022,Rajasthan Royals,Lucknow Super Giants,"Brabourne Stadium, Mumbai",Rajasthan Royals,bat,185,0.5027027027027027,155.84864864864866,153.74054054054054,5.129729729729729,8.042414816909373,12,0.6666666666666666,165.91666666666666,154.91666666666666,6.25,7.938790035587189,-0.16396396396396395,-10.068018018017995,-1.176126126126121,-1.1202702702702707,0.10362478132218378,1
1304110,2022-05-16,2022,Delhi Capitals,Punjab Kings,"Dr DY Patil Sports Academy, Mumbai",Punjab Kings,field,220,0.4636363636363636,154.0,154.35454545454544,5.290909090909091,8.047237252656108,216,0.46296296296296297,158.58796296296296,156.71759259259258,5.185185185185185,8.260370912640312,0.0006734006734006592,-4.587962962962962,-2.3630471380471363,0.10572390572390589,-0.2131336599842033,1
1304111,2022-05-17,2022,Sunrisers Hyderabad,Mumbai Indians,"Wankhede Stadium, Mumbai",Mumbai Indians,field,150,0.49333333333333335,155.28666666666666,152.53333333333333,5.506666666666667,7.893284268629255,229,0.5676855895196506,158.57205240174673,151.16593886462883,5.585152838427947,7.816868014000226,-0.0743522561863173,-3.2853857350800695,1.3673944687045037,-0.07848617176128059,0.07641625462902901,1
1304112,2022-05-18,2022,Lucknow Super Giants,Kolkata Knight Riders,"Dr DY Patil Sports Academy, Mumbai",Lucknow Super Giants,bat,13,0.6153846153846154,165.0,156.6153846153846,6.153846153846154,8.010491803278688,222,0.5135135135135135,153.1216216216216,150.17567567567568,5.1891891891891895,7.879076729163385,0.10187110187110193,11.878378378378386,6.439708939708936,0.9646569646569647,0.13141507411530284,1
1304113,2022-05-19,2022,Gujarat Titans,Royal Challengers Bengaluru,"Wankhede Stadium, Mumbai",Gujarat Titans,bat,13,0.7692307692307693,167.0,155.69230769230768,5.846153846153846,8.1285140562249,220,0.4863636363636364,156.3272727272727,155.03181818181818,5.35,8.113309281211594,0.2828671328671329,10.672727272727286,0.6604895104894979,0.49615384615384617,0.015204775013305749,0
1304114,2022-05-20,2022,Chennai Super Kings,Rajasthan Royals,"Brabourne Stadium, Mumbai",Chennai Super Kings,bat,207,0.5845410628019324,160.59420289855072,151.41545893719805,5.676328502415459,7.878424801005446,186,0.5053763440860215,155.96774193548387,153.7258064516129,5.145161290322581,8.039645719105863,0.07916471871591091,4.626460963066847,-2.3103475144148433,0.5311672120928783,-0.16122091810041717,0
1304115,2022-05-21,2022,Delhi Capitals,Mumbai Indians,"Wankhede Stadium, Mumbai",Mumbai Indians,field,221,0.4660633484162896,154.02262443438914,154.29864253393666,5.3076923076923075,8.042768976767956,230,0.5652173913043478,158.7086956521739,151.3304347826087,5.586956521739131,7.824210408002697,-0.09915404288805818,-4.686071217784757,2.9682077513279523,-0.27926421404682333,0.2185585687652587,0
1304116,2022-05-22,2022,Sunrisers Hyderabad,Punjab Kings,"Wankhede Stadium, Mumbai",Sunrisers Hyderabad,bat,151,0.4966887417218543,155.53642384105962,152.74834437086093,5.503311258278146,7.902129846399817,217,0.4608294930875576,158.5115207373272,156.7004608294931,5.193548387096774,8.257406508013599,0.03585924863429668,-2.975096896267587,-3.9521164586321618,0.3097628711813716,-0.35527666161378146,0
1312197,2022-05-24,2022,Rajasthan Royals,Gujarat Titans,"Eden Gardens, Kolkata",Gujarat Titans,field,187,0.5080213903743316,155.94117647058823,153.7058823529412,5.149732620320855,8.036627988256676,14,0.7142857142857143,167.07142857142858,156.42857142857142,5.571428571428571,8.181818181818182,-0.20626432391138272,-11.130252100840352,-2.722689075630228,-0.42169595110771585,-0.14519019356150586,0
1312198,2022-05-25,2022,Royal Challengers Bengaluru,Lucknow Super Giants,"Eden Gardens, Kolkata",Lucknow Super Giants,field,221,0.48868778280542985,156.3891402714932,155.08597285067873,5.343891402714932,8.114430020123901,14,0.6428571428571429,168.21428571428572,160.07142857142858,6.285714285714286,8.17386018237082,-0.15416936005171306,-11.825145442792518,-4.985455720749854,-0.9418228829993538,-0.05943016224691888,1
1312199,2022-05-27,2022,Royal Challengers Bengaluru,Rajasthan Royals,"Narendra Modi Stadium, Ahmedabad",Rajasthan Royals,field,222,0.49099099099099097,156.61711711711712,155.22522522522522,5.346846846846847,8.120017279974865,188,0.5053191489361702,156.11170212765958,153.89893617021278,5.132978723404255,8.045884315906562,-0.014328157945179276,0.5054149894575346,1.3262890550124382,0.21386812344259187,0.07413296406830305,0
1312200,2022-05-29,2022,Rajasthan Royals,Gujarat Titans,"Narendra Modi Stadium, Ahmedabad",Rajasthan Royals,bat,189,0.5079365079365079,156.13756613756613,153.87301587301587,5.148148148148148,8.042588495575222,15,0.7333333333333333,168.66666666666666,158.53333333333333,5.466666666666667,8.26651216685979,-0.22539682539682537,-12.529100529100532,-4.660317460317458,-0.31851851851851887,-0.22392367128456847,0
1359475,2023-03-31,2023,Chennai Super Kings,Gujarat Titans,"Narendra Modi Stadium, Ahmedabad",Gujarat Titans,field,208,0.5817307692307693,160.54326923076923,151.375,5.673076923076923,7.87543771885943,16,0.75,166.4375,156.625,5.625,8.145178764897075,-0.16826923076923073,-5.894230769230774,-5.25,0.04807692307692335,-0.2697410460376455,0
1359476,2023-04-01,2023,Punjab Kings,Kolkata Knight Riders,"Punjab Cricket Association IS Bindra Stadium, Mohali, Chandigarh",Kolkata Knight Riders,field,218,0.463302752293578,158.5183486238532,156.6880733944954,5.201834862385321,8.254712421459642,223,0.5112107623318386,153.3677130044843,150.44394618834082,5.165919282511211,7.891406617531755,-0.04790801003826062,5.150635619368899,6.244127206154587,0.03591557987411065,0.3633058039278865,1
1359477,2023-04-01,2023,Lucknow Super Giants,Delhi Capitals,"Bharat Ratna Shri Atal Bihari Vajpayee Ekana Cricket Stadium, Lucknow",Delhi Capitals,field,15,0.6,169.86666666666667,163.2,6.133333333333334,8.321813031161472,222,0.46396396396396394,154.04504504504504,154.31981981981983,5.306306306306307,8.04390702042733,0.13603603603603603,15.821621621621631,8.880180180180162,0.827027027027027,0.27790601073414223,1
1359478,2023-04-02,2023,Rajasthan Royals,Sunrisers Hyderabad,"Rajiv Gandhi International Stadium, Uppal, Hyderabad",Sunrisers Hyderabad,field,190,0.5052631578947369,156.0,153.7578947368421,5.136842105263158,8.038706718642514,152,0.4934210526315789,155.54605263157896,152.7828947368421,5.5,7.915132924335379,0.011842105263157932,0.45394736842104066,0.9749999999999943,-0.3631578947368421,0.12357379430713511,1
1359479,2023-04-02,2023,Mumbai Indians,Royal Challengers Bengaluru,"M Chinnaswamy Stadium, Bengaluru",Royal Challengers Bengaluru,field,231,0.5670995670995671,158.71428571428572,151.33766233766235,5.593073593073593,7.823430681436724,223,0.48878923766816146,156.61883408071748,155.25112107623318,5.336322869955157,8.123181604880338,0.07831032943140565,2.0954516335682456,-3.9134587385708244,0.2567507231184365,-0.2997509234436144,0
1359480,2023-04-03,2023,Chennai Super Kings,Lucknow Super Giants,"MA Chidambaram Stadium, Chepauk, Chennai",Lucknow Super Giants,field,209,0.5789473684210527,160.6267942583732,151.4928229665072,5.669856459330144,7.881347494191835,16,0.625,171.3125,161.9375,6.3125,8.247214854111405,-0.046052631578947345,-10.685705741626805,-10.444677033492809,-0.6426435406698561,-0.3658673599195703,1
1359481,2023-04-04,2023,Delhi Capitals,Gujarat Titans,"Arun Jaitley Stadium, Delhi",Gujarat Titans,field,223,0.4618834080717489,153.99551569506727,154.4798206278027,5.309417040358745,8.050712783360598,17,0.7647058823529411,167.35294117647058,157.47058823529412,5.705882352941177,8.169888097660223,-0.30282247428119224,-13.357425481403311,-2.9907676074914207,-0.396465312582432,-0.1191753142996248,0
1359482,2023-04-05,2023,Punjab Kings,Rajasthan Royals,"Barsapara Cricket Stadium, Guwahati",Rajasthan Royals,field,219,0.4657534246575342,158.66666666666666,156.6255707762557,5.210045662100456,8.257342320654791,191,0.5078534031413613,156.2460732984293,153.63350785340313,5.151832460732984,8.030285062713798,-0.04209997848382707,2.4205933682373484,2.9920629228525684,0.05821320136747232,0.2270572579409933,1
1359483,2023-04-06,2023,Kolkata Knight Riders,Royal Challengers Bengaluru,"Eden Gardens, Kolkata",Royal Challengers Bengaluru,field,224,0.5089285714285714,153.33482142857142,150.62053571428572,5.165178571428571,7.898938660839707,224,0.49107142857142855,156.6875,155.32142857142858,5.34375,8.125175151798224,0.01785714285714285,-3.3526785714285836,-4.700892857142861,-0.17857142857142883,-0.2262364909585175,1
1359484,2023-04-07,2023,Sunrisers Hyderabad,Lucknow Super Giants,"Bharat Ratna Shri Atal Bihari Vajpayee Ekana Cricket Stadium, Lucknow",Sunrisers Hyderabad,bat,153,0.49019607843137253,155.3856209150327,153.0718954248366,5.496732026143791,7.928232904536222,17,0.5882352941176471,173.2941176470588,164.7058823529412,6.352941176470588,8.379052369077307,-0.09803921568627455,-17.908496732026123,-11.633986928104576,-0.856209150326797,-0.4508194645410848,0
1359485,2023-04-08,2023,Rajasthan Royals,Delhi Capitals,"Barsapara Cricket Stadium, Guwahati",Delhi Capitals,field,192,0.5052083333333334,156.43229166666666,153.84895833333334,5.145833333333333,8.039281502313344,224,0.45982142857142855,154.03125,154.50892857142858,5.303571428571429,8.05414420354497,0.04538690476190482,2.401041666666657,-0.6599702380952408,-0.1577380952380958,-0.014862701231626474,1
1359486,2023-04-08,2023,Mumbai Indians,Chennai Super Kings,"Wankhede Stadium, Mumbai",Chennai Super Kings,field,232,0.5646551724137931,158.76724137931035,151.42241379310346,5.577586206896552,7.833067003604742,210,0.580952380952381,160.89523809523808,151.73333333333332,5.6761904761904765,7.892012383900929,-0.01629720853858785,-2.127996715927736,-0.310919540229861,-0.09860426929392485,-0.05894538029618701,0
1359487,2023-04-09,2023,Gujarat Titans,Kolkata Knight Riders,"Narendra Modi Stadium, Ahmedabad",Gujarat Titans,bat,18,0.7777777777777778,167.11111111111111,157.5,5.833333333333333,8.154362416107382,225,0.5111111111111111,153.56,150.47555555555556,5.1866666666666665,7.893914665423176,0.2666666666666667,13.551111111111112,7.024444444444441,0.6466666666666665,0.26044775068420645,0
1359488,2023-04-09,2023,Punjab Kings,Sunrisers Hyderabad,"Rajiv Gandhi International Stadium, Uppal, Hyderabad",Sunrisers Hyderabad,field,220,0.4681818181818182,158.8409090909091,156.78181818181818,5.213636363636364,8.26353617632966,154,0.487012987012987,155.16233766233765,152.8896103896104,5.4935064935064934,7.927609427609427,-0.01883116883116881,3.678571428571445,3.8922077922077847,-0.2798701298701296,0.3359267487202331,0
1359489,2023-04-10,2023,Royal Challengers Bengaluru,Lucknow Super Giants,"M Chinnaswamy Stadium, Bengaluru",Lucknow Super Giants,field,225,0.4888888888888889,156.5377777777778,155.49333333333334,5.351111111111111,8.13249651324965,18,0.6111111111111112,170.72222222222223,162.16666666666666,6.388888888888889,8.241882352941175,-0.12222222222222229,-14.184444444444438,-6.673333333333318,-1.0377777777777784,-0.10938583969152482,0
1359490,2023-04-11,2023,Delhi Capitals,Mumbai Indians,"Arun Jaitley Stadium, Delhi",Mumbai Indians,field,225,0.4577777777777778,153.9777777777778,154.70222222222222,5.297777777777778,8.062695440682546,233,0.5622317596566524,158.75965665236052,151.43776824034336,5.5665236051502145,7.835887186320231,-0.10445398187887461,-4.7818788745827305,3.2644539818788587,-0.26874582737243635,0.22680825436231533,0
1359491,2023-04-12,2023,Rajasthan Royals,Chennai Super Kings,"MA Chidambaram Stadium, Chepauk, Chennai",Chennai Super Kings,field,193,0.5077720207253886,156.65284974093265,153.77720207253887,5.16580310880829,8.033655147523234,211,0.5829383886255924,160.88625592417063,151.7440758293839,5.687203791469194,7.8910659272951325,-0.07516636790020381,-4.233406183237975,2.0331262431549817,-0.5214006826609046,0.1425892202281016,1
1359492,2023-04-13,2023,Punjab Kings,Gujarat Titans,"Punjab Cricket Association IS Bindra Stadium, Mohali, Chandigarh",Gujarat Titans,field,221,0.4660633484162896,158.76923076923077,156.7285067873303,5.199095022624435,8.26428599832982,19,0.7368421052631579,169.05263157894737,160.05263157894737,5.894736842105263,8.271078875793291,-0.27077875684686825,-10.283400809716596,-3.3241247916170664,-0.6956418194808283,-0.006792877463471569,0
1359493,2023-04-14,2023,Sunrisers Hyderabad,Kolkata Knight Riders,"Eden Gardens, Kolkata",Kolkata Knight Riders,field,155,0.49032258064516127,155.09677419354838,152.81935483870967,5.516129032258065,7.922073578595318,226,0.5132743362831859,153.79646017699116,150.69026548672565,5.18141592920354,7.9034578788582035,-0.022951755638024596,1.3003140165572233,2.129089351984021,0.33471310305452473,0.018615699737114078,1
1359494,2023-04-15,2023,Royal Challengers Bengaluru,Delhi Capitals,"M Chinnaswamy Stadium, Bengaluru",Delhi Capitals,field,226,0.48672566371681414,156.78318584070797,155.71681415929203,5.367256637168142,8.142526608051828,226,0.4557522123893805,154.05752212389382,154.76548672566372,5.287610619469026,8.064481420282057,0.03097345132743362,2.7256637168141538,0.9513274336283075,0.07964601769911539,0.07804518776977076,1
1359495,2023-04-15,2023,Lucknow Super Giants,Punjab Kings,"Bharat Ratna Shri Atal Bihari Vajpayee Ekana Cricket Stadium, Lucknow",Punjab Kings,field,19,0.631578947368421,172.94736842105263,164.3684210526316,6.157894736842105,8.346547884187082,222,0.46396396396396394,158.74324324324326,156.68018018018017,5.193693693693693,8.260033246259797,0.16761498340445707,14.204125177809374,7.688240872451416,0.964201043148412,0.08651463792728542,0
1359496,2023-04-16,2023,Kolkata Knight Riders,Mumbai Indians,"Wankhede Stadium, Mumbai",Mumbai Indians,field,227,0.5110132158590308,154.02202643171807,151.0308370044053,5.176211453744493,7.91961191961192,234,0.5641025641025641,158.82051282051282,151.52136752136752,5.581196581196581,7.839622641509433,-0.053089348243533285,-4.798486388794743,-0.49053051696222383,-0.4049851274520879,0.07998927810248624,0
1359497,2023-04-16,2023,Gujarat Titans,Rajasthan Royals,"Narendra Modi Stadium, Ahmedabad",Rajasthan Royals,field,20,0.75,168.3,159.6,5.9,8.233877901977644,194,0.5103092783505154,156.74742268041237,153.86082474226805,5.170103092783505,8.036166202997396,0.23969072164948457,11.552577319587641,5.739175257731944,0.7298969072164949,0.19771169898024787,0
1359498,2023-04-17,2023,Chennai Super Kings,Royal Challengers Bengaluru,"M Chinnaswamy Stadium, Bengaluru",Royal Challengers Bengaluru,field,212,0.5801886792452831,160.93867924528303,151.85377358490567,5.693396226415095,7.895278969957081,227,0.4889867841409692,156.8590308370044,155.69603524229075,5.378854625550661,8.139797328420084,0.09120189510431387,4.079648408278615,-3.8422616573850803,0.31454160086443395,-0.24451835846300263,1
1359499,2023-04-18,2023,Mumbai Indians,Sunrisers Hyderabad,"Rajiv Gandhi International Stadium, Uppal, Hyderabad",Sunrisers Hyderabad,field,235,0.5659574468085107,158.93617021276594,151.65531914893617,5.582978723404255,7.845391840328735,156,0.4935897435897436,155.56410256410257,153.1346153846154,5.5256410256410255,7.936105420519351,0.07236770321876707,3.372067648663375,-1.4792962356792145,0.057337697763229833,-0.09071358019061648,1
1359500,2023-04-19,2023,Lucknow Super Giants,Rajasthan Royals,"Sawai Mansingh Stadium, Jaipur",Rajasthan Royals,field,20,0.6,172.25,164.1,6.25,8.337002540220151,195,0.5128205128205128,156.86153846153846,153.97435897435898,5.1692307692307695,8.040257073998037,0.0871794871794872,15.388461538461542,10.125641025641016,1.0807692307692305,0.29674546622211473,1
1359501,2023-04-20,2023,Royal Challengers Bengaluru,Punjab Kings,"Punjab Cricket Association IS Bindra Stadium, Mohali, Chandigarh",Punjab Kings,field,228,0.4868421052631579,157.12719298245614,156.0,5.381578947368421,8.154057771664375,223,0.4663677130044843,158.75336322869956,156.66367713004485,5.20627802690583,8.256824358923858,0.02047439225867359,-1.6261702462434187,-0.6636771300448459,0.1753009204625915,-0.10276658725948273,1
1359502,2023-04-20,2023,Kolkata Knight Riders,Delhi Capitals,"Arun Jaitley Stadium, Delhi",Delhi Capitals,field,228,0.5087719298245614,154.1578947368421,151.18421052631578,5.175438596491228,7.93021472392638,227,0.45374449339207046,154.04405286343612,154.8193832599119,5.290748898678414,8.065791990207703,0.05502743643249097,0.11384187340598828,-3.6351727335961073,-0.11531030218718641,-0.13557726628132372,0
1359503,2023-04-21,2023,Sunrisers Hyderabad,Chennai Super Kings,"MA Chidambaram Stadium, Chepauk, Chennai",Chennai Super Kings,field,157,0.49044585987261147,155.70700636942675,153.38216560509554,5.515923566878981,7.947087618942853,213,0.5821596244131455,161.24413145539907,152.14084507042253,5.704225352112676,7.908724832214765,-0.09171376454053404,-5.5371250859723204,1.241320534673008,-0.188301785233695,0.03836278672808824,0
1359504,2023-04-22,2023,Gujarat Titans,Lucknow Super Giants,"Bharat Ratna Shri Atal Bihari Vajpayee Ekana Cricket Stadium, Lucknow",Gujarat Titans,bat,21,0.7142857142857143,168.71428571428572,160.47619047619048,5.9523809523809526,8.28009828009828,21,0.6190476190476191,171.38095238095238,162.9047619047619,6.190476190476191,8.269943593875906,0.09523809523809523,-2.666666666666657,-2.4285714285714164,-0.23809523809523814,0.010154686222373144,1
1359505,2023-04-22,2023,Punjab Kings,Mumbai Indians,"Wankhede Stadium, Mumbai",Mumbai Indians,field,224,0.4642857142857143,158.71428571428572,156.70535714285714,5.200892857142857,8.25702748265182,236,0.5677966101694916,159.07627118644066,151.7415254237288,5.593220338983051,7.848986301369863,-0.10351089588377727,-0.3619854721549416,4.963831719128336,-0.3923274818401943,0.40804118128195643,1
1359506,2023-04-23,2023,Royal Challengers Bengaluru,Rajasthan Royals,"M Chinnaswamy Stadium, Bengaluru",Rajasthan Royals,field,229,0.4890829694323144,157.2008733624454,155.9650655021834,5.393013100436681,8.153717373107071,196,0.5102040816326531,156.79591836734693,153.95408163265307,5.168367346938775,8.037379028677972,-0.021121112200338688,0.4049549950984783,2.010983869530321,0.2246457534979056,0.1163383444290993,1
1359507,2023-04-23,2023,Chennai Super Kings,Kolkata Knight Riders,"Eden Gardens, Kolkata",Kolkata Knight Riders,field,214,0.5841121495327103,161.1355140186916,152.0467289719626,5.705607476635514,7.902367941712204,229,0.5065502183406113,154.03930131004367,151.07423580786025,5.179039301310044,7.923957856161246,0.07756193119209898,7.096212708647926,0.9724931641023602,0.5265681753254698,-0.02158991444904146,1
1359508,2023-04-24,2023,Delhi Capitals,Sunrisers Hyderabad,"Rajiv Gandhi International Stadium, Uppal, Hyderabad",Delhi Capitals,bat,228,0.45614035087719296,153.9298245614035,154.69298245614036,5.307017543859649,8.057723793930624,158,0.4873417721518987,155.56962025316454,153.27215189873417,5.493670886075949,7.943038320669108,-0.031201421274705765,-1.6397956917610372,1.420830557406191,-0.18665334221630037,0.1146854732615159,1
1359509,2023-04-25,2023,Gujarat Titans,Mumbai Indians,"Narendra Modi Stadium, Ahmedabad",Mumbai Indians,field,22,0.7272727272727273,167.1818181818182,158.95454545454547,5.909090909090909,8.189695550351288,237,0.5654008438818565,159.25316455696202,151.9915611814346,5.59915611814346,7.860774686306601,0.16187188339087077,7.928653624856167,6.962984273110862,0.309934790947449,0.32892086404468746,1
1359510,2023-04-26,2023,Kolkata Knight Riders,Royal Challengers Bengaluru,"M Chinnaswamy Stadium, Bengaluru",Royal Challengers Bengaluru,field,230,0.5043478260869565,154.1782608695652,151.4391304347826,5.173913043478261,7.94140446876425,230,0.49130434782608695,157.33913043478262,156.0608695652174,5.391304347826087,8.157109309900765,0.013043478260869545,-3.1608695652174106,-4.621739130434776,-0.21739130434782616,-0.21570484113651478,1
1359511,2023-04-27,2023,Rajasthan Royals,Chennai Super Kings,"Sawai Mansingh Stadium, Jaipur",Rajasthan Royals,bat,197,0.5076142131979695,156.9238578680203,154.11675126903555,5.1725888324873095,8.044069592864082,215,0.586046511627907,161.47906976744187,152.2,5.716279069767442,7.908882175226586,-0.07843229842993749,-4.555211899421579,1.916751269035558,-0.5436902372801322,0.13518741763749542,1
1359512,2023-04-28,2023,Lucknow Super Giants,Punjab Kings,"Punjab Cricket Association IS Bindra Stadium, Mohali, Chandigarh",Punjab Kings,field,22,0.5909090909090909,169.4090909090909,161.5909090909091,6.181818181818182,8.197540353574173,225,0.4666666666666667,158.96,156.90222222222224,5.204444444444444,8.265423186483005,0.12424242424242427,10.449090909090899,4.688686868686858,0.9773737373737372,-0.06788283290883257,1
1359513,2023-04-29,2023,Kolkata Knight Riders,Gujarat Titans,"Eden Gardens, Kolkata",Gujarat Titans,field,231,0.5064935064935064,154.37662337662337,151.54545454545453,5.181818181818182,7.9453018610985024,23,0.7391304347826086,168.91304347826087,158.47826086956522,6.0,8.154362416107382,-0.2326369282891022,-14.536420101637503,-6.932806324110686,-0.8181818181818183,-0.20906055500887977,0
1359514,2023-04-29,2023,Sunrisers Hyderabad,Delhi Capitals,"Arun Jaitley Stadium, Delhi",Sunrisers Hyderabad,bat,159,0.48427672955974843,155.45283018867926,153.2012578616352,5.49685534591195,7.937544126432411,229,0.4585152838427948,153.88646288209608,154.61572052401746,5.310043668122271,8.052230603039837,0.025761445716953657,1.5663673065831745,-1.414462662382249,0.1868116777896791,-0.11468647660742537,1
1359515,2023-04-30,2023,Chennai Super Kings,Punjab Kings,"MA Chidambaram Stadium, Chepauk, Chennai",Chennai Super Kings,bat,216,0.5833333333333334,161.5185185185185,152.39814814814815,5.708333333333333,7.917739025856885,226,0.4646017699115044,159.14601769911505,157.31415929203538,5.20353982300885,8.284837657293771,0.11873156342182895,2.372500819403456,-4.916011143887232,0.5047935103244834,-0.36709863143688626,0
1359516,2023-04-30,2023,Rajasthan Royals,Mumbai Indians,"Wankhede Stadium, Mumbai",Rajasthan Royals,bat,198,0.51010101010101,157.15151515151516,154.1919191919192,5.1767676767676765,8.046209259421945,238,0.5630252100840336,159.22268907563026,152.22268907563026,5.600840336134453,7.871591526344378,-0.05292419998302356,-2.071173924115101,1.9692301162889407,-0.42407265936677696,0.17461773307756623,0
1359517,2023-05-01,2023,Royal Challengers Bengaluru,Lucknow Super Giants,"Bharat Ratna Shri Atal Bihari Vajpayee Ekana Cricket Stadium, Lucknow",Royal Challengers Bengaluru,bat,231,0.48917748917748916,157.43290043290042,156.24242424242425,5.3896103896103895,8.164995098408868,23,0.6086956521739131,173.2173913043478,163.1304347826087,6.3478260869565215,8.27342888643881,-0.11951816299642393,-15.784490871447389,-6.888010540184439,-0.958215697346132,-0.10843378802994152,1
1359518,2023-05-02,2023,Delhi Capitals,Gujarat Titans,"Narendra Modi Stadium, Ahmedabad",Delhi Capitals,bat,230,0.45652173913043476,154.03478260869565,154.79565217391306,5.3130434782608695,8.060144134626269,24,0.75,169.375,159.33333333333334,6.041666666666667,8.188436830835117,-0.29347826086956524,-15.34021739130435,-4.537681159420288,-0.7286231884057974,-0.12829269620884887,1
1359520,2023-05-03,2023,Punjab Kings,Mumbai Indians,"Punjab Cricket Association IS Bindra Stadium, Mohali, Chandigarh",Mumbai Indians,field,227,0.4669603524229075,159.33039647577093,157.4977973568282,5.1982378854625555,8.292562239059842,239,0.5648535564853556,159.4518828451883,152.43933054393307,5.606694560669456,7.881665765278529,-0.09789320406244811,-0.12148636941736868,5.058466812895119,-0.4084566752069003,0.410896473781313,0
1359521,2023-05-04,2023,Kolkata Knight Riders,Sunrisers Hyderabad,"Rajiv Gandhi International Stadium, Uppal, Hyderabad",Kolkata Knight Riders,bat,232,0.5043103448275862,154.48275862068965,151.6293103448276,5.172413793103448,7.951927061748861,160,0.4875,155.7125,153.4125,5.5,7.946689688663465,0.0168103448275862,-1.2297413793103544,-1.7831896551724071,-0.3275862068965516,0.005237373085395625,1
1359522,2023-05-05,2023,Rajasthan Royals,Gujarat Titans,"Sawai Mansingh Stadium, Jaipur",Rajasthan Royals,bat,199,0.507537688442211,157.42713567839195,154.4824120603015,5.1708542713567835,8.060656382467334,25,0.72,167.6,158.12,6.08,8.117043121149898,-0.21246231155778894,-10.172864321608046,-3.6375879396985056,-0.9091457286432165,-0.05638673868256383,0
1359523,2023-05-06,2023,Mumbai Indians,Chennai Super Kings,"MA Chidambaram Stadium, Chepauk, Chennai",Chennai Super Kings,field,240,0.5666666666666667,159.6875,152.675,5.595833333333333,7.892730210016155,217,0.5806451612903226,161.69585253456222,152.58986175115209,5.709677419354839,7.926271693596648,-0.013978494623655968,-2.0083525345622206,0.08513824884792598,-0.11384408602150575,-0.03354148358049347,0
1359524,2023-05-06,2023,Royal Challengers Bengaluru,Delhi Capitals,"Arun Jaitley Stadium, Delhi",Royal Challengers Bengaluru,bat,232,0.49137931034482757,157.29741379310346,156.02586206896552,5.400862068965517,8.152396681806238,231,0.4588744588744589,153.93073593073592,154.66666666666666,5.316017316017316,8.05198512564324,0.03250485147036869,3.3666778623675384,1.359195402298866,0.08484475294820104,0.10041155616299768,0
1359525,2023-05-07,2023,Gujarat Titans,Lucknow Super Giants,"Narendra Modi Stadium, Ahmedabad",Lucknow Super Giants,field,26,0.7307692307692307,165.73076923076923,156.53846153846155,6.153846153846154,8.062066688676131,24,0.5833333333333334,170.5,161.58333333333334,6.416666666666667,8.190073917634635,0.14743589743589736,-4.769230769230774,-5.044871794871796,-0.2628205128205128,-0.12800722895850392,1
1359526,2023-05-07,2023,Rajasthan Royals,Sunrisers Hyderabad,"Sawai Mansingh Stadium, Jaipur",Rajasthan Royals,bat,200,0.505,157.23,154.295,5.15,8.062091787860316,161,0.484472049689441,155.77639751552795,153.51552795031057,5.515527950310559,7.950249289658499,0.020527950310558984,1.453602484472043,0.7794720496894172,-0.3655279503105584,0.11184249820181691,0
1359527,2023-05-08,2023,Punjab Kings,Kolkata Knight Riders,"Eden Gardens, Kolkata",Punjab Kings,bat,228,0.4649122807017544,159.5701754385965,157.73684210526315,5.192982456140351,8.305453985604865,233,0.5064377682403434,154.55364806866953,151.6609442060086,5.184549356223176,7.9519183887784575,-0.04152548753858898,5.016527369926962,6.0758978992545565,0.008433099917175113,0.3535355968264078,0
1359528,2023-05-09,2023,Royal Challengers Bengaluru,Mumbai Indians,"Wankhede Stadium, Mumbai",Mumbai Indians,field,233,0.4892703862660944,157.39914163090128,156.13304721030042,5.390557939914163,8.162521970008601,241,0.5643153526970954,159.60165975103735,152.61410788381744,5.589211618257261,7.892421587210757,-0.075044966431001,-2.2025181201360624,3.518939326482979,-0.19865367834309833,0.2701003827978443,0
1359529,2023-05-10,2023,Chennai Super Kings,Delhi Capitals,"MA Chidambaram Stadium, Chepauk, Chennai",Chennai Super Kings,bat,218,0.5825688073394495,161.59633027522935,152.5045871559633,5.720183486238532,7.920428826682549,232,0.46120689655172414,154.07327586206895,154.77155172413794,5.310344827586207,8.056014658041356,0.12136191078772535,7.523054413160395,-2.266964568174643,0.4098386586523244,-0.13558583135880653,1
1359530,2023-05-11,2023,Kolkata Knight Riders,Rajasthan Royals,"Eden Gardens, Kolkata",Rajasthan Royals,field,234,0.5085470085470085,154.67094017094018,151.74786324786325,5.1923076923076925,7.954822088638316,201,0.5024875621890548,157.51243781094527,154.60696517412936,5.154228855721393,8.076583210603829,0.006059446357953746,-2.8414976400050875,-2.8591019262661064,0.0380788365862994,-0.12176112196551259,0
1359531,2023-05-12,2023,Mumbai Indians,Gujarat Titans,"Wankhede Stadium, Mumbai",Gujarat Titans,field,242,0.5661157024793388,159.76859504132233,152.80165289256198,5.590909090909091,7.90100067661408,27,0.7407407407407407,168.0,156.96296296296296,6.185185185185185,8.074944426802158,-0.17462503826140185,-8.231404958677672,-4.161310070400987,-0.5942760942760943,-0.17394375018807828,1
1359532,2023-05-13,2023,Sunrisers Hyderabad,Lucknow Super Giants,"Rajiv Gandhi International Stadium, Uppal, Hyderabad",Sunrisers Hyderabad,bat,162,0.4876543209876543,156.15432098765433,153.85185185185185,5.493827160493828,7.965908485591008,25,0.56,170.52,164.16,6.24,8.316109422492401,-0.07234567901234573,-14.36567901234568,-10.308148148148149,-0.7461728395061726,-0.350200936901393,0
1359533,2023-05-13,2023,Punjab Kings,Delhi Capitals,"Arun Jaitley Stadium, Delhi",Delhi Capitals,field,229,0.462882096069869,159.65502183406113,157.83842794759826,5.187772925764192,8.308877054518984,233,0.4592274678111588,154.0128755364807,154.80257510729615,5.3218884120171674,8.056211145441685,0.003654628258710213,5.642146297580439,3.0358528403021126,-0.1341154862529752,0.25266590907729913,1
1359534,2023-05-14,2023,Royal Challengers Bengaluru,Rajasthan Royals,"Sawai Mansingh Stadium, Jaipur",Royal Challengers Bengaluru,bat,234,0.48717948717948717,157.57692307692307,156.2905982905983,5.384615384615385,8.175254275176037,202,0.504950495049505,157.48019801980197,154.56930693069307,5.1683168316831685,8.0728259932776,-0.017771007870017785,0.09672505712109114,1.7212913599052229,0.21629855293221656,0.10242828189843678,1
1359535,2023-05-14,2023,Chennai Super Kings,Kolkata Knight Riders,"MA Chidambaram Stadium, Chepauk, Chennai",Chennai Super Kings,bat,219,0.5844748858447488,161.62100456621005,152.4200913242009,5.7214611872146115,7.914641375222288,235,0.5063829787234042,154.6468085106383,151.73617021276596,5.170212765957447,7.964708510163056,0.07809190712134462,6.974196055571753,0.6839211114349553,0.5512484212571644,-0.05006713494076731,0
1359536,2023-05-15,2023,Gujarat Titans,Sunrisers Hyderabad,"Narendra Modi Stadium, Ahmedabad",Sunrisers Hyderabad,field,28,0.7142857142857143,168.82142857142858,159.07142857142858,6.142857142857143,8.174977057204037,163,0.48466257668711654,156.31288343558282,154.03680981595093,5.478527607361963,7.975435438615067,0.22962313759859776,12.508545135845765,5.034618755477652,0.6643295354951801,0.19954161858897024,1
1359537,2023-05-16,2023,Lucknow Super Giants,Mumbai Indians,"Bharat Ratna Shri Atal Bihari Vajpayee Ekana Cricket Stadium, Lucknow",Mumbai Indians,field,26,0.5769230769230769,171.07692307692307,164.76923076923077,6.230769230769231,8.342745861733203,243,0.5679012345679012,160.0082304526749,152.94650205761317,5.600823045267489,7.907379170951384,0.009021842355175669,11.068692624248172,11.8227287116176,0.6299461855017414,0.43536669078181855,1
1359538,2023-05-17,2023,Delhi Capitals,Punjab Kings,"Himachal Pradesh Cricket Association Stadium, Dharamsala",Punjab Kings,field,234,0.45726495726495725,153.93589743589743,154.84615384615384,5.3247863247863245,8.057072971871177,230,0.4652173913043478,159.68695652173912,157.7391304347826,5.2,8.301742877846001,-0.007952434039390555,-5.751059085841689,-2.8929765886287555,0.12478632478632434,-0.24466990597482408,1
1359539,2023-05-18,2023,Sunrisers Hyderabad,Royal Challengers Bengaluru,"Rajiv Gandhi International Stadium, Uppal, Hyderabad",Royal Challengers Bengaluru,field,164,0.4817073170731707,156.2987804878049,154.2378048780488,5.4939024390243905,7.984112788679047,235,0.48936170212765956,157.63404255319148,155.87234042553192,5.4,8.169045495093666,-0.007654385054488844,-1.335262065386587,-1.6345355474831251,0.0939024390243901,-0.18493270641461912,0
1359540,2023-05-19,2023,Punjab Kings,Rajasthan Royals,"Himachal Pradesh Cricket Association Stadium, Dharamsala",Rajasthan Royals,field,231,0.46320346320346323,159.85281385281385,157.978354978355,5.186147186147186,8.312440681826809,203,0.5024630541871922,156.99507389162562,154.65024630541873,5.167487684729064,8.075280802537941,-0.03925959098372894,2.85773996118823,3.328108672936253,0.01865950141812167,0.23715987928886761,0
1359541,2023-05-20,2023,Chennai Super Kings,Delhi Capitals,"Arun Jaitley Stadium, Delhi",Chennai Super Kings,bat,220,0.5818181818181818,161.54090909090908,152.3909090909091,5.709090909090909,7.914542020774316,235,0.4595744680851064,154.1872340425532,155.00425531914894,5.327659574468085,8.063904364830462,0.12224371373307541,7.353675048355882,-2.613346228239834,0.38143133462282375,-0.14936234405614623,1
1359542,2023-05-20,2023,Lucknow Super Giants,Kolkata Knight Riders,"Eden Gardens, Kolkata",Kolkata Knight Riders,field,27,0.5925925925925926,171.2962962962963,164.8148148148148,6.185185185185185,8.338538413491568,236,0.5084745762711864,154.614406779661,151.70338983050848,5.173728813559322,7.961307538358906,0.08411801632140614,16.681889516635295,13.111424984306325,1.0114563716258633,0.3772308751326623,1
1359543,2023-05-21,2023,Sunrisers Hyderabad,Mumbai Indians,"Wankhede Stadium, Mumbai",Mumbai Indians,field,165,0.47878787878787876,156.47878787878787,154.42424242424244,5.472727272727273,7.993725490196079,244,0.5655737704918032,160.05737704918033,153.02459016393442,5.590163934426229,7.910313901345291,-0.08678589170392448,-3.578589170392462,1.3996522603080166,-0.11743666169895661,0.08341158885078759,0
1359544,2023-05-21,2023,Royal Challengers Bengaluru,Gujarat Titans,"M Chinnaswamy Stadium, Bengaluru",Gujarat Titans,field,236,0.4915254237288136,157.7584745762712,155.99576271186442,5.398305084745763,8.173845470692717,29,0.7241379310344828,169.48275862068965,158.75862068965517,6.241379310344827,8.151077013868397,-0.23261250730566918,-11.724284044418454,-2.762857977790759,-0.8430742255990644,0.022768456824319827,0
1370350,2023-05-23,2023,Chennai Super Kings,Gujarat Titans,"MA Chidambaram Stadium, Chepauk, Chennai",Gujarat Titans,field,221,0.583710407239819,161.81900452488688,152.34841628959276,5.723981900452489,7.910949248120301,30,0.7333333333333333,170.43333333333334,159.96666666666667,6.2,8.20575662581932,-0.14962292609351424,-8.614328808446459,-7.618250377073906,-0.4760180995475114,-0.2948073776990201,1
1370351,2023-05-24,2023,Mumbai Indians,Lucknow Super Giants,"MA Chidambaram Stadium, Chepauk, Chennai",Mumbai Indians,bat,245,0.5673469387755102,160.22448979591837,153.19591836734693,5.587755102040816,7.918076017017685,28,0.6071428571428571,171.46428571428572,165.03571428571428,6.178571428571429,8.346177001806142,-0.03979591836734686,-11.23979591836735,-11.839795918367344,-0.5908163265306126,-0.4281009847884567,1
1370352,2023-05-26,2023,Gujarat Titans,Mumbai Indians,"Narendra Modi Stadium, Ahmedabad",Mumbai Indians,field,31,0.7096774193548387,170.0,160.2258064516129,6.225806451612903,8.209917355371902,246,0.5691056910569106,160.3130081300813,152.95528455284554,5.59349593495935,7.910371408549404,0.1405717282979282,9.6869918699187,7.270521898767356,0.6323105166535532,0.2995459468224979,1
1370353,2023-05-29,2023,Gujarat Titans,Chennai Super Kings,"Narendra Modi Stadium, Ahmedabad",Chennai Super Kings,field,32,0.71875,171.96875,160.5,6.34375,8.239572192513368,222,0.5855855855855856,161.86486486486487,152.36036036036037,5.738738738738738,7.910196445275959,0.1331644144144144,10.10388513513513,8.139639639639626,0.6050112612612617,0.3293757472374086,0
1422119,2024-03-22,2024,Royal Challengers Bengaluru,Chennai Super Kings,"MA Chidambaram Stadium, Chepauk, Chennai",Royal Challengers Bengaluru,bat,237,0.48945147679324896,157.9240506329114,156.126582278481,5.3924050632911396,8.180551973175135,223,0.5874439461883408,161.90582959641256,152.62780269058297,5.7309417040358746,7.922718808193668,-0.09799246939509187,-3.9817789635011707,3.498779587898042,-0.338536640744735,0.25783316498146647,0
1422120,2024-03-23,2024,Delhi Capitals,Punjab Kings,"Maharaja Yadavindra Singh International Cricket Stadium, Mullanpur",Punjab Kings,field,236,0.4576271186440678,154.15254237288136,155.28813559322035,5.317796610169491,8.077287587701575,232,0.46120689655172414,159.9698275862069,158.10775862068965,5.189655172413793,8.318001436184286,-0.003579777907656345,-5.817285213325533,-2.819623027469305,0.12814143775569864,-0.24071384848271116,0
1422121,2024-03-23,2024,Kolkata Knight Riders,Sunrisers Hyderabad,"Eden Gardens, Kolkata",Sunrisers Hyderabad,field,237,0.5063291139240507,154.70042194092827,151.78481012658227,5.185654008438819,7.963914102280275,166,0.4759036144578313,156.74096385542168,154.6987951807229,5.451807228915663,8.011230697239121,0.030425499466219363,-2.040541914493417,-2.9139850541406247,-0.266153220476844,-0.0473165949588461,1
1422122,2024-03-24,2024,Rajasthan Royals,Lucknow Super Giants,"Sawai Mansingh Stadium, Jaipur",Rajasthan Royals,bat,204,0.5049019607843137,157.15196078431373,154.80882352941177,5.166666666666667,8.081804998720465,29,0.5862068965517241,169.0344827586207,165.27586206896552,6.241379310344827,8.355026147588612,-0.08130493576741038,-11.882521974306968,-10.467038539553755,-1.0747126436781604,-0.2732211488681475,1
1422123,2024-03-24,2024,Gujarat Titans,Mumbai Indians,"Narendra Modi Stadium, Ahmedabad",Mumbai Indians,field,33,0.696969696969697,173.24242424242425,160.78787878787878,6.303030303030303,8.312271540469974,247,0.5668016194331984,160.3562753036437,153.27125506072875,5.578947368421052,7.9256106071179335,0.13016807753649862,12.886148938780536,7.516623727150034,0.7240829346092506,0.3866609333520401,1
1422124,2024-03-25,2024,Punjab Kings,Royal Challengers Bengaluru,"M Chinnaswamy Stadium, Bengaluru",Royal Challengers Bengaluru,field,233,0.463519313304721,160.04291845493563,158.15021459227466,5.197424892703863,8.318371646788819,238,0.48739495798319327,157.98739495798318,156.1764705882353,5.38655462184874,8.183919856152068,-0.023875644678472252,2.0555234969524463,1.9737440040393608,-0.18912972914487725,0.13445179063675106,0
1422125,2024-03-26,2024,Chennai Super Kings,Gujarat Titans,"MA Chidambaram Stadium, Chepauk, Chennai",Gujarat Titans,field,224,0.5892857142857143,161.96875,152.70535714285714,5.727678571428571,7.925393883225208,34,0.7058823529411765,173.08823529411765,160.8235294117647,6.382352941176471,8.305822784810125,-0.11659663865546221,-11.119485294117652,-8.118172268907557,-0.6546743697478998,-0.38042890158491716,1
1422126,2024-03-27,2024,Sunrisers Hyderabad,Mumbai Indians,"Rajiv Gandhi International Stadium, Uppal, Hyderabad",Mumbai Indians,field,167,0.47305389221556887,157.0239520958084,155.01796407185628,5.455089820359281,8.026042474035034,248,0.5645161290322581,160.36290322580646,153.31451612903226,5.580645161290323,7.92675469075747,-0.09146223681668925,-3.3389511299980654,1.7034479428240275,-0.12555534093104193,0.09928778327756405,1
1422127,2024-03-28,2024,Rajasthan Royals,Delhi Capitals,"Sawai Mansingh Stadium, Jaipur",Delhi Capitals,field,205,0.5073170731707317,157.32682926829267,154.87317073170732,5.170731707317073,8.083425273699397,237,0.45569620253164556,154.23628691983123,155.37130801687763,5.3164556962025316,8.081422144189618,0.05162087063908616,3.0905423484614403,-0.49813728517031564,-0.14572398888545823,0.0020031295097791,1
1422128,2024-03-29,2024,Royal Challengers Bengaluru,Kolkata Knight Riders,"M Chinnaswamy Stadium, Bengaluru",Kolkata Knight Riders,field,239,0.4895397489539749,158.07112970711296,156.2510460251046,5.389121338912134,8.186182455883966,238,0.5084033613445378,154.92436974789916,152.0,5.19327731092437,7.973550804496363,-0.01886361239056289,3.146759959213796,4.251046025104614,0.19584402798776424,0.21263165138760254,0
1422129,2024-03-30,2024,Lucknow Super Giants,Punjab Kings,"Bharat Ratna Shri Atal Bihari Vajpayee Ekana Cricket Stadium, Lucknow",Lucknow Super Giants,bat,30,0.5666666666666667,169.16666666666666,166.16666666666666,6.166666666666667,8.396967995508142,234,0.46153846153846156,160.11111111111111,158.18803418803418,5.200854700854701,8.31976025472935,0.10512820512820509,9.055555555555543,7.978632478632477,0.9658119658119659,0.07720774077879256,1
1422130,2024-03-31,2024,Sunrisers Hyderabad,Gujarat Titans,"Narendra Modi Stadium, Ahmedabad",Sunrisers Hyderabad,bat,168,0.47619047619047616,157.73809523809524,155.5297619047619,5.4523809523809526,8.0508396240949,35,0.6857142857142857,172.22857142857143,162.0857142857143,6.3428571428571425,8.363144963144963,-0.20952380952380956,-14.490476190476187,-6.555952380952391,-0.89047619047619,-0.31230533905006297,0
1422131,2024-03-31,2024,Delhi Capitals,Chennai Super Kings,"Dr. Y.S. Rajasekhara Reddy ACA-VDCA Cricket Stadium, Visakhapatnam",Delhi Capitals,bat,238,0.453781512605042,154.31512605042016,155.48739495798318,5.315126050420168,8.086091991696712,225,0.5911111111111111,162.16444444444446,152.65333333333334,5.737777777777778,7.921356088560886,-0.13732959850606913,-7.849318394024294,2.8340616246498485,-0.4226517273576098,0.16473590313582598,1
1422132,2024-04-01,2024,Mumbai Indians,Rajasthan Royals,"Wankhede Stadium, Mumbai",Rajasthan Royals,field,249,0.5622489959839357,160.70682730923696,153.79116465863453,5.570281124497992,7.9503114186851205,206,0.5097087378640777,157.46116504854368,154.95631067961165,5.169902912621359,8.086042387908469,0.052540258119858074,3.2456622606932797,-1.1651460209771187,0.4003782118766326,-0.13573096922334837,0
1422133,2024-04-02,2024,Lucknow Super Giants,Royal Challengers Bengaluru,"M Chinnaswamy Stadium, Bengaluru",Royal Challengers Bengaluru,field,31,0.5806451612903226,170.1290322580645,166.48387096774192,6.129032258064516,8.410103204780011,240,0.4875,158.17083333333332,156.34583333333333,5.379166666666666,8.19518054746651,0.09314516129032263,11.958198924731192,10.13803763440859,0.7498655913978496,0.21492265731350102,1
1422134,2024-04-03,2024,Kolkata Knight Riders,Delhi Capitals,"Dr. Y.S. Rajasekhara Reddy ACA-VDCA Cricket Stadium, Visakhapatnam",Kolkata Knight Riders,bat,239,0.5104602510460251,155.05439330543933,152.1213389121339,5.192468619246862,7.978275181040158,239,0.4560669456066946,154.46861924686192,155.53556485355648,5.317991631799163,8.087240291526161,0.05439330543933052,0.5857740585774138,-3.414225941422586,-0.1255230125523017,-0.10896511048600299,1
1422135,2024-04-04,2024,Gujarat Titans,Punjab Kings,"Narendra Modi Stadium, Ahmedabad",Punjab Kings,field,36,0.6944444444444444,172.11111111111111,162.02777777777777,6.361111111111111,8.352744630071598,235,0.4595744680851064,160.1872340425532,158.3531914893617,5.208510638297873,8.326608241655789,0.23486997635933804,11.923877068557914,3.674586288416066,1.152600472813238,0.02613638841580901,0
1422136,2024-04-05,2024,Chennai Super Kings,Sunrisers Hyderabad,"Rajiv Gandhi International Stadium, Uppal, Hyderabad",Sunrisers Hyderabad,field,226,0.588495575221239,162.20353982300884,152.80088495575222,5.734513274336283,7.927382637640126,169,0.47337278106508873,157.76331360946745,155.60355029585799,5.437869822485207,8.055033694098428,0.11512279415615023,4.4402262135413935,-2.8026653401057615,0.2966434518510761,-0.12765105645830221,0
1422137,2024-04-06,2024,Royal Challengers Bengaluru,Rajasthan Royals,"Sawai Mansingh Stadium, Jaipur",Rajasthan Royals,field,241,0.4854771784232365,158.149377593361,156.448132780083,5.377593360995851,8.19889823137141,207,0.5120772946859904,157.31400966183574,154.79710144927537,5.188405797101449,8.07603125262539,-0.02660011626275388,0.8353679315252691,1.6510313308076263,0.18918756389440183,0.12286697874602126,0
1422138,2024-04-07,2024,Mumbai Indians,Delhi Capitals,"Wankhede Stadium, Mumbai",Delhi Capitals,field,250,0.56,160.564,153.668,5.564,7.950263856793018,240,0.45416666666666666,154.51666666666668,155.99583333333334,5.325,8.109823459330661,0.10583333333333339,6.047333333333313,-2.3278333333333308,0.23899999999999988,-0.15955960253764268,1
1422139,2024-04-07,2024,Lucknow Super Giants,Gujarat Titans,"Bharat Ratna Shri Atal Bihari Vajpayee Ekana Cricket Stadium, Lucknow",Lucknow Super Giants,bat,32,0.59375,170.46875,165.96875,6.1875,8.385789473684211,37,0.6756756756756757,172.83783783783784,162.83783783783784,6.378378378378378,8.389417498259457,-0.08192567567567566,-2.3690878378378386,3.1309121621621614,-0.19087837837837807,-0.003628024575245803,1
1426260,2024-04-08,2024,Kolkata Knight Riders,Chennai Super Kings,"MA Chidambaram Stadium, Chepauk, Chennai",Chennai Super Kings,field,240,0.5125,155.54166666666666,152.13333333333333,5.2125,7.981637337413925,227,0.5859030837004405,162.215859030837,152.84140969162996,5.726872246696035,7.93149432294445,-0.07340308370044057,-6.674192364170352,-0.708076358296637,-0.514372246696035,0.050143014469475666,0
1426261,2024-04-09,2024,Sunrisers Hyderabad,Punjab Kings,"Maharaja Yadavindra Singh International Cricket Stadium, Mullanpur",Punjab Kings,field,170,0.4764705882352941,157.81176470588235,155.6529411764706,5.435294117647059,8.055916379135377,236,0.461864406779661,160.35593220338984,158.50423728813558,5.203389830508475,8.332726935214405,0.014606181455633083,-2.5441674975074875,-2.8512961116649933,0.23190428713858413,-0.2768105560790275,1
1426262,2024-04-10,2024,Rajasthan Royals,Gujarat Titans,"Sawai Mansingh Stadium, Jaipur",Gujarat Titans,field,208,0.5144230769230769,157.46634615384616,154.92307692307693,5.177884615384615,8.08091615815431,38,0.6578947368421053,171.71052631578948,162.73684210526315,6.342105263157895,8.377511853691578,-0.14347165991902844,-14.24418016194332,-7.813765182186216,-1.1642206477732797,-0.2965956955372686,0
1426263,2024-04-11,2024,Royal Challengers Bengaluru,Mumbai Indians,"Wankhede Stadium, Mumbai",Mumbai Indians,field,242,0.4834710743801653,158.2520661157025,156.58264462809916,5.371900826446281,8.205796369148592,251,0.5617529880478087,160.85657370517927,153.86852589641435,5.569721115537849,7.959536976608388,-0.07828191366764342,-2.604507589476782,2.714118731684806,-0.19782028909156768,0.24625939254020413,0
1426264,2024-04-12,2024,Lucknow Super Giants,Delhi Capitals,"Bharat Ratna Shri Atal Bihari Vajpayee Ekana Cricket Stadium, Lucknow",Lucknow Super Giants,bat,33,0.6060606060606061,170.24242424242425,164.78787878787878,6.303030303030303,8.33622892181911,241,0.45228215767634855,154.72614107883817,156.31950207468878,5.323651452282157,8.125310039900787,0.15377844838425753,15.516283163586081,8.468376713189997,0.9793788507481453,0.21091888191832275,0
1426265,2024-04-13,2024,Punjab Kings,Rajasthan Royals,"Maharaja Yadavindra Singh International Cricket Stadium, Mullanpur",Rajasthan Royals,field,237,0.459915611814346,160.43881856540085,158.59493670886076,5.219409282700422,8.33568656440584,209,0.5119617224880383,157.65071770334927,155.1196172248804,5.181818181818182,8.089495134325876,-0.0520461106736923,2.7881008620515786,3.475319483980371,0.03759110088224027,0.24619143007996414,0
1426266,2024-04-14,2024,Lucknow Super Giants,Kolkata Knight Riders,"Eden Gardens, Kolkata",Kolkata Knight Riders,field,34,0.5882352941176471,170.14705882352942,164.91176470588235,6.235294117647059,8.36241610738255,241,0.5103734439834025,155.46473029045643,152.07883817427387,5.203319502074689,7.981199869342721,0.07786185013424463,14.68232853307299,12.832926531608479,1.03197461557237,0.38121623803982985,0
1426267,2024-04-14,2024,Chennai Super Kings,Mumbai Indians,"Wankhede Stadium, Mumbai",Mumbai Indians,field,228,0.5877192982456141,162.12280701754386,152.75,5.741228070175438,7.92543427141015,252,0.5634920634920635,161.0079365079365,154.02777777777777,5.579365079365079,7.966681490096808,0.024227234753550597,1.114870509607357,-1.2777777777777715,0.16186299081035926,-0.04124721868665837,1
1426268,2024-04-15,2024,Sunrisers Hyderabad,Royal Challengers Bengaluru,"M Chinnaswamy Stadium, Bengaluru",Royal Challengers Bengaluru,field,171,0.47953216374269003,157.953216374269,155.78947368421052,5.43859649122807,8.061327415775672,243,0.48148148148148145,158.40740740740742,156.75720164609052,5.362139917695473,8.221294964028777,-0.001949317738791423,-0.45419103313841447,-0.9677279618800014,0.07645657353259683,-0.1599675482531051,1
1426269,2024-04-16,2024,Kolkata Knight Riders,Rajasthan Royals,"Eden Gardens, Kolkata",Rajasthan Royals,field,242,0.512396694214876,155.4917355371901,152.11157024793388,5.210743801652892,7.981281393415965,210,0.5142857142857142,157.6238095238095,155.07142857142858,5.190476190476191,8.08532649176529,-0.0018890200708382432,-2.1320739866194174,-2.9598583234947,0.020267611176701728,-0.1040450983493253,0
1426270,2024-04-17,2024,Gujarat Titans,Delhi Capitals,"Narendra Modi Stadium, Ahmedabad",Delhi Capitals,field,39,0.6666666666666666,172.4102564102564,163.5897435897436,6.256410256410256,8.415036271708068,242,0.45454545454545453,154.78925619834712,156.3512396694215,5.330578512396694,8.125630838612691,0.2121212121212121,17.62100021190929,7.238503920322103,0.9258317440135624,0.2894054330953768,0
1426271,2024-04-18,2024,Mumbai Indians,Punjab Kings,"Maharaja Yadavindra Singh International Cricket Stadium, Mullanpur",Punjab Kings,field,253,0.5612648221343873,161.10671936758894,154.22134387351778,5.573122529644269,7.975607263312097,238,0.4579831932773109,160.38235294117646,158.5672268907563,5.226890756302521,8.332744535217488,0.10328162885707642,0.7243664264124732,-4.3458830172385206,0.3462317733417475,-0.35713727190539135,1
1426272,2024-04-19,2024,Chennai Super Kings,Lucknow Super Giants,"Bharat Ratna Shri Atal Bihari Vajpayee Ekana Cricket Stadium, Lucknow",Lucknow Super Giants,field,229,0.5895196506550219,162.31441048034935,152.88646288209608,5.74235807860262,7.931208940572378,35,0.5714285714285714,169.88571428571427,164.65714285714284,6.114285714285714,8.398834102501823,0.01809107922645048,-7.57130380536492,-11.770679975046761,-0.37192763568309406,-0.4676251619294449,0
1426273,2024-04-20,2024,Sunrisers Hyderabad,Delhi Capitals,"Arun Jaitley Stadium, Delhi",Delhi Capitals,field,172,0.48255813953488375,158.70348837209303,156.40116279069767,5.441860465116279,8.091337477441348,243,0.4567901234567901,154.53086419753086,156.05349794238683,5.345679012345679,8.113179289687634,0.025768016078093647,4.1726241745621735,0.347664848310842,0.0961814527706002,-0.02184181224628645,1
1426274,2024-04-21,2024,Kolkata Knight Riders,Royal Challengers Bengaluru,"Eden Gardens, Kolkata",Royal Challengers Bengaluru,field,243,0.5102880658436214,155.76954732510288,152.40329218106996,5.2181069958847734,7.994962760407296,244,0.47950819672131145,158.83196721311475,157.2827868852459,5.352459016393443,8.247206303724928,0.030779869122309955,-3.062419888011874,-4.879494704175954,-0.13435202050866923,-0.25224354331763177,1
1426275,2024-04-21,2024,Punjab Kings,Gujarat Titans,"Maharaja Yadavindra Singh International Cricket Stadium, Mullanpur",Punjab Kings,bat,239,0.4560669456066946,160.47698744769875,158.68200836820083,5.2301255230125525,8.33699714222906,40,0.65,170.325,161.7,6.2,8.432855280312907,-0.19393305439330544,-9.848012552301242,-3.0179916317991626,-0.9698744769874477,-0.09585813808384636,0
1426276,2024-04-22,2024,Mumbai Indians,Rajasthan Royals,"Sawai Mansingh Stadium, Jaipur",Mumbai Indians,bat,254,0.562992125984252,161.22834645669292,154.31496062992127,5.586614173228346,7.980724854079002,211,0.5165876777251185,157.9383886255924,155.35545023696682,5.194312796208531,8.098492958906366,0.04640444825913348,3.2899578311005087,-1.0404896070455436,0.39230137701981516,-0.11776810482736444,0
1426277,2024-04-23,2024,Chennai Super Kings,Lucknow Super Giants,"MA Chidambaram Stadium, Chepauk, Chennai",Lucknow Super Giants,field,230,0.5869565217391305,162.37391304347827,152.9913043478261,5.726086956521739,7.937142857142858,36,0.5833333333333334,170.16666666666666,164.94444444444446,6.111111111111111,8.408779797026199,0.0036231884057971175,-7.792753623188389,-11.95314009661837,-0.385024154589372,-0.4716369398833411,0
1426278,2024-04-24,2024,Delhi Capitals,Gujarat Titans,"Arun Jaitley Stadium, Delhi",Gujarat Titans,field,244,0.45491803278688525,154.71311475409837,156.49590163934425,5.348360655737705,8.134853003834683,41,0.6585365853658537,169.73170731707316,161.1951219512195,6.2682926829268295,8.397712833545109,-0.20361855257896844,-15.018592562974789,-4.699220311875251,-0.9199320271891249,-0.26285982971042543,1
1426279,2024-04-25,2024,Royal Challengers Bengaluru,Sunrisers Hyderabad,"Rajiv Gandhi International Stadium, Uppal, Hyderabad",Royal Challengers Bengaluru,bat,245,0.4775510204081633,159.0857142857143,157.49795918367346,5.355102040816327,8.256552904675297,173,0.48554913294797686,159.32369942196533,156.64161849710982,5.468208092485549,8.104171858645268,-0.007998112539813584,-0.23798513625104079,0.8563406865636409,-0.11310605166922194,0.15238104603002967,1
1426280,2024-04-26,2024,Kolkata Knight Riders,Punjab Kings,"Eden Gardens, Kolkata",Punjab Kings,field,244,0.5122950819672131,156.04098360655738,152.6639344262295,5.233606557377049,8.007021817790992,240,0.45416666666666666,160.4,158.62083333333334,5.2375,8.333540078076544,0.05812841530054641,-4.35901639344263,-5.9568989071038345,-0.003893442622950438,-0.3265182602855514,0
1426281,2024-04-27,2024,Delhi Capitals,Mumbai Indians,"Arun Jaitley Stadium, Delhi",Mumbai Indians,field,245,0.45714285714285713,154.99591836734695,156.73877551020408,5.359183673469388,8.146160373355961,255,0.5607843137254902,161.2980392156863,154.42352941176472,5.568627450980392,7.987423935091278,-0.10364145658263307,-6.302120848339342,2.31524609843936,-0.2094437775110043,0.15873643826468342,1
1426282,2024-04-27,2024,Lucknow Super Giants,Rajasthan Royals,"Bharat Ratna Shri Atal Bihari Vajpayee Ekana Cricket Stadium, Lucknow",Rajasthan Royals,field,37,0.5945945945945946,171.32432432432432,166.1081081081081,6.027027027027027,8.46362175809043,212,0.5188679245283019,158.0566037735849,155.46226415094338,5.212264150943396,8.102433827747275,0.07572667006629274,13.267720550739426,10.645843957164715,0.8147628760836314,0.36118793034315466,0
1426283,2024-04-28,2024,Gujarat Titans,Royal Challengers Bengaluru,"Narendra Modi Stadium, Ahmedabad",Royal Challengers Bengaluru,field,42,0.6428571428571429,170.92857142857142,162.64285714285714,6.214285714285714,8.464684014869889,246,0.4796747967479675,159.27642276422765,157.5487804878049,5.365853658536586,8.257590284435922,0.16318234610917542,11.65214866434377,5.094076655052248,0.8484320557491287,0.20709373043396617,0
1426284,2024-04-28,2024,Chennai Super Kings,Sunrisers Hyderabad,"MA Chidambaram Stadium, Chepauk, Chennai",Sunrisers Hyderabad,field,231,0.5844155844155844,162.58008658008657,153.23809523809524,5.7186147186147185,7.949545233372011,174,0.4827586206896552,159.39080459770116,156.91379310344828,5.477011494252873,8.116632809790417,0.1016569637259292,3.1892819823854097,-3.675697865353044,0.24160322436184511,-0.16708757641840588,1
1426285,2024-04-29,2024,Delhi Capitals,Kolkata Knight Riders,"Eden Gardens, Kolkata",Delhi Capitals,bat,246,0.45934959349593496,155.41056910569105,157.08943089430895,5.369918699186992,8.163075623151668,245,0.5102040816326531,156.46938775510205,153.10204081632654,5.216326530612245,8.030686886708297,-0.05085448813671811,-1.0588186494109948,3.987390077982411,0.15359216857474678,0.1323887364433709,0
1426286,2024-04-30,2024,Mumbai Indians,Lucknow Super Giants,"Bharat Ratna Shri Atal Bihari Vajpayee Ekana Cricket Stadium, Lucknow",Lucknow Super Giants,field,256,0.55859375,161.6328125,154.8203125,5.5625,8.006868686868687,38,0.5789473684210527,171.97368421052633,166.92105263157896,5.947368421052632,8.512189666741222,-0.020353618421052655,-10.34087171052633,-12.10074013157896,-0.38486842105263186,-0.5053209798725344,0
1426287,2024-05-01,2024,Chennai Super Kings,Punjab Kings,"MA Chidambaram Stadium, Chepauk, Chennai",Punjab Kings,field,232,0.5862068965517241,162.79310344827587,153.1551724137931,5.737068965517241,7.946030562802832,241,0.45643153526970953,160.82157676348547,159.03734439834025,5.236514522821577,8.353663409495441,0.12977536128201456,1.9715266847904047,-5.882171984547142,0.5005544426956643,-0.4076328466926089,0
1426288,2024-05-02,2024,Sunrisers Hyderabad,Rajasthan Royals,"Rajiv Gandhi International Stadium, Uppal, Hyderabad",Sunrisers Hyderabad,bat,175,0.48,159.24571428571429,157.21142857142857,5.462857142857143,8.130424075259814,213,0.5211267605633803,158.2488262910798,155.6431924882629,5.211267605633803,8.110250346570986,-0.04112676056338027,0.9968879946344771,1.568236083165658,0.25158953722333965,0.020173728688828163,1
1426289,2024-05-03,2024,Kolkata Knight Riders,Mumbai Indians,"Wankhede Stadium, Mumbai",Mumbai Indians,field,246,0.5121951219512195,156.47154471544715,153.08943089430895,5.2317073170731705,8.028424231657489,257,0.556420233463035,161.56420233463035,154.76653696498053,5.560311284046692,8.004091762811914,-0.04422511151181552,-5.0926576191832,-1.6771060706715843,-0.3286039669735219,0.02433246884557505,1
1426290,2024-05-04,2024,Gujarat Titans,Royal Challengers Bengaluru,"M Chinnaswamy Stadium, Bengaluru",Royal Challengers Bengaluru,field,43,0.627906976744186,171.6046511627907,163.46511627906978,6.093023255813954,8.540704738760631,247,0.4817813765182186,159.4655870445344,157.7165991902834,5.3562753036437245,8.264771401294155,0.14612560022596743,12.1390641182563,5.748517088786372,0.7367479521702291,0.2759333374664763,0
1426291,2024-05-05,2024,Chennai Super Kings,Punjab Kings,"Himachal Pradesh Cricket Association Stadium, Dharamsala",Punjab Kings,field,233,0.5836909871244635,162.78969957081546,153.1931330472103,5.725321888412017,7.950551286334782,242,0.45867768595041325,160.8305785123967,159.02892561983472,5.239669421487603,8.351477449455675,0.1250133011740503,1.9591210584187593,-5.8357925726244275,0.4856524669244138,-0.4009261631208938,1
1426292,2024-05-05,2024,Kolkata Knight Riders,Lucknow Super Giants,"Bharat Ratna Shri Atal Bihari Vajpayee Ekana Cricket Stadium, Lucknow",Lucknow Super Giants,field,247,0.5141700404858299,156.52226720647772,153.04453441295547,5.251012145748988,8.02647038006936,39,0.5897435897435898,171.28205128205127,166.28205128205127,5.948717948717949,8.475277717272926,-0.07557354925775983,-14.759784075573549,-13.2375168690958,-0.6977058029689607,-0.448807337203565,1
1426293,2024-05-06,2024,Sunrisers Hyderabad,Mumbai Indians,"Wankhede Stadium, Mumbai",Mumbai Indians,field,176,0.48295454545454547,159.48295454545453,157.45454545454547,5.471590909090909,8.14140919551486,258,0.5542635658914729,161.5,154.81782945736435,5.573643410852713,8.005946216803073,-0.07130902043692738,-2.0170454545454675,2.6367159971811134,-0.10205250176180414,0.13546297871178758,0
1426294,2024-05-07,2024,Delhi Capitals,Rajasthan Royals,"Arun Jaitley Stadium, Delhi",Rajasthan Royals,field,247,0.4574898785425101,155.40080971659918,157.07692307692307,5.3603238866396765,8.166853774908784,214,0.5186915887850467,158.44392523364485,155.8551401869159,5.200934579439252,8.119694879493629,-0.06120171024253662,-3.0431155170456634,1.2217828900071765,0.1593893072004242,0.047158895415154944,1
1426295,2024-05-08,2024,Lucknow Super Giants,Sunrisers Hyderabad,"Rajiv Gandhi International Stadium, Uppal, Hyderabad",Lucknow Super Giants,bat,40,0.575,170.425,168.0,5.95,8.558692421991084,177,0.480225988700565,159.5593220338983,157.4689265536723,5.4576271186440675,8.14692843571881,0.09477401129943497,10.865677966101714,10.531073446327696,0.4923728813559327,0.41176398627227506,0
1426296,2024-05-09,2024,Royal Challengers Bengaluru,Punjab Kings,"Himachal Pradesh Cricket Association Stadium, Dharamsala",Punjab Kings,field,248,0.4838709677419355,159.43548387096774,157.66129032258064,5.366935483870968,8.261145151066977,243,0.4567901234567901,160.74074074074073,159.0576131687243,5.255144032921811,8.351254996578918,0.0270808442851454,-1.3052568697729896,-1.3963228461436472,0.11179145094915732,-0.09010984551194134,1
1426297,2024-05-10,2024,Gujarat Titans,Chennai Super Kings,"Narendra Modi Stadium, Ahmedabad",Chennai Super Kings,field,44,0.6136363636363636,171.04545454545453,163.1818181818182,6.090909090909091,8.58167330677291,234,0.5854700854700855,162.80769230769232,153.11111111111111,5.739316239316239,7.945004989466682,0.028166278166278147,8.237762237762212,10.070707070707073,0.3515928515928515,0.6366683173062277,1
1426298,2024-05-11,2024,Kolkata Knight Riders,Mumbai Indians,"Eden Gardens, Kolkata",Mumbai Indians,field,248,0.5161290322580645,156.83870967741936,152.9758064516129,5.270161290322581,8.027790513137013,259,0.555984555984556,161.54826254826256,154.8803088803089,5.583011583011583,8.008118449509233,-0.03985552372649148,-4.709552870843197,-1.9045024286959915,-0.312850292689002,0.01967206362778029,1
1426299,2024-05-12,2024,Rajasthan Royals,Chennai Super Kings,"MA Chidambaram Stadium, Chepauk, Chennai",Rajasthan Royals,bat,215,0.5162790697674419,158.64186046511628,156.15813953488373,5.2046511627906975,8.133893240733263,235,0.5829787234042553,162.94893617021276,153.43829787234043,5.723404255319149,7.960702064245502,-0.0666996536368134,-4.30707570509648,2.7198416625433026,-0.5187530925284518,0.1731911764877614,0
1426300,2024-05-12,2024,Royal Challengers Bengaluru,Delhi Capitals,"M Chinnaswamy Stadium, Bengaluru",Delhi Capitals,field,249,0.4859437751004016,159.76305220883535,157.74698795180723,5.381526104417671,8.269263157894736,248,0.4596774193548387,155.66532258064515,157.23790322580646,5.370967741935484,8.173910005589715,0.026266355745562908,4.097729628190194,0.5090847260007649,0.010558362482187,0.09535315230502128,1
1426302,2024-05-14,2024,Delhi Capitals,Lucknow Super Giants,"Arun Jaitley Stadium, Delhi",Lucknow Super Giants,field,249,0.4578313253012048,155.6024096385542,157.3453815261044,5.377510040160643,8.17819370999165,41,0.5609756097560976,170.29268292682926,167.9512195121951,5.804878048780488,8.66345145732858,-0.10314428445489282,-14.690273288275051,-10.605837986090705,-0.4273680086198448,-0.48525774733693083,1
1426303,2024-05-15,2024,Rajasthan Royals,Punjab Kings,"Barsapara Cricket Stadium, Guwahati",Rajasthan Royals,bat,216,0.5138888888888888,158.5601851851852,156.10185185185185,5.199074074074074,8.13265798359865,244,0.45491803278688525,160.8237704918033,159.38934426229508,5.262295081967213,8.366954713327834,0.05897085610200359,-2.263585306618097,-3.2874924104432353,-0.063221007893139,-0.23429672972918425,0
1426305,2024-05-17,2024,Lucknow Super Giants,Mumbai Indians,"Wankhede Stadium, Mumbai",Mumbai Indians,field,42,0.5476190476190477,170.73809523809524,168.9047619047619,5.761904761904762,8.706074861934956,260,0.5538461538461539,161.46153846153845,154.87692307692308,5.584615384615384,8.013266558323107,-0.006227106227106205,9.276556776556788,14.02783882783882,0.17728937728937755,0.6928083036118498,1
1426306,2024-05-18,2024,Royal Challengers Bengaluru,Chennai Super Kings,"M Chinnaswamy Stadium, Bengaluru",Chennai Super Kings,field,250,0.488,159.872,157.672,5.392,8.265175607199021,236,0.5847457627118644,162.8728813559322,153.38135593220338,5.720338983050848,7.956478733926805,-0.09674576271186441,-3.0008813559321936,4.29064406779662,-0.3283389830508474,0.30869687327221573,1
1426307,2024-05-19,2024,Punjab Kings,Sunrisers Hyderabad,"Rajiv Gandhi International Stadium, Uppal, Hyderabad",Punjab Kings,bat,245,0.45714285714285713,160.75918367346938,159.32244897959183,5.273469387755102,8.36174086900639,178,0.48314606741573035,159.6011235955056,157.5056179775281,5.443820224719101,8.147236886714778,-0.026003210272873223,1.1580600779637678,1.8168310020637364,-0.17035083696399855,0.21450398229161216,0
1426309,2024-05-21,2024,Sunrisers Hyderabad,Kolkata Knight Riders,"Narendra Modi Stadium, Ahmedabad",Sunrisers Hyderabad,bat,179,0.4860335195530726,159.91061452513966,157.79329608938548,5.435754189944134,8.160543169451534,249,0.5180722891566265,156.8393574297189,152.89156626506025,5.27710843373494,8.028258118937158,-0.032038769603553896,3.0712570954207763,4.90172982432523,0.15864575620919474,0.13228505051437622,0
1426310,2024-05-22,2024,Royal Challengers Bengaluru,Rajasthan Royals,"Narendra Modi Stadium, Ahmedabad",Rajasthan Royals,field,251,0.4900398406374502,160.10358565737053,157.78486055776892,5.394422310756972,8.269497128936836,217,0.511520737327189,158.49308755760367,156.05069124423963,5.1981566820276495,8.130697506903038,-0.021480896689738738,1.6104980997668576,1.7341693135292928,0.1962656287293223,0.13879962203379748,0
1426311,2024-05-24,2024,Sunrisers Hyderabad,Rajasthan Royals,"MA Chidambaram Stadium, Chepauk, Chennai",Rajasthan Royals,field,180,0.48333333333333334,159.90555555555557,157.77777777777777,5.416666666666667,8.173053863494651,218,0.5137614678899083,158.56422018348624,156.11467889908258,5.2110091743119265,8.13246246365845,-0.03042813455657495,1.3413353720693237,1.6630988786951946,0.2056574923547405,0.04059139983620064,1
1426312,2024-05-26,2024,Sunrisers Hyderabad,Kolkata Knight Riders,"MA Chidambaram Stadium, Chepauk, Chennai",Sunrisers Hyderabad,bat,181,0.4861878453038674,159.9889502762431,157.6685082872928,5.425414364640884,8.165768515427535,250,0.52,156.868,152.916,5.292,8.02877244565788,-0.033812154696132635,3.120950276243093,4.752508287292812,0.13341436464088385,0.13699606976965484,0
1473438,2025-03-22,2025,Kolkata Knight Riders,Royal Challengers Bengaluru,"Eden Gardens, Kolkata",Royal Challengers Bengaluru,field,251,0.5219123505976095,156.69721115537848,152.72908366533864,5.3107569721115535,8.019874476987448,252,0.4880952380952381,160.15079365079364,157.8452380952381,5.392857142857143,8.272799750424625,0.03381711250237146,-3.453582495415162,-5.116154429899467,-0.08210017074558973,-0.2529252734371763,0
1473439,2025-03-23,2025,Sunrisers Hyderabad,Rajasthan Royals,"Rajiv Gandhi International Stadium, Uppal, Hyderabad",Rajasthan Royals,field,182,0.4835164835164835,159.73076923076923,157.3956043956044,5.406593406593407,8.172118676302777,219,0.5114155251141552,158.47488584474885,156.19634703196348,5.223744292237443,8.13516191684173,-0.027899041597671703,1.255883386020372,1.1992573636409247,0.18284911435596385,0.03695675946104693,1
1473440,2025-03-23,2025,Mumbai Indians,Chennai Super Kings,"MA Chidambaram Stadium, Chepauk, Chennai",Chennai Super Kings,field,261,0.5517241379310345,161.59386973180077,155.10344827586206,5.586206896551724,8.023917280565557,237,0.5822784810126582,162.9915611814346,153.64978902953587,5.713080168776371,7.969143232301127,-0.030554343081623747,-1.3976914496338395,1.4536592463261968,-0.12687327222464706,0.054774048264430775,0
1473441,2025-03-24,2025,Lucknow Super Giants,Delhi Capitals,"Dr. Y.S. Rajasekhara Reddy ACA-VDCA Cricket Stadium, Visakhapatnam",Delhi Capitals,field,43,0.5581395348837209,171.74418604651163,169.53488372093022,5.767441860465116,8.732281892593331,250,0.46,155.812,157.468,5.388,8.183273281596453,0.0981395348837209,15.932186046511617,12.066883720930235,0.37944186046511597,0.5490086109968786,0
1473442,2025-03-25,2025,Punjab Kings,Gujarat Titans,"Narendra Modi Stadium, Ahmedabad",Gujarat Titans,field,246,0.45528455284552843,160.97560975609755,159.52439024390245,5.276422764227642,8.37213767600626,45,0.6222222222222222,172.37777777777777,163.84444444444443,6.111111111111111,8.606614785992218,-0.1669376693766938,-11.402168021680211,-4.320054200541989,-0.8346883468834685,-0.23447710998595817,1
1473443,2025-03-26,2025,Rajasthan Royals,Kolkata Knight Riders,"Barsapara Cricket Stadium, Guwahati",Kolkata Knight Riders,field,220,0.509090909090909,158.85454545454544,156.7590909090909,5.2272727272727275,8.162603550295858,252,0.5198412698412699,156.765873015873,152.81746031746033,5.301587301587301,8.029049968726111,-0.010750360750360843,2.0886724386724325,3.9416305916305703,-0.07431457431457389,0.13355358156974617,0
1473444,2025-03-27,2025,Sunrisers Hyderabad,Lucknow Super Giants,"Rajiv Gandhi International Stadium, Uppal, Hyderabad",Lucknow Super Giants,field,183,0.48633879781420764,160.4207650273224,157.8360655737705,5.409836065573771,8.193267776096823,44,0.5454545454545454,172.5909090909091,170.47727272727272,5.818181818181818,8.7799453765119,-0.05911574764033778,-12.17014406358669,-12.641207153502222,-0.4083457526080476,-0.5866776004150775,0
1473445,2025-03-28,2025,Royal Challengers Bengaluru,Chennai Super Kings,"MA Chidambaram Stadium, Chepauk, Chennai",Chennai Super Kings,field,253,0.4901185770750988,160.2173913043478,157.901185770751,5.403162055335969,8.274155131347301,238,0.5840336134453782,162.97058823529412,153.6344537815126,5.726890756302521,7.967098812506809,-0.09391503637027937,-2.7531969309463022,4.266731989238394,-0.3237287009665524,0.307056318840492,1
1473446,2025-03-29,2025,Gujarat Titans,Mumbai Indians,"Narendra Modi Stadium, Ahmedabad",Mumbai Indians,field,46,0.6086956521739131,173.67391304347825,165.3913043478261,6.086956521739131,8.678326996197718,262,0.549618320610687,161.56870229007635,155.1145038167939,5.583969465648855,8.02474823932074,0.05907733156322603,12.105210753401906,10.276800531032194,0.5029870560902756,0.6535787568769784,1
1473447,2025-03-30,2025,Sunrisers Hyderabad,Delhi Capitals,"Dr. Y.S. Rajasekhara Reddy ACA-VDCA Cricket Stadium, Visakhapatnam",Sunrisers Hyderabad,bat,184,0.483695652173913,160.58152173913044,158.02173913043478,5.407608695652174,8.210080474375264,251,0.46215139442231074,156.03187250996015,157.66533864541833,5.394422310756972,8.192243996687827,0.02154425775160229,4.549649229170285,0.35640048501645083,0.013186384895202075,0.017836477687437124,0
1473448,2025-03-30,2025,Rajasthan Royals,Chennai Super Kings,"Barsapara Cricket Stadium, Guwahati",Chennai Super Kings,field,221,0.5067873303167421,158.81900452488688,156.73303167420815,5.208144796380091,8.16452563347083,239,0.5815899581589958,162.89958158995816,153.79916317991632,5.7322175732217575,7.9744006942184615,-0.07480262784225378,-4.080577065071282,2.933868494291829,-0.5240727768416669,0.19012493925236917,1
1473449,2025-03-31,2025,Kolkata Knight Riders,Mumbai Indians,"Wankhede Stadium, Mumbai",Mumbai Indians,field,253,0.5217391304347826,156.7509881422925,152.8102766798419,5.316205533596838,8.027060696241955,263,0.5475285171102662,161.56273764258555,155.2661596958175,5.585551330798479,8.031534780043271,-0.025789386675483583,-4.811749500293047,-2.455883015975587,-0.2693457972016411,-0.004474083801316198,0
1473450,2025-04-01,2025,Lucknow Super Giants,Punjab Kings,"Bharat Ratna Shri Atal Bihari Vajpayee Ekana Cricket Stadium, Lucknow",Punjab Kings,field,45,0.5555555555555556,173.04444444444445,170.9111111111111,5.866666666666666,8.796416317194053,247,0.4574898785425101,161.30769230769232,159.80161943319837,5.271255060728745,8.385002124344995,0.09806567701304547,11.73675213675213,11.109491677912729,0.5954116059379215,0.4114141928490582,0
1473451,2025-04-02,2025,Royal Challengers Bengaluru,Gujarat Titans,"M Chinnaswamy Stadium, Bengaluru",Gujarat Titans,field,254,0.4921259842519685,160.35826771653544,157.8503937007874,5.413385826771654,8.269930214170305,47,0.6170212765957447,174.14893617021278,165.2340425531915,6.085106382978723,8.66096654275093,-0.12489529234377617,-13.790668453677341,-7.383648852404093,-0.6717205562070694,-0.39103632858062554,0
1473452,2025-04-03,2025,Kolkata Knight Riders,Sunrisers Hyderabad,"Eden Gardens, Kolkata",Sunrisers Hyderabad,field,254,0.5196850393700787,156.59055118110237,152.68503937007873,5.303149606299213,8.030785159620361,185,0.4810810810810811,160.59459459459458,158.03243243243244,5.394594594594595,8.218130709768095,0.0386039582889976,-4.004043413492212,-5.347393062353717,-0.09144498829538161,-0.18734555014773413,1
1473453,2025-04-04,2025,Lucknow Super Giants,Mumbai Indians,"Bharat Ratna Shri Atal Bihari Vajpayee Ekana Cricket Stadium, Lucknow",Mumbai Indians,field,46,0.5434782608695652,173.0,171.02173913043478,5.782608695652174,8.832709580838324,264,0.5492424242424242,161.4090909090909,155.1098484848485,5.6022727272727275,8.028166252777414,-0.00576416337285901,11.590909090909093,15.911890645586283,0.18033596837944632,0.8045433280609107,1
1473454,2025-04-05,2025,Delhi Capitals,Chennai Super Kings,"MA Chidambaram Stadium, Chepauk, Chennai",Delhi Capitals,bat,252,0.4642857142857143,156.07142857142858,157.68650793650792,5.408730158730159,8.194322243607369,240,0.5791666666666667,162.95416666666668,153.90833333333333,5.741666666666666,7.9788314072794035,-0.11488095238095242,-6.882738095238096,3.778174603174591,-0.3329365079365072,0.21549083632796506,1
1473455,2025-04-05,2025,Rajasthan Royals,Punjab Kings,"Maharaja Yadavindra Singh International Cricket Stadium, Mullanpur",Punjab Kings,field,222,0.509009009009009,158.92342342342343,156.8153153153153,5.211711711711712,8.167272727272728,248,0.4596774193548387,161.3709677419355,159.84274193548387,5.278225806451613,8.385488647581441,0.04933158965417034,-2.4475443185120582,-3.027426620168569,-0.066514094739901,-0.2182159203087135,1
1473457,2025-04-06,2025,Sunrisers Hyderabad,Gujarat Titans,"Rajiv Gandhi International Stadium, Uppal, Hyderabad",Gujarat Titans,field,186,0.478494623655914,160.3763440860215,158.21505376344086,5.39247311827957,8.225856044723969,48,0.625,174.0625,165.22916666666666,6.125,8.652000000000001,-0.146505376344086,-13.686155913978496,-7.014112903225794,-0.73252688172043,-0.4261439552760322,0
1473458,2025-04-07,2025,Royal Challengers Bengaluru,Mumbai Indians,"Wankhede Stadium, Mumbai",Mumbai Indians,field,255,0.49019607843137253,160.3921568627451,157.8862745098039,5.4,8.273941635840526,265,0.5471698113207547,161.52075471698114,155.29056603773586,5.611320754716981,8.036453586772556,-0.05697373288938218,-1.128597854236034,2.595708472068054,-0.21132075471698109,0.23748804906797005,1
1473456,2025-04-08,2025,Lucknow Super Giants,Kolkata Knight Riders,"Eden Gardens, Kolkata",Kolkata Knight Riders,field,47,0.5531914893617021,173.63829787234042,171.36170212765958,5.74468085106383,8.84407027818448,255,0.5215686274509804,156.76078431372548,152.54509803921567,5.32156862745098,8.027308684436802,0.03162286191072172,16.877513558614936,18.81660408844391,0.4231122236128497,0.8167615937476782,1
1473459,2025-04-08,2025,Punjab Kings,Chennai Super Kings,"Maharaja Yadavindra Singh International Cricket Stadium, Mullanpur",Punjab Kings,bat,249,0.4578313253012048,161.3453815261044,160.01606425702812,5.2730923694779115,8.392922342367646,241,0.5767634854771784,162.93360995850622,154.02489626556016,5.738589211618257,7.983654156360899,-0.11893216017597358,-1.58822843240182,5.991167991467961,-0.4654968421403458,0.40926818600674686,1
1473460,2025-04-09,2025,Gujarat Titans,Rajasthan Royals,"Narendra Modi Stadium, Ahmedabad",Rajasthan Royals,field,49,0.6326530612244898,173.6326530612245,164.91836734693877,6.163265306122449,8.627402135231318,223,0.5112107623318386,159.13004484304932,156.78026905829597,5.228699551569507,8.163922942206655,0.12144229889265123,14.502608218175169,8.138098288642794,0.934565754552942,0.46347919302466245,1
1473461,2025-04-10,2025,Royal Challengers Bengaluru,Delhi Capitals,"M Chinnaswamy Stadium, Bengaluru",Delhi Capitals,field,256,0.4921875,160.62890625,158.08203125,5.4140625,8.282644289807614,253,0.466403162055336,156.17786561264822,157.66403162055337,5.407114624505929,8.191881161007668,0.025784337944664004,4.451040637351781,0.4179996294466264,0.006947875494071276,0.09076312879994575,0
1473462,2025-04-11,2025,Chennai Super Kings,Kolkata Knight Riders,"MA Chidambaram Stadium, Chepauk, Chennai",Kolkata Knight Riders,field,242,0.5743801652892562,163.0909090909091,154.28099173553719,5.739669421487603,7.99571688617625,256,0.51953125,157.0625,152.859375,5.3125,8.042199006679226,0.05484891528925617,6.0284090909090935,1.4216167355371851,0.4271694214876032,-0.04648212050297573,0
1473463,2025-04-12,2025,Gujarat Titans,Lucknow Super Giants,"Bharat Ratna Shri Atal Bihari Vajpayee Ekana Cricket Stadium, Lucknow",Lucknow Super Giants,field,50,0.64,174.5,164.8,6.24,8.619246861924687,48,0.5625,174.97916666666666,172.625,5.770833333333333,8.903295128939828,0.07750000000000001,-0.4791666666666572,-7.824999999999989,0.4691666666666672,-0.28404826701514096,0
1473464,2025-04-12,2025,Punjab Kings,Sunrisers Hyderabad,"Rajiv Gandhi International Stadium, Uppal, Hyderabad",Punjab Kings,bat,250,0.46,161.576,160.16,5.268,8.398825339113412,187,0.47593582887700536,160.33155080213905,158.18716577540107,5.379679144385027,8.230280547182936,-0.015935828877005342,1.2444491978609449,1.9728342245989268,-0.11167914438502713,0.16854479193047567,0
1473465,2025-04-13,2025,Rajasthan Royals,Royal Challengers Bengaluru,"Sawai Mansingh Stadium, Jaipur",Royal Challengers Bengaluru,field,224,0.5089285714285714,159.12946428571428,157.04464285714286,5.232142857142857,8.176176641487507,257,0.490272373540856,160.63813229571986,158.12451361867704,5.408560311284047,8.2869863712062,0.018656197887715387,-1.5086680100055787,-1.0798707615341812,-0.17641745414119026,-0.11080972971869407,0
1473466,2025-04-13,2025,Mumbai Indians,Delhi Capitals,"Arun Jaitley Stadium, Delhi",Delhi Capitals,field,266,0.5451127819548872,161.69924812030075,155.53383458646616,5.609022556390977,8.04798340033718,254,0.468503937007874,156.22834645669292,157.66535433070865,5.409448818897638,8.190687210253614,0.0766088449470132,5.470901663607833,-2.131519744242496,0.1995737374933393,-0.1427038099164335,1
1473467,2025-04-14,2025,Lucknow Super Giants,Chennai Super Kings,"Bharat Ratna Shri Atal Bihari Vajpayee Ekana Cricket Stadium, Lucknow",Chennai Super Kings,field,49,0.5714285714285714,175.20408163265307,172.77551020408163,5.775510204081633,8.905329593267883,243,0.5720164609053497,162.84362139917695,154.08230452674897,5.724279835390947,8.00099722202436,-0.0005878894767783471,12.360460233476118,18.693205677332656,0.05123036869068631,0.9043323712435232,0
1473468,2025-04-15,2025,Punjab Kings,Kolkata Knight Riders,"Maharaja Yadavindra Singh International Cricket Stadium, Mullanpur",Punjab Kings,bat,251,0.4581673306772908,161.90836653386455,160.5019920318725,5.254980079681275,8.417760752220094,257,0.5214007782101168,156.86770428015564,152.6614785992218,5.326848249027237,8.030155210643017,-0.06323344753282595,5.040662253708916,7.8405134326507095,-0.07186816934596241,0.38760554157707716,1
1473470,2025-04-17,2025,Sunrisers Hyderabad,Mumbai Indians,"Wankhede Stadium, Mumbai",Mumbai Indians,field,188,0.4787234042553192,160.79255319148936,158.63829787234042,5.382978723404255,8.251971408807933,267,0.5468164794007491,161.8614232209738,155.65917602996254,5.614232209737827,8.054977711738484,-0.0680930751454299,-1.0688700294844296,2.9791218423778787,-0.23125348633357223,0.19699369706944836,0
1473471,2025-04-18,2025,Royal Challengers Bengaluru,Punjab Kings,"M Chinnaswamy Stadium, Bengaluru",Punjab Kings,field,258,0.49224806201550386,160.69379844961242,158.1705426356589,5.403100775193798,8.287851606133433,252,0.4603174603174603,161.70634920634922,160.22619047619048,5.273809523809524,8.410122891064361,0.03193060169804357,-1.0125507567368004,-2.0556478405315772,0.12929125138427455,-0.1222712849309282,0
1473472,2025-04-19,2025,Delhi Capitals,Gujarat Titans,"Narendra Modi Stadium, Ahmedabad",Gujarat Titans,field,255,0.4666666666666667,156.37254901960785,157.8470588235294,5.407843137254902,8.198872895165671,51,0.6274509803921569,174.6078431372549,165.19607843137254,6.196078431372549,8.636596617119427,-0.16078431372549018,-18.235294117647044,-7.3490196078431325,-0.7882352941176469,-0.43772372195375553,0
1473473,2025-04-19,2025,Lucknow Super Giants,Rajasthan Royals,"Sawai Mansingh Stadium, Jaipur",Lucknow Super Giants,bat,50,0.56,175.02,172.66,5.76,8.898471053083663,225,0.5066666666666667,159.1911111111111,157.12444444444444,5.213333333333333,8.183564814814815,0.053333333333333344,15.828888888888912,15.535555555555561,0.5466666666666669,0.7149062382688474,1
1473474,2025-04-20,2025,Punjab Kings,Royal Challengers Bengaluru,"Maharaja Yadavindra Singh International Cricket Stadium, Mullanpur",Royal Challengers Bengaluru,field,253,0.4624505928853755,161.45454545454547,159.9683794466403,5.288537549407114,8.40539979231568,259,0.49034749034749037,160.44015444015443,157.9189189189189,5.401544401544402,8.286264181523501,-0.027896897462114878,1.0143910143910375,2.0494605277214077,-0.11300685213728734,0.11913561079217949,0
1473475,2025-04-20,2025,Chennai Super Kings,Mumbai Indians,"Wankhede Stadium, Mumbai",Mumbai Indians,field,244,0.5737704918032787,162.86475409836066,154.12295081967213,5.725409836065574,8.00184410241861,268,0.5485074626865671,161.87686567164178,155.67910447761193,5.611940298507463,8.054958491537421,0.025263029116711522,0.9878884267188823,-1.5561536579398023,0.11346953755811118,-0.053114389118810834,0
1473476,2025-04-21,2025,Gujarat Titans,Kolkata Knight Riders,"Eden Gardens, Kolkata",Kolkata Knight Riders,field,52,0.6346153846153846,175.17307692307693,165.8653846153846,6.230769230769231,8.6639879457559,258,0.5193798449612403,156.62790697674419,152.4922480620155,5.341085271317829,8.02699945593036,0.11523553965414424,18.54516994633275,13.373136553369108,0.8896839594514017,0.6369884898255407,1
1473477,2025-04-22,2025,Lucknow Super Giants,Delhi Capitals,"Bharat Ratna Shri Atal Bihari Vajpayee Ekana Cricket Stadium, Lucknow",Delhi Capitals,field,51,0.5686274509803921,175.11764705882354,172.7450980392157,5.745098039215686,8.897492004713012,256,0.46484375,156.5546875,158.0078125,5.39453125,8.207087785743271,0.10378370098039214,18.562959558823536,14.73728553921569,0.3505667892156863,0.690404218969741,0
1473478,2025-04-23,2025,Sunrisers Hyderabad,Mumbai Indians,"Rajiv Gandhi International Stadium, Uppal, Hyderabad",Mumbai Indians,field,189,0.47619047619047616,160.7989417989418,158.67195767195767,5.386243386243386,8.256125539139212,269,0.550185873605948,161.93308550185873,155.74349442379182,5.609665427509293,8.057247259439707,-0.07399539741547179,-1.13414370291693,2.928463248165855,-0.22342204126590737,0.198878279699505,0
1473479,2025-04-24,2025,Royal Challengers Bengaluru,Rajasthan Royals,"M Chinnaswamy Stadium, Bengaluru",Rajasthan Royals,field,260,0.49230769230769234,160.4346153846154,157.91153846153847,5.4,8.284301856335755,226,0.504424778761062,159.27433628318585,157.2079646017699,5.212389380530974,8.186405529953918,-0.012117086453369619,1.160279101429552,0.7035738597685679,0.18761061946902657,0.09789632638183754,1
1473480,2025-04-25,2025,Chennai Super Kings,Sunrisers Hyderabad,"MA Chidambaram Stadium, Chepauk, Chennai",Sunrisers Hyderabad,field,245,0.5714285714285714,162.91836734693877,154.21224489795918,5.706122448979592,8.012583062349782,190,0.47368421052631576,160.70526315789473,158.60526315789474,5.373684210526315,8.260690789473685,0.09774436090225563,2.2131041890440315,-4.393018259935559,0.33243823845327647,-0.2481077271239034,0
1473482,2025-04-27,2025,Mumbai Indians,Lucknow Super Giants,"Wankhede Stadium, Mumbai",Lucknow Super Giants,field,270,0.5518518518518518,161.8740740740741,155.6925925925926,5.618518518518519,8.053579411201225,52,0.5576923076923077,174.80769230769232,172.5,5.673076923076923,8.898809523809524,-0.005840455840455894,-12.933618233618233,-16.807407407407396,-0.05455840455840466,-0.8452301126082986,1
1473483,2025-04-27,2025,Delhi Capitals,Royal Challengers Bengaluru,"Arun Jaitley Stadium, Delhi",Royal Challengers Bengaluru,field,257,0.4669260700389105,156.57198443579767,158.01167315175098,5.396887159533074,8.206048767344738,261,0.4942528735632184,160.60536398467434,158.04597701149424,5.409961685823755,8.289790996784566,-0.027326803524307886,-4.033379548876667,-0.034303859743261,-0.013074526290680843,-0.08374222943982801,0
1473484,2025-04-28,2025,Gujarat Titans,Rajasthan Royals,"Sawai Mansingh Stadium, Jaipur",Rajasthan Royals,field,53,0.6415094339622641,175.60377358490567,165.66037735849056,6.264150943396227,8.645987198424422,227,0.5022026431718062,159.4273127753304,157.41409691629957,5.20704845814978,8.195642201834863,0.13930679079045794,16.176460809575275,8.246280442190994,1.057102485246447,0.45034499658955873,0
1473485,2025-04-29,2025,Kolkata Knight Riders,Delhi Capitals,"Arun Jaitley Stadium, Delhi",Delhi Capitals,field,259,0.5173745173745173,156.63706563706563,152.66795366795367,5.332046332046332,8.0346112164725,258,0.46511627906976744,156.59302325581396,158.03875968992247,5.387596899224806,8.20870382176291,0.052258238304749904,0.04404238125167126,-5.370806021968804,-0.055550567178474175,-0.1740926052904097,1
1473486,2025-04-30,2025,Chennai Super Kings,Punjab Kings,"MA Chidambaram Stadium, Chepauk, Chennai",Punjab Kings,field,246,0.5691056910569106,162.8821138211382,154.20731707317074,5.703252032520325,8.013307984790874,254,0.46062992125984253,161.43700787401573,159.96456692913387,5.2795275590551185,8.405544254042686,0.10847576979706802,1.445105947122471,-5.757249855963124,0.4237244734652066,-0.39223626925181243,0
1473487,2025-05-01,2025,Mumbai Indians,Rajasthan Royals,"Sawai Mansingh Stadium, Jaipur",Rajasthan Royals,field,271,0.5535055350553506,162.070110701107,155.7047970479705,5.634686346863469,8.053184044786564,228,0.5043859649122807,159.6578947368421,157.6359649122807,5.201754385964913,8.205707762557077,0.04911957014306989,2.4122159642649024,-1.9311678643102255,0.43293196089855623,-0.15252371777051366,1
1473488,2025-05-02,2025,Gujarat Titans,Sunrisers Hyderabad,"Narendra Modi Stadium, Ahmedabad",Sunrisers Hyderabad,field,54,0.6296296296296297,176.22222222222223,166.5,6.185185185185185,8.717840982546866,191,0.47643979057591623,160.67539267015707,158.565445026178,5.397905759162303,8.257190893806516,0.15318983905371342,15.546829552065162,7.934554973822003,0.7872794260228817,0.4606500887403495,1
1473489,2025-05-03,2025,Royal Challengers Bengaluru,Chennai Super Kings,"M Chinnaswamy Stadium, Bengaluru",Chennai Super Kings,field,262,0.4961832061068702,160.62213740458014,158.05725190839695,5.416030534351145,8.288831064851882,247,0.5668016194331984,162.9919028340081,154.3562753036437,5.704453441295547,8.02033517986116,-0.07061841332632818,-2.3697654294279573,3.7009766047532366,-0.288422906944402,0.2684958849907222,1
1473490,2025-05-04,2025,Kolkata Knight Riders,Rajasthan Royals,"Eden Gardens, Kolkata",Kolkata Knight Riders,bat,260,0.5192307692307693,156.81923076923076,152.7923076923077,5.342307692307692,8.03953049109552,229,0.5021834061135371,159.47161572052403,157.89082969432314,5.187772925764192,8.2175,0.017047363117232206,-2.6523849512932713,-5.098522002015443,0.15453476654349974,-0.1779695089044786,1
1473491,2025-05-04,2025,Punjab Kings,Lucknow Super Giants,"Himachal Pradesh Cricket Association Stadium, Dharamsala",Lucknow Super Giants,field,255,0.4627450980392157,161.56470588235294,160.0705882352941,5.298039215686274,8.410591023043374,53,0.5471698113207547,174.54716981132074,173.30188679245282,5.69811320754717,8.934824902723735,-0.084424713281539,-12.982463928967803,-13.23129855715871,-0.40007399186089554,-0.5242338796803612,1
1473493,2025-05-06,2025,Mumbai Indians,Gujarat Titans,"Wankhede Stadium, Mumbai",Gujarat Titans,field,272,0.5551470588235294,162.27205882352942,155.53676470588235,5.650735294117647,8.049342000951324,55,0.6363636363636364,177.0909090909091,166.74545454545455,6.181818181818182,8.723208623969564,-0.08121657754010692,-14.818850267379673,-11.208689839572202,-0.5310828877005349,-0.67386662301824,0
1473494,2025-05-07,2025,Kolkata Knight Riders,Chennai Super Kings,"Eden Gardens, Kolkata",Kolkata Knight Riders,bat,261,0.5210727969348659,157.00766283524905,152.98850574712642,5.3486590038314175,8.048239720505242,248,0.5645161290322581,163.18548387096774,154.58870967741936,5.701612903225806,8.031143076600795,-0.04344333209739226,-6.177821035718694,-1.6002039302929347,-0.3529538993943886,0.01709664390444665,0
1473497,2025-05-18,2025,Punjab Kings,Rajasthan Royals,"Sawai Mansingh Stadium, Jaipur",Punjab Kings,bat,256,0.46484375,161.85546875,160.2109375,5.3046875,8.41629330688464,230,0.5,159.6695652173913,158.08695652173913,5.182608695652174,8.226244343891402,-0.03515625,2.1859035326087053,2.1239809782608745,0.12207880434782581,0.19004896299323804,1
1473498,2025-05-18,2025,Delhi Capitals,Gujarat Titans,"Arun Jaitley Stadium, Delhi",Gujarat Titans,field,259,0.46332046332046334,156.72200772200773,158.2046332046332,5.397683397683398,8.21608795909501,56,0.6428571428571429,176.55357142857142,166.42857142857142,6.196428571428571,8.699439950217798,-0.17953667953667957,-19.831563706563685,-8.223938223938205,-0.7987451737451732,-0.48335199112278815,0
1473499,2025-05-19,2025,Lucknow Super Giants,Sunrisers Hyderabad,"Bharat Ratna Shri Atal Bihari Vajpayee Ekana Cricket Stadium, Lucknow",Sunrisers Hyderabad,field,54,0.5370370370370371,175.0,174.46296296296296,5.685185185185185,8.989503816793894,192,0.4739583333333333,160.80729166666666,158.90625,5.395833333333333,8.273150449676866,0.06307870370370378,14.192708333333343,15.556712962962962,0.2893518518518521,0.7163533671170281,0
1473500,2025-05-20,2025,Chennai Super Kings,Rajasthan Royals,"Arun Jaitley Stadium, Delhi",Rajasthan Royals,field,249,0.5662650602409639,163.26506024096386,154.6706827309237,5.7028112449799195,8.034142271052081,231,0.49783549783549785,159.88311688311688,158.33333333333334,5.181818181818182,8.237612612612613,0.06842956240546605,3.3819433578469784,-3.6626506024096557,0.5209930631617379,-0.20347034156053212,0
1473501,2025-05-21,2025,Mumbai Indians,Delhi Capitals,"Wankhede Stadium, Mumbai",Delhi Capitals,field,273,0.5531135531135531,162.24542124542126,155.5054945054945,5.655677655677656,8.048216373345129,260,0.46153846153846156,156.8846153846154,158.38076923076923,5.376923076923077,8.225655025468589,0.09157509157509158,5.360805860805868,-2.8752747252747213,0.27875457875457865,-0.17743865212345966,1
1473502,2025-05-22,2025,Lucknow Super Giants,Gujarat Titans,"Narendra Modi Stadium, Ahmedabad",Gujarat Titans,field,55,0.5272727272727272,175.54545454545453,175.01818181818183,5.654545454545454,9.02719599874961,57,0.6491228070175439,177.05263157894737,166.96491228070175,6.140350877192983,8.720525351252292,-0.12185007974481665,-1.5071770334928374,8.053269537480077,-0.4858054226475286,0.3066706474973184,1
1473503,2025-05-23,2025,Sunrisers Hyderabad,Royal Challengers Bengaluru,"Bharat Ratna Shri Atal Bihari Vajpayee Ekana Cricket Stadium, Lucknow",Royal Challengers Bengaluru,field,193,0.47668393782383417,161.04145077720207,159.14507772020724,5.393782383419689,8.283813547894098,263,0.49809885931558934,160.8212927756654,158.25855513307985,5.414448669201521,8.297846889952153,-0.021414921491755168,0.22015800153667442,0.8865225871273879,-0.020666285781832272,-0.014033342058054288,1
1485779,2025-05-24,2025,Punjab Kings,Delhi Capitals,"Sawai Mansingh Stadium, Jaipur",Delhi Capitals,field,257,0.4669260700389105,162.07782101167317,160.40077821011673,5.311284046692607,8.424605742702408,261,0.45977011494252873,156.7471264367816,158.45977011494253,5.375478927203065,8.228537321351594,0.007155955096381783,5.330694574891567,1.9410080951741975,-0.06419488051045796,0.19606842135081415,0
1473504,2025-05-25,2025,Chennai Super Kings,Gujarat Titans,"Narendra Modi Stadium, Ahmedabad",Chennai Super Kings,bat,250,0.564,163.36,154.804,5.696,8.044552225879093,58,0.6379310344827587,177.48275862068965,168.08620689655172,6.068965517241379,8.772345530893821,-0.07393103448275873,-14.122758620689638,-13.282206896551713,-0.3729655172413793,-0.7277933050147283,1
1473505,2025-05-25,2025,Sunrisers Hyderabad,Kolkata Knight Riders,"Arun Jaitley Stadium, Delhi",Sunrisers Hyderabad,bat,194,0.4793814432989691,161.4020618556701,159.2422680412371,5.412371134020619,8.287489940087633,262,0.5190839694656488,157.0916030534351,153.09923664122138,5.358778625954199,8.053001405340293,-0.03970252616667974,4.31045880223499,6.14303140001573,0.05359250806642013,0.23448853474734044,1
1473506,2025-05-26,2025,Mumbai Indians,Punjab Kings,"Sawai Mansingh Stadium, Jaipur",Punjab Kings,field,274,0.5547445255474452,162.3102189781022,155.37956204379563,5.671532846715328,8.043200352655939,258,0.46511627906976744,162.24806201550388,160.56589147286823,5.3062015503875966,8.432201377345049,0.08962824647767781,0.06215696259832271,-5.1863294290726,0.36533129632773154,-0.3890010246891098,0
1473507,2025-05-27,2025,Lucknow Super Giants,Royal Challengers Bengaluru,"Bharat Ratna Shri Atal Bihari Vajpayee Ekana Cricket Stadium, Lucknow",Royal Challengers Bengaluru,field,56,0.5357142857142857,176.60714285714286,175.48214285714286,5.714285714285714,9.04602638846272,264,0.4962121212121212,160.9280303030303,158.5189393939394,5.416666666666667,8.309968228752979,0.03950216450216448,15.67911255411255,16.963203463203456,0.29761904761904745,0.7360581597097404,0
1473508,2025-05-29,2025,Punjab Kings,Royal Challengers Bengaluru,"Maharaja Yadavindra Singh International Cricket Stadium, Mullanpur",Royal Challengers Bengaluru,field,259,0.4671814671814672,162.34362934362935,160.65637065637065,5.312741312741313,8.435314389971957,265,0.4981132075471698,161.18867924528303,158.7509433962264,5.407547169811321,8.32060917721519,-0.03093174036570262,1.154950098346319,1.9054272601442506,-0.09480585707000788,0.1147052127567676,0
1473509,2025-05-30,2025,Mumbai Indians,Gujarat Titans,"Maharaja Yadavindra Singh International Cricket Stadium, New Chandigarh",Mumbai Indians,bat,275,0.5527272727272727,162.3890909090909,155.48363636363635,5.661818181818182,8.049827423909633,59,0.6271186440677966,176.96610169491527,169.01694915254237,6.0508474576271185,8.814378314672952,-0.07439137134052387,-14.57701078582437,-13.533312788906017,-0.3890292758089364,-0.764550890763319,1
1473510,2025-06-01,2025,Mumbai Indians,Punjab Kings,"Narendra Modi Stadium, Ahmedabad",Punjab Kings,field,276,0.5543478260869565,162.6268115942029,155.66666666666666,5.663043478260869,8.058268208815255,260,0.4653846153846154,162.1076923076923,160.43076923076924,5.3,8.438884580368885,0.08896321070234114,0.5191192865106018,-4.764102564102586,0.36304347826086936,-0.3806163715536304,0
1473511,2025-06-03,2025,Royal Challengers Bengaluru,Punjab Kings,"Narendra Modi Stadium, Ahmedabad",Punjab Kings,field,266,0.5,160.9812030075188,158.51503759398497,5.424812030075188,8.316294664869663,261,0.4674329501915709,162.27969348659005,160.5823754789272,5.302681992337165,8.445175806830775,0.032567049808429116,-1.298490479071262,-2.0673378849422193,0.12213003773802278,-0.1288811419611129,1
1527674,2026-03-28,2026,Sunrisers Hyderabad,Royal Challengers Bengaluru,"M Chinnaswamy Stadium, Bengaluru",Royal Challengers Bengaluru,field,195,0.48205128205128206,162.0,159.27692307692308,5.430769230769231,8.290506272800071,267,0.50187265917603,161.08988764044943,158.58052434456928,5.430711610486892,8.31819521299237,-0.019821377124747908,0.9101123595505669,0.6963987323537992,5.7620282339243545e-05,-0.027688940192298617,0
1527675,2026-03-29,2026,Kolkata Knight Riders,Mumbai Indians,"Wankhede Stadium, Mumbai",Mumbai Indians,field,263,0.5171102661596958,157.13307984790873,153.53992395437263,5.349809885931559,8.074585082983404,277,0.5523465703971119,162.77256317689532,155.8519855595668,5.657039711191335,8.068340393720408,-0.03523630423741608,-5.639483328986586,-2.312061605194174,-0.3072298252597765,0.006244689262995706,0
1527676,2026-03-30,2026,Chennai Super Kings,Rajasthan Royals,"Barsapara Cricket Stadium, Guwahati",Rajasthan Royals,field,251,0.5657370517928287,163.62549800796813,154.76494023904382,5.713147410358566,8.043760353395914,232,0.5,160.0043103448276,158.43965517241378,5.193965517241379,8.241396061432681,0.06573705179282874,3.621187663140546,-3.6747149333699554,0.519181893117187,-0.197635708036767,0
1527677,2026-03-31,2026,Gujarat Titans,Punjab Kings,"Maharaja Yadavindra Singh International Cricket Stadium, New Chandigarh",Punjab Kings,field,60,0.6166666666666667,177.48333333333332,169.88333333333333,6.033333333333333,8.853213665315577,262,0.46564885496183206,162.36259541984734,160.6946564885496,5.316793893129771,8.449409639763187,0.15101781170483464,15.120737913485982,9.188676844783714,0.7165394402035625,0.4038040255523896,0
1527678,2026-04-01,2026,Lucknow Super Giants,Delhi Capitals,"Bharat Ratna Shri Atal Bihari Vajpayee Ekana Cricket Stadium, Lucknow",Delhi Capitals,field,57,0.5263157894736842,177.49122807017545,176.43859649122808,5.684210526315789,9.101357466063348,262,0.4618320610687023,156.94274809160305,158.6412213740458,5.385496183206107,8.236747365987382,0.0644837284049819,20.548479978572402,17.79737511718227,0.29871434310968237,0.8646101000759661,0
1527679,2026-04-02,2026,Sunrisers Hyderabad,Kolkata Knight Riders,"Eden Gardens, Kolkata",Kolkata Knight Riders,field,196,0.47959183673469385,162.19897959183675,159.44387755102042,5.423469387755102,8.307017543859649,264,0.5151515151515151,157.37121212121212,153.79924242424244,5.340909090909091,8.087978486770027,-0.03555967841682128,4.827767470624622,5.644635126777985,0.08256029684601085,0.21903905708962235,1
1527680,2026-04-03,2026,Chennai Super Kings,Punjab Kings,"MA Chidambaram Stadium, Chepauk, Chennai",Punjab Kings,field,252,0.5634920634920635,163.48015873015873,154.63888888888889,5.698412698412699,8.048951771145306,263,0.467680608365019,162.37262357414448,160.6920152091255,5.319391634980988,8.44761301928907,0.09581145512704448,1.1075351560142508,-6.053126320236601,0.3790210634317104,-0.3986612481437639,0
1527681,2026-04-04,2026,Mumbai Indians,Delhi Capitals,"Arun Jaitley Stadium, Delhi",Delhi Capitals,field,278,0.5539568345323741,162.9928057553957,156.07553956834533,5.651079136690647,8.07888530287984,263,0.46387832699619774,156.89733840304183,158.52851711026616,5.399239543726236,8.231860212576919,0.09007850753617636,6.0954673523538645,-2.4529775419208306,0.2518395929644113,-0.15297490969707894,0
1527682,2026-04-04,2026,Rajasthan Royals,Gujarat Titans,"Narendra Modi Stadium, Ahmedabad",Rajasthan Royals,bat,233,0.5021459227467812,159.86695278969958,158.26609442060087,5.210300429184549,8.23155623349083,61,0.6065573770491803,177.2295081967213,169.80327868852459,6.049180327868853,8.849209739427595,-0.10441145430239918,-17.362555407021716,-11.53718426792372,-0.8388798986843033,-0.6176535059367652,1
1527683,2026-04-05,2026,Sunrisers Hyderabad,Lucknow Super Giants,"Rajiv Gandhi International Stadium, Uppal, Hyderabad",Lucknow Super Giants,field,197,0.48223350253807107,162.5228426395939,159.44670050761422,5.436548223350254,8.314187400741133,58,0.5172413793103449,176.86206896551724,175.82758620689654,5.655172413793103,9.087776622605078,-0.035007876772273794,-14.339226325923335,-16.380885699282317,-0.2186241904428492,-0.7735892218639453,0
1527684,2026-04-05,2026,Royal Challengers Bengaluru,Chennai Super Kings,"M Chinnaswamy Stadium, Bengaluru",Chennai Super Kings,field,268,0.503731343283582,161.2462686567164,158.73134328358208,5.4440298507462686,8.324581716186685,253,0.5612648221343873,163.6600790513834,154.85375494071147,5.691699604743083,8.061040430712252,-0.057533478850805286,-2.4138103946669958,3.8775883428706095,-0.24766975399681446,0.26354128547443345,1
1527686,2026-04-07,2026,Rajasthan Royals,Mumbai Indians,"Barsapara Cricket Stadium, Guwahati",Mumbai Indians,field,234,0.5042735042735043,160.0811965811966,158.45299145299145,5.217948717948718,8.2398607355828,279,0.5519713261648745,162.98924731182797,156.10035842293908,5.641577060931899,8.081897751523211,-0.047697821891370284,-2.9080507306313734,2.352633030052374,-0.4236283429831813,0.15796298405958886,1
1527687,2026-04-08,2026,Gujarat Titans,Delhi Capitals,"Arun Jaitley Stadium, Delhi",Delhi Capitals,field,62,0.5967741935483871,177.66129032258064,170.43548387096774,6.048387096774194,8.876102477950441,264,0.4659090909090909,156.92424242424244,158.53787878787878,5.401515151515151,8.231144908059917,0.13086510263929624,20.737047898338204,11.897605083088962,0.6468719452590426,0.6449575698905239,1
1527688,2026-04-09,2026,Kolkata Knight Riders,Lucknow Super Giants,"Eden Gardens, Kolkata",Lucknow Super Giants,field,265,0.5132075471698113,157.38490566037737,154.0566037735849,5.350943396226415,8.099930557851922,59,0.5254237288135594,176.57627118644066,175.45762711864407,5.694915254237288,9.063475849992704,-0.012216181643748047,-19.191365526063294,-21.401023345059173,-0.3439718580108728,-0.9635452921407825,0
1527689,2026-04-10,2026,Royal Challengers Bengaluru,Rajasthan Royals,"Barsapara Cricket Stadium, Guwahati",Rajasthan Royals,field,269,0.5055762081784386,161.57620817843866,158.90334572490707,5.4609665427509295,8.332629390168622,235,0.5063829787234042,160.03829787234042,158.2808510638298,5.229787234042553,8.245926473305007,-0.0008067705449655849,1.5379103060982402,0.622494661077269,0.23117930870837622,0.08670291686361509,0
1527690,2026-04-11,2026,Sunrisers Hyderabad,Punjab Kings,"Maharaja Yadavindra Singh International Cricket Stadium, New Chandigarh",Punjab Kings,field,198,0.4797979797979798,162.489898989899,159.43939393939394,5.429292929292929,8.31237108877869,264,0.4696969696969697,162.5530303030303,160.87121212121212,5.318181818181818,8.455387065733152,0.010101010101010055,-0.06313131313132203,-1.431818181818187,0.11111111111111072,-0.14301597695446233,0
1527691,2026-04-11,2026,Chennai Super Kings,Delhi Capitals,"MA Chidambaram Stadium, Chepauk, Chennai",Delhi Capitals,field,254,0.5590551181102362,163.83070866141733,155.21259842519686,5.681102362204724,8.078412622519723,265,0.4641509433962264,157.12075471698114,158.73207547169812,5.39622641509434,8.240033954748768,0.0949041747140098,6.709953944436194,-3.5194770465012652,0.28487594711038433,-0.1616213322290445,1
1527692,2026-04-12,2026,Lucknow Super Giants,Gujarat Titans,"Bharat Ratna Shri Atal Bihari Vajpayee Ekana Cricket Stadium, Lucknow",Gujarat Titans,field,60,0.5333333333333333,176.66666666666666,175.48333333333332,5.666666666666667,9.059802093790333,63,0.6031746031746031,178.17460317460316,171.04761904761904,6.0476190476190474,8.902106567534076,-0.06984126984126982,-1.5079365079365061,4.435714285714283,-0.3809523809523805,0.1576955262562567,0
1527693,2026-04-12,2026,Royal Challengers Bengaluru,Mumbai Indians,"Wankhede Stadium, Mumbai",Mumbai Indians,field,270,0.5037037037037037,161.72222222222223,159.05925925925925,5.455555555555556,8.342538932236863,280,0.55,162.84642857142856,156.07857142857142,5.632142857142857,8.093212753480046,-0.04629629629629639,-1.1242063492063323,2.9806878306878275,-0.1765873015873014,0.24932617875681728,1
1529264,2026-04-13,2026,Sunrisers Hyderabad,Rajasthan Royals,"Rajiv Gandhi International Stadium, Uppal, Hyderabad",Rajasthan Royals,field,199,0.47738693467336685,162.77386934673368,159.75879396984925,5.422110552763819,8.329781659388647,236,0.5084745762711864,160.21610169491527,158.4364406779661,5.241525423728813,8.252565753172705,-0.03108764159781957,2.557767651818409,1.3223532918831609,0.18058512903500556,0.0772159062159421,1
1529265,2026-04-14,2026,Chennai Super Kings,Kolkata Knight Riders,"MA Chidambaram Stadium, Chepauk, Chennai",Kolkata Knight Riders,field,255,0.5607843137254902,164.01960784313727,155.34117647058824,5.698039215686275,8.083806673242407,266,0.5112781954887218,157.47368421052633,154.15037593984962,5.357142857142857,8.103290405454365,0.049506118236768426,6.545923632610936,1.1908005307386134,0.34089635854341793,-0.01948373221195787,1
1529266,2026-04-15,2026,Lucknow Super Giants,Royal Challengers Bengaluru,"M Chinnaswamy Stadium, Bengaluru",Royal Challengers Bengaluru,field,61,0.5245901639344263,176.45901639344262,175.31147540983608,5.622950819672131,9.056316160903318,271,0.5055350553505535,162.0110701107011,159.28413284132841,5.453874538745388,8.352823555971232,0.019055108583872715,14.447946282741526,16.027342568507663,0.16907628092674365,0.7034926049320855,0
1529267,2026-04-16,2026,Mumbai Indians,Punjab Kings,"Wankhede Stadium, Mumbai",Punjab Kings,field,281,0.5480427046263345,163.05693950177937,156.37366548042704,5.6263345195729535,8.107444878378795,265,0.4716981132075472,162.7811320754717,161.0867924528302,5.316981132075472,8.46508246025713,0.07634459141878736,0.2758074263076651,-4.71312697240316,0.30935338749748187,-0.35763758187833616,0
1529268,2026-04-17,2026,Kolkata Knight Riders,Gujarat Titans,"Narendra Modi Stadium, Ahmedabad",Kolkata Knight Riders,bat,267,0.5093632958801498,157.48314606741573,154.27715355805245,5.355805243445693,8.108395393851907,64,0.609375,177.96875,170.84375,6.078125,8.885818772856563,-0.10001170411985016,-20.48560393258427,-16.566596441947553,-0.7223197565543069,-0.7774233790046559,0
1529269,2026-04-18,2026,Royal Challengers Bengaluru,Delhi Capitals,"M Chinnaswamy Stadium, Bengaluru",Delhi Capitals,field,272,0.5073529411764706,161.96323529411765,159.22426470588235,5.470588235294118,8.348186461914095,266,0.462406015037594,157.2406015037594,158.93233082706766,5.379699248120301,8.249243877849686,0.044946926138876575,4.722633790358259,0.2919338788146888,0.09088898717381699,0.09894258406440848,0
1529270,2026-04-18,2026,Sunrisers Hyderabad,Chennai Super Kings,"Rajiv Gandhi International Stadium, Uppal, Hyderabad",Chennai Super Kings,field,200,0.48,163.04,159.75,5.445,8.329712349004954,256,0.5625,164.12890625,155.3515625,5.703125,8.083059516954032,-0.08250000000000002,-1.088906250000008,4.3984375,-0.2581249999999997,0.2466528320509216,1
1529271,2026-04-19,2026,Rajasthan Royals,Kolkata Knight Riders,"Eden Gardens, Kolkata",Rajasthan Royals,bat,237,0.5063291139240507,160.21097046413502,158.67510548523208,5.2405063291139244,8.263541475920162,268,0.5074626865671642,157.56716417910448,154.36940298507463,5.354477611940299,8.11222588973496,-0.001133572643113534,2.6438062850305357,4.305702500157452,-0.11397128282637414,0.15131558618520202,0
1529272,2026-04-19,2026,Punjab Kings,Lucknow Super Giants,"Maharaja Yadavindra Singh International Cricket Stadium, New Chandigarh",Lucknow Super Giants,field,266,0.47368421052631576,162.91353383458647,161.19924812030075,5.315789473684211,8.469368272047932,62,0.5161290322580645,175.96774193548387,174.82258064516128,5.612903225806452,9.062709030100335,-0.04244482173174874,-13.054208100897398,-13.62333252486053,-0.29711375212224134,-0.5933407580524026,1
1529273,2026-04-20,2026,Mumbai Indians,Gujarat Titans,"Narendra Modi Stadium, Ahmedabad",Gujarat Titans,field,282,0.5460992907801419,163.17021276595744,156.5212765957447,5.617021276595745,8.1192593046784,65,0.6153846153846154,178.01538461538462,170.87692307692308,6.123076923076923,8.882047181127549,-0.06928532460447356,-14.845171849427174,-14.355646481178383,-0.5060556464811778,-0.7627878764491491,1
1529274,2026-04-21,2026,Sunrisers Hyderabad,Delhi Capitals,"Rajiv Gandhi International Stadium, Uppal, Hyderabad",Delhi Capitals,field,201,0.48258706467661694,163.19402985074626,159.86567164179104,5.45771144278607,8.33396732082649,267,0.46441947565543074,157.32209737827716,158.98501872659176,5.385767790262173,8.250801775243772,0.018167589021186203,5.871932472469098,0.8806529151992777,0.07194365252389723,0.08316554558271783,1
1529275,2026-04-22,2026,Rajasthan Royals,Lucknow Super Giants,"Bharat Ratna Shri Atal Bihari Vajpayee Ekana Cricket Stadium, Lucknow",Lucknow Super Giants,field,238,0.5042016806722689,160.1890756302521,158.68067226890756,5.243697478991597,8.262990920030632,63,0.5079365079365079,176.34920634920636,176.03174603174602,5.619047619047619,9.120065789473685,-0.0037348272642390157,-16.160130718954264,-17.351073762838467,-0.37535014005602196,-0.8570748694430534,1
1529276,2026-04-23,2026,Chennai Super Kings,Mumbai Indians,"Wankhede Stadium, Mumbai",Mumbai Indians,field,257,0.5603112840466926,164.20622568093384,155.4669260700389,5.715953307392996,8.087783812961776,283,0.5477031802120141,163.29681978798587,156.32155477031802,5.6325088339222615,8.114021948460856,0.012608103834678475,0.9094058929479729,-0.8546287002791075,0.08344447347073469,-0.026238135499079718,1
1529277,2026-04-24,2026,Gujarat Titans,Royal Challengers Bengaluru,"M Chinnaswamy Stadium, Bengaluru",Royal Challengers Bengaluru,field,66,0.6060606060606061,176.83333333333334,171.22727272727272,6.106060606060606,8.894923258559622,273,0.5054945054945055,162.01098901098902,159.28571428571428,5.465201465201465,8.350188824169493,0.1005661005661006,14.822344322344321,11.941558441558442,0.6408591408591411,0.5447344343901293,0
1529278,2026-04-25,2026,Delhi Capitals,Punjab Kings,"Arun Jaitley Stadium, Delhi",Delhi Capitals,bat,268,0.4626865671641791,157.46268656716418,159.294776119403,5.369402985074627,8.265707186420988,267,0.4756554307116105,163.2546816479401,161.3370786516854,5.314606741573034,8.474997540741713,-0.012968863547431375,-5.791995080775905,-2.042302532282406,0.05479624350159362,-0.20929035432072496,0
1529279,2026-04-25,2026,Rajasthan Royals,Sunrisers Hyderabad,"Sawai Mansingh Stadium, Jaipur",Sunrisers Hyderabad,field,239,0.5062761506276151,160.18410041841005,158.50627615062763,5.2594142259414225,8.25607497003378,202,0.48514851485148514,163.58415841584159,160.03465346534654,5.475247524752476,8.341016599294745,0.02112763577612997,-3.4000579974315315,-1.5283773147189095,-0.21583329881105318,-0.08494162926096571,0
1529280,2026-04-26,2026,Chennai Super Kings,Gujarat Titans,"MA Chidambaram Stadium, Chepauk, Chennai",Gujarat Titans,field,258,0.562015503875969,164.37209302325581,155.26356589147287,5.732558139534884,8.077566795496555,67,0.5970149253731343,177.2537313432836,171.71641791044777,6.08955223880597,8.92321613236815,-0.034999421497165284,-12.881638320027776,-16.45285201897491,-0.35699409927108583,-0.8456493368715954,0
1529282,2026-04-27,2026,Delhi Capitals,Royal Challengers Bengaluru,"Arun Jaitley Stadium, Delhi",Royal Challengers Bengaluru,field,269,0.46096654275092935,157.85873605947955,159.68401486988847,5.364312267657993,8.286605362999163,274,0.5072992700729927,162.17153284671534,159.44160583941607,5.456204379562044,8.356883249378308,-0.04633272732206334,-4.312796787235783,0.2424090304724018,-0.091892111904051,-0.07027788637914512,0
1529283,2026-04-28,2026,Punjab Kings,Rajasthan Royals,"Maharaja Yadavindra Singh International Cricket Stadium, New Chandigarh",Rajasthan Royals,field,268,0.47761194029850745,163.63432835820896,161.72014925373134,5.302238805970149,8.493516673743345,240,0.5041666666666667,160.46666666666667,158.77916666666667,5.258333333333334,8.27154330366833,-0.0265547263681592,3.1676616915422926,2.940982587064667,0.043905472636815546,0.2219733700750144,0
1529284,2026-04-29,2026,Mumbai Indians,Sunrisers Hyderabad,"Wankhede Stadium, Mumbai",Mumbai Indians,bat,284,0.545774647887324,163.08802816901408,156.49647887323943,5.633802816901408,8.122011390978589,203,0.4876847290640394,163.9064039408867,160.36453201970443,5.477832512315271,8.356464447676906,0.05808991882328457,-0.8183757718726099,-3.8680531464650016,0.1559703045861367,-0.2344530566983174,0
1529285,2026-04-30,2026,Royal Challengers Bengaluru,Gujarat Titans,"Narendra Modi Stadium, Ahmedabad",Gujarat Titans,field,275,0.509090909090909,161.8618181818182,159.13454545454545,5.472727272727273,8.344891148895599,68,0.6029411764705882,177.02941176470588,171.48529411764707,6.102941176470588,8.906059063136457,-0.09385026737967916,-15.16759358288769,-12.350748663101626,-0.6302139037433152,-0.5611679142408583,0
1529286,2026-05-01,2026,Rajasthan Royals,Delhi Capitals,"Sawai Mansingh Stadium, Jaipur",Rajasthan Royals,bat,241,0.5062240663900415,160.746887966805,159.00829875518673,5.253112033195021,8.282040198832938,270,0.45925925925925926,157.55185185185186,159.37777777777777,5.348148148148148,8.291063228541152,0.046964807130782216,3.195036114953126,-0.3694790225910367,-0.09503611495312736,-0.00902302970821367,0
1529287,2026-05-02,2026,Mumbai Indians,Chennai Super Kings,"MA Chidambaram Stadium, Chepauk, Chennai",Mumbai Indians,bat,285,0.543859649122807,163.3684210526316,156.80701754385964,5.628070175438596,8.139019578084687,259,0.5598455598455598,164.34749034749035,155.28957528957528,5.718146718146718,8.083068162786804,-0.015985910722752794,-0.9790692948587605,1.5174422542843615,-0.09007654270812182,0.0559514152978835,0
1529288,2026-05-03,2026,Sunrisers Hyderabad,Kolkata Knight Riders,"Rajiv Gandhi International Stadium, Uppal, Hyderabad",Sunrisers Hyderabad,bat,204,0.49019607843137253,164.3235294117647,160.76470588235293,5.4754901960784315,8.375585255809995,269,0.5092936802973977,157.5799256505576,154.36059479553904,5.364312267657993,8.110224942218172,-0.019097601866025216,6.743603761207083,6.404111086813884,0.11117792842043883,0.2653603135918221,0
1529289,2026-05-03,2026,Punjab Kings,Gujarat Titans,"Narendra Modi Stadium, Ahmedabad",Gujarat Titans,field,269,0.4758364312267658,163.85130111524163,161.9628252788104,5.297397769516729,8.505775550710961,69,0.6086956521739131,176.7536231884058,171.20289855072463,6.144927536231884,8.890868038133467,-0.1328592209471473,-12.902322073164186,-9.240073271914213,-0.8475297667151551,-0.3850924874225061,0
1529290,2026-05-04,2026,Lucknow Super Giants,Mumbai Indians,"Wankhede Stadium, Mumbai",Mumbai Indians,field,64,0.5,175.453125,175.75,5.625,9.10032362459547,286,0.541958041958042,163.35314685314685,156.8181818181818,5.615384615384615,8.14122345253222,-0.04195804195804198,12.099978146853147,18.931818181818187,0.009615384615385025,0.9591001720632502,0
1529291,2026-05-05,2026,Delhi Capitals,Chennai Super Kings,"Arun Jaitley Stadium, Delhi",Delhi Capitals,bat,271,0.4612546125461255,157.80442804428046,159.60885608856088,5.350553505535055,8.301845750295895,260,0.5615384615384615,164.33076923076922,155.28846153846155,5.723076923076923,8.081734778982486,-0.10028384899233606,-6.526341186488764,4.320394550099337,-0.3725234175418679,0.2201109713134084,0
1529292,2026-05-06,2026,Sunrisers Hyderabad,Punjab Kings,"Rajiv Gandhi International Stadium, Uppal, Hyderabad",Punjab Kings,field,205,0.4878048780487805,164.32682926829267,160.8,5.463414634146342,8.379257752923234,270,0.4740740740740741,163.84814814814814,161.97407407407408,5.3,8.505056398288604,0.013730803974706385,0.4786811201445289,-1.1740740740740705,0.16341463414634205,-0.12579864536536967,1
1529293,2026-05-07,2026,Lucknow Super Giants,Royal Challengers Bengaluru,"Bharat Ratna Shri Atal Bihari Vajpayee Ekana Cricket Stadium, Lucknow",Royal Challengers Bengaluru,field,65,0.49230769230769234,176.26153846153846,176.53846153846155,5.6,9.145855472901168,276,0.5072463768115942,161.83695652173913,159.1304347826087,5.47463768115942,8.34980988593156,-0.0149386845039019,14.424581939799339,17.40802675585286,0.1253623188405797,0.7960455869696084,1
1529294,2026-05-08,2026,Delhi Capitals,Kolkata Knight Riders,"Arun Jaitley Stadium, Delhi",Kolkata Knight Riders,field,272,0.45955882352941174,157.7941176470588,159.60294117647058,5.338235294117647,8.304278518140661,270,0.5111111111111111,157.62222222222223,154.3962962962963,5.381481481481481,8.1121525638115,-0.05155228758169933,0.1718954248365776,5.206644880174281,-0.043246187363834565,0.19212595432916046,0
1529295,2026-05-09,2026,Gujarat Titans,Rajasthan Royals,"Sawai Mansingh Stadium, Jaipur",Rajasthan Royals,field,70,0.6142857142857143,176.61428571428573,171.07142857142858,6.185714285714286,8.879139891250617,242,0.5041322314049587,161.01239669421489,159.26446280991735,5.243801652892562,8.295440685870071,0.11015348288075566,15.601889020070843,11.806965761511236,0.9419126328217242,0.5836992053805456,1
1529296,2026-05-10,2026,Lucknow Super Giants,Chennai Super Kings,"MA Chidambaram Stadium, Chepauk, Chennai",Chennai Super Kings,field,66,0.5,176.75757575757575,176.87878787878788,5.606060606060606,9.165663438890343,261,0.5632183908045977,164.31034482758622,155.28735632183907,5.724137931034483,8.080412028576175,-0.06321839080459768,12.44723092998953,21.591431556948805,-0.11807732497387669,1.085251410314168,0
1529297,2026-05-10,2026,Mumbai Indians,Royal Challengers Bengaluru,"Shaheed Veer Narayan Singh International Stadium, Raipur",Royal Challengers Bengaluru,field,287,0.5435540069686411,163.58188153310104,157.06620209059233,5.613240418118467,8.153011394465546,277,0.5054151624548736,161.985559566787,159.29241877256317,5.465703971119134,8.358401212350824,0.03813884451376748,1.5963219663140364,-2.2262166819708398,0.14753644699933322,-0.205389817885278,0
1529298,2026-05-11,2026,Punjab Kings,Delhi Capitals,"Himachal Pradesh Cricket Association Stadium, Dharamsala",Delhi Capitals,field,271,0.47232472324723246,163.9889298892989,162.22878228782287,5.295202952029521,8.51685393258427,273,0.45787545787545786,157.73626373626374,159.55677655677655,5.322344322344322,8.309614650896604,0.0144492653717746,6.252666153035165,2.672005731046312,-0.02714137031480135,0.20723928168766648,0
1529299,2026-05-12,2026,Gujarat Titans,Sunrisers Hyderabad,"Narendra Modi Stadium, Ahmedabad",Sunrisers Hyderabad,field,71,0.6197183098591549,177.35211267605635,170.7887323943662,6.23943661971831,8.882431937492369,206,0.49029126213592233,164.66990291262135,161.0,5.470873786407767,8.387961557916034,0.12942704772323255,12.682209763434997,9.788732394366207,0.7685628333105434,0.49447037957633455,1
1529300,2026-05-13,2026,Kolkata Knight Riders,Royal Challengers Bengaluru,"Shaheed Veer Narayan Singh International Stadium, Raipur",Royal Challengers Bengaluru,field,271,0.5129151291512916,157.5830258302583,154.35055350553506,5.387453874538745,8.108228604658677,278,0.5071942446043165,162.00359712230215,159.30575539568346,5.471223021582734,8.357614644272504,0.005720884546975058,-4.42057129204386,-4.955201890148402,-0.08376914704398875,-0.24938603961382633,0
1529301,2026-05-14,2026,Punjab Kings,Mumbai Indians,"Himachal Pradesh Cricket Association Stadium, Dharamsala",Mumbai Indians,field,272,0.47058823529411764,164.15808823529412,162.4264705882353,5.297794117647059,8.527311329859101,288,0.5416666666666666,163.59027777777777,157.09027777777777,5.621527777777778,8.153180753288881,-0.07107843137254899,0.5678104575163445,5.336192810457533,-0.3237336601307188,0.3741305765702201,0
1529302,2026-05-15,2026,Chennai Super Kings,Lucknow Super Giants,"Bharat Ratna Shri Atal Bihari Vajpayee Ekana Cricket Stadium, Lucknow",Lucknow Super Giants,field,262,0.5648854961832062,164.4770992366412,155.4618320610687,5.7251908396946565,8.08823432070164,67,0.4925373134328358,177.1492537313433,177.3134328358209,5.597014925373134,9.187935034802784,0.07234818275037036,-12.672154494702085,-21.8516007747522,0.1281759143215222,-1.0997007141011448,0
1529303,2026-05-16,2026,Kolkata Knight Riders,Gujarat Titans,"Eden Gardens, Kolkata",Gujarat Titans,field,272,0.5110294117647058,157.70955882352942,154.4816176470588,5.382352941176471,8.11490923136346,72,0.625,177.22222222222223,169.59722222222223,6.291666666666667,8.84855072463768,-0.11397058823529416,-19.51266339869281,-15.115604575163417,-0.909313725490196,-0.7336414932742201,1
1529304,2026-05-17,2026,Royal Challengers Bengaluru,Punjab Kings,"Himachal Pradesh Cricket Association Stadium, Dharamsala",Punjab Kings,field,279,0.5089605734767025,162.11827956989248,159.41935483870967,5.462365591397849,8.362098138747886,273,0.46886446886446886,164.28937728937728,162.58241758241758,5.293040293040293,8.534209261336326,0.040096104612233674,-2.1710977194848056,-3.1630627437079113,0.16932529835755616,-0.17211112258843997,1
1529305,2026-05-17,2026,Rajasthan Royals,Delhi Capitals,"Arun Jaitley Stadium, Delhi",Delhi Capitals,field,243,0.5020576131687243,160.97530864197532,159.54320987654322,5.238683127572016,8.308533057113262,274,0.45985401459854014,157.94890510948906,159.72627737226279,5.321167883211679,8.317179779551502,0.042203598570184186,3.026403532486256,-0.1830674957195697,-0.08248475563966284,-0.008646722438239607,0
1529306,2026-05-18,2026,Chennai Super Kings,Sunrisers Hyderabad,"MA Chidambaram Stadium, Chepauk, Chennai",Chennai Super Kings,bat,263,0.5627376425855514,164.56273764258555,155.55893536121673,5.7110266159695815,8.09737753587333,207,0.48792270531400966,164.28985507246378,161.024154589372,5.468599033816425,8.38751887267237,0.0748149372715417,0.27288257012176587,-5.465219228155263,0.24242758215315607,-0.2901413367990404,0
1529307,2026-05-19,2026,Lucknow Super Giants,Rajasthan Royals,"Sawai Mansingh Stadium, Jaipur",Rajasthan Royals,field,68,0.5,177.30882352941177,177.4558823529412,5.588235294117647,9.19040365575019,244,0.5,161.10655737704917,159.6844262295082,5.237704918032787,8.315654679329848,0.0,16.202266152362597,17.771456123432984,0.35053037608486015,0.8747489764203422,0
1529308,2026-05-20,2026,Mumbai Indians,Kolkata Knight Riders,"Eden Gardens, Kolkata",Kolkata Knight Riders,field,289,0.5432525951557093,163.73356401384083,157.21799307958477,5.629757785467128,8.158735859220686,273,0.5128205128205128,158.03663003663004,154.6813186813187,5.377289377289378,8.123893805309734,0.030432082335196564,5.69693397721079,2.5366743982660864,0.2524684081777506,0.03484205391095152,0
1529309,2026-05-21,2026,Gujarat Titans,Chennai Super Kings,"Narendra Modi Stadium, Ahmedabad",Chennai Super Kings,field,73,0.6164383561643836,177.78082191780823,170.64383561643837,6.232876712328767,8.897857142857143,264,0.5606060606060606,164.62121212121212,155.65530303030303,5.708333333333333,8.102730947451445,0.05583229555832303,13.1596097965961,14.988532586135335,0.5245433789954337,0.7951261954056985,1
1529310,2026-05-22,2026,Sunrisers Hyderabad,Royal Challengers Bengaluru,"Rajiv Gandhi International Stadium, Uppal, Hyderabad",Sunrisers Hyderabad,bat,208,0.49038461538461536,164.37019230769232,161.1153846153846,5.475961538461538,8.390585878818227,280,0.5107142857142857,162.33214285714286,159.54642857142858,5.4714285714285715,8.367297246675408,-0.020329670329670313,2.0380494505494653,1.5689560439560353,0.004532967032966795,0.023288632142818955,1
1529311,2026-05-23,2026,Lucknow Super Giants,Punjab Kings,"Bharat Ratna Shri Atal Bihari Vajpayee Ekana Cricket Stadium, Lucknow",Punjab Kings,field,69,0.4927536231884058,177.92753623188406,178.1014492753623,5.536231884057971,9.224821719004128,274,0.46715328467153283,164.4160583941606,162.79562043795622,5.288321167883212,8.543846767757383,0.02560033851687299,13.511477837723476,15.305828837406096,0.24791071617475868,0.6809749512467445,0
1529312,2026-05-24,2026,Rajasthan Royals,Mumbai Indians,"Wankhede Stadium, Mumbai",Mumbai Indians,field,245,0.5020408163265306,161.3673469387755,159.91836734693877,5.228571428571429,8.326426522154925,290,0.5413793103448276,163.67586206896553,157.18275862068967,5.63103448275862,8.157544665493484,-0.03933849401829692,-2.308515130190017,2.7356087262490973,-0.40246305418719164,0.16888185666144118,1
1529313,2026-05-24,2026,Delhi Capitals,Kolkata Knight Riders,"Eden Gardens, Kolkata",Kolkata Knight Riders,field,275,0.4618181818181818,158.0909090909091,159.84,5.330909090909091,8.32184778492995,274,0.5145985401459854,158.0,154.63138686131387,5.383211678832117,8.11977769260253,-0.05278035832780359,0.09090909090909349,5.2086131386861325,-0.05230258792302589,0.20207009232742124,1
1535462,2026-05-26,2026,Royal Challengers Bengaluru,Gujarat Titans,"Himachal Pradesh Cricket Association Stadium, Dharamsala",Gujarat Titans,field,281,0.5088967971530249,162.46619217081852,159.8861209964413,5.4661921708185055,8.383653666728867,74,0.6216216216216216,178.47297297297297,170.22972972972974,6.27027027027027,8.910870077811836,-0.11272482446859666,-16.006780802154452,-10.343608733288448,-0.8040780994517647,-0.5272164110829696,1
1535463,2026-05-27,2026,Rajasthan Royals,Sunrisers Hyderabad,"Maharaja Yadavindra Singh International Cricket Stadium, New Chandigarh",Sunrisers Hyderabad,field,246,0.5040650406504065,161.54471544715446,159.97967479674796,5.2439024390243905,8.328219236059676,209,0.49282296650717705,164.80382775119617,161.29186602870814,5.4688995215311005,8.398106626806179,0.011242074143229419,-3.2591123040417074,-1.3121912319601847,-0.22499708250671002,-0.06988739074650319,1
1535464,2026-05-29,2026,Rajasthan Royals,Gujarat Titans,"Maharaja Yadavindra Singh International Cricket Stadium, New Chandigarh",Rajasthan Royals,bat,247,0.5060728744939271,161.8744939271255,160.1255060728745,5.2631578947368425,8.335593101268046,75,0.6133333333333333,178.25333333333333,171.32,6.253333333333333,8.962334340850964,-0.10726045883940616,-16.378839406207817,-11.194493927125507,-0.9901754385964905,-0.6267412395829179,0
1535465,2026-05-31,2026,Gujarat Titans,Royal Challengers Bengaluru,"Narendra Modi Stadium, Ahmedabad",Royal Challengers Bengaluru,field,76,0.618421052631579,178.78947368421052,171.8815789473684,6.25,8.98624168768631,282,0.5106382978723404,162.79078014184398,159.89007092198582,5.4822695035460995,8.383192339871712,0.1077827547592386,15.998693542366539,11.991508025382586,0.7677304964539005,0.6030493478145971,0
